Date,Time,Booking ID,Booking Status,Customer ID,Vehicle Type,Pickup Location,Drop Location,Avg VTAT,Avg CTAT,Cancelled Rides by Customer,Reason for cancelling by Customer,Cancelled Rides by Driver,Driver Cancellation Reason,Incomplete Rides,Incomplete Rides Reason,Booking Value,Ride Distance,Driver Ratings,Customer Rating,Payment Method,DateTime,Year,Month,Month_Name,Day,Day_of_Week,Day_Name,Hour,Is_Weekend,Time_Period,Is_Completed,Is_Cancelled,Is_Incomplete,Is_No_Driver_Found,Booking_Outcome,Revenue,Fare_Per_KM,Has_Booking_Value,Has_Ride_Distance,Has_Driver_Rating,Has_Customer_Rating,Has_Payment_Method,Has_VTAT,Has_CTAT
2024-07-21,17:59:41,CNR1026036,No Driver Found,CID6974869,Go Mini,Seelampur,Nehru Place,,,,,,,,,,,,,,2024-07-21 17:59:41,2024,7,July,21,6,Sunday,17,1,Evening,0,0,0,1,No Driver Found,0.0,,0,0,0,0,0,0,0
2024-10-15,18:17:23,CNR1026036,Completed,CID6480133,Go Mini,Khandsa,Ashok Vihar,3.8,43.3,,,,,,,102.0,36.51,4.9,4.2,UPI,2024-10-15 18:17:23,2024,10,October,15,1,Tuesday,18,0,Evening,1,0,0,0,Completed,102.0,2.7937551355792936,1,1,1,1,1,1,1
2024-12-17,19:19:02,CNR1029172,Completed,CID6382731,Auto,Inderlok,Laxmi Nagar,6.9,34.4,,,,,,,332.0,36.38,4.3,4.3,UPI,2024-12-17 19:19:02,2024,12,December,17,1,Tuesday,19,0,Evening,1,0,0,0,Completed,332.0,9.125893347993403,1,1,1,1,1,1,1
2024-01-19,17:00:57,CNR1029172,Incomplete,CID2615731,Bike,Jhilmil,Narsinghpur,4.7,26.7,,,,,1.0,Customer Demand,429.0,16.16,,,UPI,2024-01-19 17:00:57,2024,1,January,19,4,Friday,17,0,Evening,0,0,1,0,Incomplete,0.0,,1,1,0,0,1,1,1
2024-11-05,16:50:20,CNR1051228,Completed,CID3177617,Auto,Dwarka Sector 21,Nehru Place,8.5,24.8,,,,,,,246.0,4.8,4.6,4.5,UPI,2024-11-05 16:50:20,2024,11,November,5,1,Tuesday,16,0,Afternoon,1,0,0,0,Completed,246.0,51.25,1,1,1,1,1,1,1
2024-01-31,08:42:04,CNR1051228,Completed,CID5242056,Premier Sedan,Arjangarh,Yamuna Bank,14.2,25.4,,,,,,,930.0,13.06,3.4,4.2,Cash,2024-01-31 08:42:04,2024,1,January,31,2,Wednesday,8,0,Morning,1,0,0,0,Completed,930.0,71.20980091883614,1,1,1,1,1,1,1
2024-04-20,23:16:21,CNR1056023,Completed,CID9367665,Premier Sedan,Badshahpur,Sultanpur,7.1,25.7,,,,,,,116.0,46.54,3.8,5.0,Credit Card,2024-04-20 23:16:21,2024,4,April,20,5,Saturday,23,1,Late Evening,1,0,0,0,Completed,116.0,2.4924795874516543,1,1,1,1,1,1,1
2024-07-07,17:18:49,CNR1056023,Incomplete,CID4890470,Go Sedan,Meerut,Tilak Nagar,6.6,24.2,,,,,1.0,Customer Demand,420.0,5.13,,,Uber Wallet,2024-07-07 17:18:49,2024,7,July,7,6,Sunday,17,1,Evening,0,0,1,0,Incomplete,0.0,,1,1,0,0,1,1,1
2024-02-12,19:02:47,CNR1058956,Cancelled by Customer,CID2451799,Premier Sedan,Patel Chowk,Kaushambi,19.9,,1.0,Wrong Address,,,,,,,,,,2024-02-12 19:02:47,2024,2,February,12,0,Monday,19,0,Evening,0,1,0,0,Customer Cancelled,0.0,,0,0,0,0,0,1,0
2024-10-15,13:33:55,CNR1058956,Completed,CID1882606,Go Mini,Badshahpur,MG Road,3.7,20.2,,,,,,,194.0,24.65,4.3,4.3,Cash,2024-10-15 13:33:55,2024,10,October,15,1,Tuesday,13,0,Afternoon,1,0,0,0,Completed,194.0,7.870182555780934,1,1,1,1,1,1,1
2024-03-24,11:11:19,CNR1071255,Cancelled by Driver,CID4222557,Go Mini,MG Road,Moolchand,3.2,,,,1.0,Personal & Car related issues,,,,,,,,2024-03-24 11:11:19,2024,3,March,24,6,Sunday,11,1,Morning,0,1,0,0,Driver Cancelled,0.0,,0,0,0,0,0,1,0
2024-03-21,07:35:07,CNR1071255,Completed,CID4439810,Go Sedan,Ghaziabad,Ramesh Nagar,7.0,34.3,,,,,,,436.0,15.37,4.3,4.3,Cash,2024-03-21 07:35:07,2024,3,March,21,3,Thursday,7,0,Morning,1,0,0,0,Completed,436.0,28.366948601171114,1,1,1,1,1,1,1
2024-10-07,20:06:47,CNR1076471,Completed,CID8425781,Go Sedan,Ashok Vihar,Yamuna Bank,4.0,26.1,,,,,,,116.0,24.14,4.2,4.6,UPI,2024-10-07 20:06:47,2024,10,October,7,0,Monday,20,0,Evening,1,0,0,0,Completed,116.0,4.8053024026512015,1,1,1,1,1,1,1
2024-02-12,12:58:19,CNR1076471,Completed,CID3616321,Bike,Rohini West,Anand Vihar ISBT,14.3,41.4,,,,,,,976.0,47.37,4.3,4.3,Uber Wallet,2024-02-12 12:58:19,2024,2,February,12,0,Monday,12,0,Afternoon,1,0,0,0,Completed,976.0,20.603757652522695,1,1,1,1,1,1,1
2024-11-05,17:32:53,CNR1077779,Cancelled by Customer,CID6213303,Premier Sedan,Greater Kailash,Madipur,19.0,,1.0,Driver is not moving towards pickup location,,,,,,,,,,2024-11-05 17:32:53,2024,11,November,5,1,Tuesday,17,0,Evening,0,1,0,0,Customer Cancelled,0.0,,0,0,0,0,0,1,0
2024-08-20,11:29:28,CNR1077779,Completed,CID2252556,Go Mini,Vasant Kunj,Indraprastha,8.8,26.1,,,,,,,889.0,40.35,4.3,4.7,Cash,2024-08-20 11:29:28,2024,8,August,20,1,Tuesday,11,0,Morning,1,0,0,0,Completed,889.0,22.032218091697644,1,1,1,1,1,1,1
2024-12-15,09:21:59,CNR1079962,Completed,CID1210517,Auto,Nirman Vihar,Maidan Garhi,14.6,27.7,,,,,,,117.0,13.96,3.1,4.9,UPI,2024-12-15 09:21:59,2024,12,December,15,6,Sunday,9,1,Morning,1,0,0,0,Completed,117.0,8.3810888252149,1,1,1,1,1,1,1
2024-11-27,20:54:07,CNR1079962,Completed,CID1039185,Go Sedan,Mansarovar Park,Model Town,2.9,42.5,,,,,,,331.0,19.73,4.3,4.2,Cash,2024-11-27 20:54:07,2024,11,November,27,2,Wednesday,20,0,Evening,1,0,0,0,Completed,331.0,16.776482513938166,1,1,1,1,1,1,1
2024-08-13,10:39:17,CNR1091682,Completed,CID1590844,eBike,Punjabi Bagh,Khan Market,7.4,43.0,,,,,,,786.0,5.59,4.6,4.3,Credit Card,2024-08-13 10:39:17,2024,8,August,13,1,Tuesday,10,0,Morning,1,0,0,0,Completed,786.0,140.608228980322,1,1,1,1,1,1,1
2024-07-04,15:46:39,CNR1091682,Cancelled by Customer,CID1131593,Go Mini,Vishwavidyalaya,Botanical Garden,13.7,,1.0,Change of plans,,,,,,,,,,2024-07-04 15:46:39,2024,7,July,4,3,Thursday,15,0,Afternoon,0,1,0,0,Customer Cancelled,0.0,,0,0,0,0,0,1,0
2024-07-28,02:06:31,CNR1125525,Cancelled by Driver,CID5846635,eBike,Nehru Place,Sohna Road,8.8,,,,1.0,The customer was coughing/sick,,,,,,,,2024-07-28 02:06:31,2024,7,July,28,6,Sunday,2,1,Night,0,1,0,0,Driver Cancelled,0.0,,0,0,0,0,0,1,0
2024-09-18,10:08:25,CNR1125525,Cancelled by Customer,CID1702916,Auto,Seelampur,Chhatarpur,8.6,,1.0,Driver asked to cancel,,,,,,,,,,2024-09-18 10:08:25,2024,9,September,18,2,Wednesday,10,0,Morning,0,1,0,0,Customer Cancelled,0.0,,0,0,0,0,0,1,0
2024-01-30,20:38:35,CNR1129818,Cancelled by Driver,CID8993312,Bike,Civil Lines Gurgaon,Manesar,3.4,,,,1.0,The customer was coughing/sick,,,,,,,,2024-01-30 20:38:35,2024,1,January,30,1,Tuesday,20,0,Evening,0,1,0,0,Driver Cancelled,0.0,,0,0,0,0,0,1,0
2024-02-02,10:53:00,CNR1129818,Completed,CID9692280,Bike,Greater Kailash,Ramesh Nagar,12.3,21.9,,,,,,,283.0,7.87,4.5,4.2,Cash,2024-02-02 10:53:00,2024,2,February,2,4,Friday,10,0,Morning,1,0,0,0,Completed,283.0,35.95933926302414,1,1,1,1,1,1,1
2024-06-22,05:06:13,CNR1130025,Cancelled by Driver,CID5686876,Auto,Subhash Nagar,Kaushambi,4.6,,,,1.0,The customer was coughing/sick,,,,,,,,2024-06-22 05:06:13,2024,6,June,22,5,Saturday,5,1,Night,0,1,0,0,Driver Cancelled,0.0,,0,0,0,0,0,1,0
2024-11-17,12:20:34,CNR1130025,Completed,CID4646812,Bike,Gurgaon Sector 29,Kanhaiya Nagar,9.9,22.7,,,,,,,1229.0,9.84,4.3,3.4,UPI,2024-11-17 12:20:34,2024,11,November,17,6,Sunday,12,1,Afternoon,1,0,0,0,Completed,1229.0,124.89837398373984,1,1,1,1,1,1,1
2024-12-30,18:18:50,CNR1143952,Completed,CID6138660,Bike,IGI Airport,Rajouri Garden,3.0,18.9,,,,,,,406.0,21.5,4.2,4.4,Debit Card,2024-12-30 18:18:50,2024,12,December,30,0,Monday,18,0,Evening,1,0,0,0,Completed,406.0,18.88372093023256,1,1,1,1,1,1,1
2024-01-17,15:04:57,CNR1143952,Cancelled by Driver,CID1795030,Auto,Noida Sector 62,Ghitorni Village,9.8,,,,1.0,Personal & Car related issues,,,,,,,,2024-01-17 15:04:57,2024,1,January,17,2,Wednesday,15,0,Afternoon,0,1,0,0,Driver Cancelled,0.0,,0,0,0,0,0,1,0
2024-06-26,05:50:14,CNR1156110,No Driver Found,CID9436591,Go Mini,Qutub Minar,Huda City Centre,,,,,,,,,,,,,,2024-06-26 05:50:14,2024,6,June,26,2,Wednesday,5,0,Night,0,0,0,1,No Driver Found,0.0,,0,0,0,0,0,0,0
2024-07-26,11:40:42,CNR1156110,Cancelled by Customer,CID6894365,Premier Sedan,Jor Bagh,Welcome,15.7,,1.0,Driver asked to cancel,,,,,,,,,,2024-07-26 11:40:42,2024,7,July,26,4,Friday,11,0,Morning,0,1,0,0,Customer Cancelled,0.0,,0,0,0,0,0,1,0
2024-01-04,18:32:18,CNR1170107,Completed,CID9384995,Go Sedan,Tilak Nagar,Vatika Chowk,14.7,35.0,,,,,,,861.0,3.26,3.9,3.0,Uber Wallet,2024-01-04 18:32:18,2024,1,January,4,3,Thursday,18,0,Evening,1,0,0,0,Completed,861.0,264.11042944785277,1,1,1,1,1,1,1
2024-05-09,11:42:36,CNR1170107,Cancelled by Driver,CID1537970,Auto,Patel Chowk,Madipur,8.3,,,,1.0,More than permitted people in there,,,,,,,,2024-05-09 11:42:36,2024,5,May,9,3,Thursday,11,0,Morning,0,1,0,0,Driver Cancelled,0.0,,0,0,0,0,0,1,0
2024-04-08,12:16:53,CNR1179739,Cancelled by Driver,CID4465093,Premier Sedan,Jor Bagh,Sonipat,8.3,,,,1.0,The customer was coughing/sick,,,,,,,,2024-04-08 12:16:53,2024,4,April,8,0,Monday,12,0,Afternoon,0,1,0,0,Driver Cancelled,0.0,,0,0,0,0,0,1,0
2024-04-23,09:16:10,CNR1179739,No Driver Found,CID8468490,Go Sedan,Jahangirpuri,Udyog Vihar Phase 4,,,,,,,,,,,,,,2024-04-23 09:16:10,2024,4,April,23,1,Tuesday,9,0,Morning,0,0,0,1,No Driver Found,0.0,,0,0,0,0,0,0,0
2024-01-06,17:23:43,CNR1194419,No Driver Found,CID6224212,Go Mini,Saket,DLF Phase 3,,,,,,,,,,,,,,2024-01-06 17:23:43,2024,1,January,6,5,Saturday,17,1,Evening,0,0,0,1,No Driver Found,0.0,,0,0,0,0,0,0,0
2024-04-25,16:29:55,CNR1194419,Completed,CID5281334,Go Mini,ITO,Rohini West,13.2,39.8,,,,,,,411.0,11.57,3.1,5.0,UPI,2024-04-25 16:29:55,2024,4,April,25,3,Thursday,16,0,Afternoon,1,0,0,0,Completed,411.0,35.522904062229905,1,1,1,1,1,1,1
2024-09-27,14:03:28,CNR1196124,Completed,CID6000627,Go Mini,Nehru Place,Laxmi Nagar,6.4,21.5,,,,,,,118.0,19.61,4.2,4.9,UPI,2024-09-27 14:03:28,2024,9,September,27,4,Friday,14,0,Afternoon,1,0,0,0,Completed,118.0,6.0173380928097915,1,1,1,1,1,1,1
2024-08-07,16:13:48,CNR1196124,Completed,CID9825687,Auto,Malviya Nagar,Noida Sector 18,3.6,25.6,,,,,,,159.0,33.21,3.9,3.7,Uber Wallet,2024-08-07 16:13:48,2024,8,August,7,2,Wednesday,16,0,Afternoon,1,0,0,0,Completed,159.0,4.787714543812105,1,1,1,1,1,1,1
2024-01-27,06:29:52,CNR1197269,Completed,CID2560362,Go Mini,Preet Vihar,Anand Vihar,6.5,16.6,,,,,,,798.0,22.48,4.2,3.0,UPI,2024-01-27 06:29:52,2024,1,January,27,5,Saturday,6,1,Morning,1,0,0,0,Completed,798.0,35.49822064056939,1,1,1,1,1,1,1
2024-10-12,08:41:57,CNR1197269,Completed,CID8132217,Go Mini,New Colony,Mayur Vihar,12.6,26.3,,,,,,,458.0,20.84,4.7,4.2,Cash,2024-10-12 08:41:57,2024,10,October,12,5,Saturday,8,1,Morning,1,0,0,0,Completed,458.0,21.976967370441457,1,1,1,1,1,1,1
2024-11-06,07:19:59,CNR1197334,Completed,CID8275402,Bike,Rajiv Chowk,Preet Vihar,8.6,42.9,,,,,,,861.0,39.58,3.3,4.2,Cash,2024-11-06 07:19:59,2024,11,November,6,2,Wednesday,7,0,Morning,1,0,0,0,Completed,861.0,21.753410813542192,1,1,1,1,1,1,1
2024-03-30,13:24:41,CNR1197334,Completed,CID4811646,Premier Sedan,Welcome,Sarai Kale Khan,3.8,29.7,,,,,,,419.0,38.83,3.8,4.3,Cash,2024-03-30 13:24:41,2024,3,March,30,5,Saturday,13,1,Afternoon,1,0,0,0,Completed,419.0,10.79062580479011,1,1,1,1,1,1,1
2024-01-30,09:49:29,CNR1197994,Incomplete,CID2020911,eBike,Panchsheel Park,Pitampura,4.7,15.0,,,,,1.0,Customer Demand,260.0,2.25,,,Cash,2024-01-30 09:49:29,2024,1,January,30,1,Tuesday,9,0,Morning,0,0,1,0,Incomplete,0.0,,1,1,0,0,1,1,1
2024-06-03,17:47:40,CNR1197994,Completed,CID1842431,Auto,Laxmi Nagar,Subhash Nagar,13.6,26.2,,,,,,,762.0,24.47,4.5,4.9,UPI,2024-06-03 17:47:40,2024,6,June,3,0,Monday,17,0,Evening,1,0,0,0,Completed,762.0,31.140171638741318,1,1,1,1,1,1,1
2024-12-16,16:45:13,CNR1205744,Cancelled by Driver,CID6734392,Go Sedan,Yamuna Bank,Jahangirpuri,3.6,,,,1.0,Customer related issue,,,,,,,,2024-12-16 16:45:13,2024,12,December,16,0,Monday,16,0,Afternoon,0,1,0,0,Driver Cancelled,0.0,,0,0,0,0,0,1,0
2024-04-16,15:49:30,CNR1205744,Cancelled by Customer,CID5537003,eBike,Sushant Lok,Noida Sector 18,7.5,,1.0,Driver is not moving towards pickup location,,,,,,,,,,2024-04-16 15:49:30,2024,4,April,16,1,Tuesday,15,0,Afternoon,0,1,0,0,Customer Cancelled,0.0,,0,0,0,0,0,1,0
2024-04-10,19:20:47,CNR1217171,Cancelled by Customer,CID3010412,Go Sedan,Udyog Vihar Phase 4,Panchsheel Park,6.9,,1.0,Driver is not moving towards pickup location,,,,,,,,,,2024-04-10 19:20:47,2024,4,April,10,2,Wednesday,19,0,Evening,0,1,0,0,Customer Cancelled,0.0,,0,0,0,0,0,1,0
2024-04-05,09:02:32,CNR1217171,Completed,CID1674866,Bike,Nehru Place,Mehrauli,7.7,31.4,,,,,,,845.0,34.22,4.2,4.6,Cash,2024-04-05 09:02:32,2024,4,April,5,4,Friday,9,0,Morning,1,0,0,0,Completed,845.0,24.69316189362946,1,1,1,1,1,1,1
2024-10-10,10:18:32,CNR1227355,Cancelled by Customer,CID3685348,Go Mini,Nirman Vihar,Ghaziabad,14.0,,1.0,AC is not working,,,,,,,,,,2024-10-10 10:18:32,2024,10,October,10,3,Thursday,10,0,Morning,0,1,0,0,Customer Cancelled,0.0,,0,0,0,0,0,1,0
2024-03-26,07:16:59,CNR1227355,Completed,CID1574747,Auto,Jor Bagh,Lajpat Nagar,7.7,20.4,,,,,,,431.0,23.43,4.1,4.7,UPI,2024-03-26 07:16:59,2024,3,March,26,1,Tuesday,7,0,Morning,1,0,0,0,Completed,431.0,18.395219803670507,1,1,1,1,1,1,1
2024-05-08,19:08:21,CNR1232977,No Driver Found,CID5003618,eBike,Connaught Place,Golf Course Road,,,,,,,,,,,,,,2024-05-08 19:08:21,2024,5,May,8,2,Wednesday,19,0,Evening,0,0,0,1,No Driver Found,0.0,,0,0,0,0,0,0,0
2024-03-14,09:12:38,CNR1232977,Completed,CID9425453,Premier Sedan,India Gate,Sarai Kale Khan,5.9,35.8,,,,,,,584.0,12.74,4.4,4.9,UPI,2024-03-14 09:12:38,2024,3,March,14,3,Thursday,9,0,Morning,1,0,0,0,Completed,584.0,45.83987441130298,1,1,1,1,1,1,1
2024-03-25,08:22:12,CNR1237120,No Driver Found,CID8492596,Go Sedan,Qutub Minar,Patel Chowk,,,,,,,,,,,,,,2024-03-25 08:22:12,2024,3,March,25,0,Monday,8,0,Morning,0,0,0,1,No Driver Found,0.0,,0,0,0,0,0,0,0
2024-03-08,07:24:12,CNR1237120,Completed,CID6327083,Go Sedan,Udyog Bhawan,Yamuna Bank,5.1,15.4,,,,,,,505.0,33.49,4.4,4.9,Credit Card,2024-03-08 07:24:12,2024,3,March,8,4,Friday,7,0,Morning,1,0,0,0,Completed,505.0,15.079128097939682,1,1,1,1,1,1,1
2024-05-26,15:33:36,CNR1237962,Completed,CID1570564,Bike,Chhatarpur,Civil Lines Gurgaon,14.6,41.2,,,,,,,2023.0,12.79,4.1,4.5,UPI,2024-05-26 15:33:36,2024,5,May,26,6,Sunday,15,1,Afternoon,1,0,0,0,Completed,2023.0,158.1704456606724,1,1,1,1,1,1,1
2024-05-24,17:00:20,CNR1237962,Completed,CID1820621,Go Mini,Lajpat Nagar,Mehrauli,4.6,25.6,,,,,,,63.0,5.61,4.1,3.7,Uber Wallet,2024-05-24 17:00:20,2024,5,May,24,4,Friday,17,0,Evening,1,0,0,0,Completed,63.0,11.22994652406417,1,1,1,1,1,1,1
2024-11-02,21:43:19,CNR1241798,Completed,CID6948761,Uber XL,Samaypur Badli,Adarsh Nagar,3.9,21.4,,,,,,,251.0,36.42,4.2,4.0,UPI,2024-11-02 21:43:19,2024,11,November,2,5,Saturday,21,1,Late Evening,1,0,0,0,Completed,251.0,6.891817682591982,1,1,1,1,1,1,1
2024-11-26,11:12:15,CNR1241798,Incomplete,CID7549492,Uber XL,Maidan Garhi,Sultanpur,3.3,27.9,,,,,1.0,Vehicle Breakdown,828.0,16.78,,,Cash,2024-11-26 11:12:15,2024,11,November,26,1,Tuesday,11,0,Morning,0,0,1,0,Incomplete,0.0,,1,1,0,0,1,1,1
2024-11-23,22:39:47,CNR1244669,Incomplete,CID6820196,Auto,Saket A Block,Sushant Lok,3.2,11.5,,,,,1.0,Other Issue,703.0,14.49,,,UPI,2024-11-23 22:39:47,2024,11,November,23,5,Saturday,22,1,Late Evening,0,0,1,0,Incomplete,0.0,,1,1,0,0,1,1,1
2024-07-04,10:12:44,CNR1244669,Cancelled by Customer,CID1089562,Bike,Okhla,Green Park,5.3,,1.0,Driver asked to cancel,,,,,,,,,,2024-07-04 10:12:44,2024,7,July,4,3,Thursday,10,0,Morning,0,1,0,0,Customer Cancelled,0.0,,0,0,0,0,0,1,0
2024-01-04,14:56:17,CNR1260924,Cancelled by Driver,CID6560266,eBike,Rajouri Garden,Botanical Garden,10.2,,,,1.0,The customer was coughing/sick,,,,,,,,2024-01-04 14:56:17,2024,1,January,4,3,Thursday,14,0,Afternoon,0,1,0,0,Driver Cancelled,0.0,,0,0,0,0,0,1,0
2024-08-30,20:52:59,CNR1260924,Completed,CID9869891,Premier Sedan,Central Secretariat,Mansarovar Park,5.1,27.1,,,,,,,61.0,29.68,4.2,3.6,Cash,2024-08-30 20:52:59,2024,8,August,30,4,Friday,20,0,Evening,1,0,0,0,Completed,61.0,2.055256064690027,1,1,1,1,1,1,1
2024-11-20,08:33:27,CNR1262874,Completed,CID3154313,Go Sedan,Adarsh Nagar,Lok Kalyan Marg,12.3,30.5,,,,,,,71.0,29.34,4.3,4.2,Uber Wallet,2024-11-20 08:33:27,2024,11,November,20,2,Wednesday,8,0,Morning,1,0,0,0,Completed,71.0,2.419904567143831,1,1,1,1,1,1,1
2024-10-17,19:01:54,CNR1262874,Cancelled by Driver,CID7587695,Go Sedan,Qutub Minar,Preet Vihar,7.0,,,,1.0,Customer related issue,,,,,,,,2024-10-17 19:01:54,2024,10,October,17,3,Thursday,19,0,Evening,0,1,0,0,Driver Cancelled,0.0,,0,0,0,0,0,1,0
2024-03-12,20:59:04,CNR1275970,Cancelled by Driver,CID9047745,Premier Sedan,Hauz Rani,Bahadurgarh,11.0,,,,1.0,The customer was coughing/sick,,,,,,,,2024-03-12 20:59:04,2024,3,March,12,1,Tuesday,20,0,Evening,0,1,0,0,Driver Cancelled,0.0,,0,0,0,0,0,1,0
2024-01-23,16:18:30,CNR1275970,Cancelled by Driver,CID9601488,Premier Sedan,Karol Bagh,Govindpuri,4.6,,,,1.0,Customer related issue,,,,,,,,2024-01-23 16:18:30,2024,1,January,23,1,Tuesday,16,0,Afternoon,0,1,0,0,Driver Cancelled,0.0,,0,0,0,0,0,1,0
2024-02-04,16:15:55,CNR1286993,Completed,CID2828891,Go Sedan,Kaushambi,Vatika Chowk,3.8,35.0,,,,,,,1212.0,6.72,4.1,4.8,Uber Wallet,2024-02-04 16:15:55,2024,2,February,4,6,Sunday,16,1,Afternoon,1,0,0,0,Completed,1212.0,180.35714285714286,1,1,1,1,1,1,1
2024-05-27,19:00:15,CNR1286993,Completed,CID3459762,Premier Sedan,MG Road,GTB Nagar,8.1,21.1,,,,,,,252.0,11.39,4.7,4.3,UPI,2024-05-27 19:00:15,2024,5,May,27,0,Monday,19,0,Evening,1,0,0,0,Completed,252.0,22.12467076382792,1,1,1,1,1,1,1
2024-10-26,06:07:28,CNR1296254,Completed,CID6430186,eBike,Hauz Rani,Bahadurgarh,2.8,30.9,,,,,,,271.0,27.17,4.1,4.2,UPI,2024-10-26 06:07:28,2024,10,October,26,5,Saturday,6,1,Morning,1,0,0,0,Completed,271.0,9.974236290025763,1,1,1,1,1,1,1
2024-04-22,08:34:05,CNR1296254,Completed,CID5067342,Auto,Munirka,Sadar Bazar Gurgaon,7.8,43.8,,,,,,,847.0,16.55,4.2,4.9,Cash,2024-04-22 08:34:05,2024,4,April,22,0,Monday,8,0,Morning,1,0,0,0,Completed,847.0,51.17824773413897,1,1,1,1,1,1,1
2024-02-01,20:10:40,CNR1301875,Completed,CID6843267,Go Mini,Delhi Gate,Bahadurgarh,14.5,37.0,,,,,,,179.0,40.14,4.1,4.5,Uber Wallet,2024-02-01 20:10:40,2024,2,February,1,3,Thursday,20,0,Evening,1,0,0,0,Completed,179.0,4.459392127553563,1,1,1,1,1,1,1
2024-01-23,10:49:07,CNR1301875,Incomplete,CID3776357,Bike,Sarai Kale Khan,Samaypur Badli,8.5,15.9,,,,,1.0,Customer Demand,302.0,7.39,,,Cash,2024-01-23 10:49:07,2024,1,January,23,1,Tuesday,10,0,Morning,0,0,1,0,Incomplete,0.0,,1,1,0,0,1,1,1
2024-08-16,11:42:48,CNR1319633,Completed,CID6418625,Go Sedan,Tughlakabad,Seelampur,6.6,17.9,,,,,,,421.0,49.67,3.8,4.3,UPI,2024-08-16 11:42:48,2024,8,August,16,4,Friday,11,0,Morning,1,0,0,0,Completed,421.0,8.475941211999194,1,1,1,1,1,1,1
2024-10-04,11:59:37,CNR1319633,Completed,CID3521169,eBike,Saidulajab,Lok Kalyan Marg,9.7,16.5,,,,,,,587.0,47.11,4.3,3.5,Debit Card,2024-10-04 11:59:37,2024,10,October,4,4,Friday,11,0,Morning,1,0,0,0,Completed,587.0,12.460199533007854,1,1,1,1,1,1,1
2024-12-11,16:57:54,CNR1326392,Cancelled by Customer,CID5959245,Auto,Azadpur,Cyber Hub,14.9,,1.0,Driver asked to cancel,,,,,,,,,,2024-12-11 16:57:54,2024,12,December,11,2,Wednesday,16,0,Afternoon,0,1,0,0,Customer Cancelled,0.0,,0,0,0,0,0,1,0
2024-09-06,09:34:06,CNR1326392,Completed,CID5629038,Go Mini,Sarai Kale Khan,Model Town,10.7,34.1,,,,,,,307.0,30.11,4.7,4.6,UPI,2024-09-06 09:34:06,2024,9,September,6,4,Friday,9,0,Morning,1,0,0,0,Completed,307.0,10.19594818997011,1,1,1,1,1,1,1
2024-11-09,08:24:40,CNR1340328,No Driver Found,CID9772720,Go Sedan,Delhi Gate,Kalkaji,,,,,,,,,,,,,,2024-11-09 08:24:40,2024,11,November,9,5,Saturday,8,1,Morning,0,0,0,1,No Driver Found,0.0,,0,0,0,0,0,0,0
2024-10-09,10:43:12,CNR1340328,Completed,CID1372280,Premier Sedan,Pitampura,Kalkaji,11.2,39.0,,,,,,,435.0,39.09,4.6,4.3,Cash,2024-10-09 10:43:12,2024,10,October,9,2,Wednesday,10,0,Morning,1,0,0,0,Completed,435.0,11.128165771297006,1,1,1,1,1,1,1
2024-01-18,15:19:35,CNR1345690,Cancelled by Customer,CID1757801,Premier Sedan,Jama Masjid,Inderlok,8.8,,1.0,Driver asked to cancel,,,,,,,,,,2024-01-18 15:19:35,2024,1,January,18,3,Thursday,15,0,Afternoon,0,1,0,0,Customer Cancelled,0.0,,0,0,0,0,0,1,0
2024-02-21,12:21:29,CNR1345690,Incomplete,CID8215744,Go Sedan,Madipur,Mehrauli,8.7,28.5,,,,,1.0,Vehicle Breakdown,447.0,3.15,,,Cash,2024-02-21 12:21:29,2024,2,February,21,2,Wednesday,12,0,Afternoon,0,0,1,0,Incomplete,0.0,,1,1,0,0,1,1,1
2024-11-03,07:50:46,CNR1346763,Completed,CID2995953,eBike,Azadpur,Gurgaon Sector 56,6.6,40.7,,,,,,,1130.0,42.71,4.2,4.3,UPI,2024-11-03 07:50:46,2024,11,November,3,6,Sunday,7,1,Morning,1,0,0,0,Completed,1130.0,26.457504097401078,1,1,1,1,1,1,1
2024-04-09,02:45:24,CNR1346763,Completed,CID7456777,Bike,Hero Honda Chowk,Nawada,2.0,43.1,,,,,,,638.0,39.06,3.8,4.0,UPI,2024-04-09 02:45:24,2024,4,April,9,1,Tuesday,2,0,Night,1,0,0,0,Completed,638.0,16.33384536610343,1,1,1,1,1,1,1
2024-12-16,19:50:17,CNR1349370,Completed,CID5638463,Go Mini,Paharganj,Manesar,4.3,42.1,,,,,,,196.0,46.2,4.8,4.2,Cash,2024-12-16 19:50:17,2024,12,December,16,0,Monday,19,0,Evening,1,0,0,0,Completed,196.0,4.242424242424242,1,1,1,1,1,1,1
2024-04-18,18:07:03,CNR1349370,Cancelled by Driver,CID9844201,Bike,Noida Sector 62,Narsinghpur,4.0,,,,1.0,The customer was coughing/sick,,,,,,,,2024-04-18 18:07:03,2024,4,April,18,3,Thursday,18,0,Evening,0,1,0,0,Driver Cancelled,0.0,,0,0,0,0,0,1,0
2024-01-12,05:39:55,CNR1349746,Cancelled by Customer,CID1094293,Auto,Gurgaon Railway Station,Karkarduma,17.1,,1.0,Wrong Address,,,,,,,,,,2024-01-12 05:39:55,2024,1,January,12,4,Friday,5,0,Night,0,1,0,0,Customer Cancelled,0.0,,0,0,0,0,0,1,0
2024-07-13,17:48:46,CNR1349746,Completed,CID5013289,Bike,Subhash Nagar,Paharganj,2.8,29.3,,,,,,,521.0,13.19,3.7,4.3,Cash,2024-07-13 17:48:46,2024,7,July,13,5,Saturday,17,1,Evening,1,0,0,0,Completed,521.0,39.49962092494314,1,1,1,1,1,1,1
2024-09-20,22:51:16,CNR1349895,Completed,CID5198306,Premier Sedan,Jama Masjid,Mayur Vihar,6.8,32.1,,,,,,,179.0,27.6,4.4,4.9,Debit Card,2024-09-20 22:51:16,2024,9,September,20,4,Friday,22,0,Late Evening,1,0,0,0,Completed,179.0,6.4855072463768115,1,1,1,1,1,1,1
2024-10-26,14:18:50,CNR1349895,Cancelled by Customer,CID9205972,Go Sedan,Faridabad Sector 15,Ashok Vihar,5.6,,1.0,AC is not working,,,,,,,,,,2024-10-26 14:18:50,2024,10,October,26,5,Saturday,14,1,Afternoon,0,1,0,0,Customer Cancelled,0.0,,0,0,0,0,0,1,0
2024-05-19,09:34:47,CNR1394743,Completed,CID1212329,Go Mini,Paschim Vihar,Pragati Maidan,8.6,25.8,,,,,,,1107.0,12.3,3.7,4.6,UPI,2024-05-19 09:34:47,2024,5,May,19,6,Sunday,9,1,Morning,1,0,0,0,Completed,1107.0,90.0,1,1,1,1,1,1,1
2024-02-07,19:18:47,CNR1394743,Cancelled by Driver,CID8273174,eBike,Indraprastha,Kaushambi,6.8,,,,1.0,Customer related issue,,,,,,,,2024-02-07 19:18:47,2024,2,February,7,2,Wednesday,19,0,Evening,0,1,0,0,Driver Cancelled,0.0,,0,0,0,0,0,1,0
2024-04-16,04:48:35,CNR1400553,Cancelled by Driver,CID7083119,Go Mini,Qutub Minar,Kashmere Gate ISBT,10.2,,,,1.0,Personal & Car related issues,,,,,,,,2024-04-16 04:48:35,2024,4,April,16,1,Tuesday,4,0,Night,0,1,0,0,Driver Cancelled,0.0,,0,0,0,0,0,1,0
2024-02-06,02:05:28,CNR1400553,Completed,CID8979140,Bike,Ghaziabad,Ashok Park Main,9.0,22.8,,,,,,,802.0,19.14,4.5,5.0,Debit Card,2024-02-06 02:05:28,2024,2,February,6,1,Tuesday,2,0,Night,1,0,0,0,Completed,802.0,41.901776384535005,1,1,1,1,1,1,1
2024-01-06,17:19:31,CNR1401147,Completed,CID8073095,Premier Sedan,Ramesh Nagar,Tilak Nagar,3.1,37.4,,,,,,,410.0,17.36,4.6,3.7,Cash,2024-01-06 17:19:31,2024,1,January,6,5,Saturday,17,1,Evening,1,0,0,0,Completed,410.0,23.617511520737327,1,1,1,1,1,1,1
2024-01-06,18:20:14,CNR1401147,Cancelled by Customer,CID6137990,eBike,Inderlok,Okhla,16.7,,1.0,Driver is not moving towards pickup location,,,,,,,,,,2024-01-06 18:20:14,2024,1,January,6,5,Saturday,18,1,Evening,0,1,0,0,Customer Cancelled,0.0,,0,0,0,0,0,1,0
2024-10-23,23:07:59,CNR1420705,Completed,CID2915266,Go Mini,Greater Kailash,Netaji Subhash Place,3.9,16.2,,,,,,,222.0,17.45,4.9,4.6,UPI,2024-10-23 23:07:59,2024,10,October,23,2,Wednesday,23,0,Late Evening,1,0,0,0,Completed,222.0,12.722063037249285,1,1,1,1,1,1,1
2024-03-06,08:54:52,CNR1420705,Completed,CID7055378,Bike,Akshardham,Hero Honda Chowk,14.9,39.4,,,,,,,132.0,38.27,3.9,4.9,Cash,2024-03-06 08:54:52,2024,3,March,6,2,Wednesday,8,0,Morning,1,0,0,0,Completed,132.0,3.4491769009668145,1,1,1,1,1,1,1
2024-11-03,15:00:12,CNR1424741,Cancelled by Driver,CID8047368,Go Mini,Vaishali,Udyog Vihar Phase 4,6.6,,,,1.0,Personal & Car related issues,,,,,,,,2024-11-03 15:00:12,2024,11,November,3,6,Sunday,15,1,Afternoon,0,1,0,0,Driver Cancelled,0.0,,0,0,0,0,0,1,0
2024-07-23,20:32:55,CNR1424741,Completed,CID7991666,Auto,Punjabi Bagh,Badarpur,14.4,25.7,,,,,,,218.0,29.02,4.1,4.3,UPI,2024-07-23 20:32:55,2024,7,July,23,1,Tuesday,20,0,Evening,1,0,0,0,Completed,218.0,7.512060647829084,1,1,1,1,1,1,1
2024-07-15,12:46:21,CNR1424766,Completed,CID8579425,Auto,Sikanderpur,Sarai Kale Khan,7.7,24.6,,,,,,,263.0,27.95,3.9,4.4,UPI,2024-07-15 12:46:21,2024,7,July,15,0,Monday,12,0,Afternoon,1,0,0,0,Completed,263.0,9.409660107334526,1,1,1,1,1,1,1
2024-06-01,18:44:45,CNR1424766,Completed,CID3493205,Auto,Sikanderpur,Paharganj,5.8,29.7,,,,,,,167.0,15.84,4.4,4.6,UPI,2024-06-01 18:44:45,2024,6,June,1,5,Saturday,18,1,Evening,1,0,0,0,Completed,167.0,10.542929292929292,1,1,1,1,1,1,1
2024-05-13,05:53:55,CNR1425285,Completed,CID5119646,Go Mini,Gurgaon Sector 29,Jahangirpuri,5.4,16.0,,,,,,,81.0,38.78,4.4,5.0,Cash,2024-05-13 05:53:55,2024,5,May,13,0,Monday,5,0,Night,1,0,0,0,Completed,81.0,2.0887055183084065,1,1,1,1,1,1,1
2024-06-05,04:39:17,CNR1425285,Completed,CID8595800,Auto,Moti Nagar,Meerut,4.2,39.3,,,,,,,171.0,35.14,4.3,4.1,Uber Wallet,2024-06-05 04:39:17,2024,6,June,5,2,Wednesday,4,0,Night,1,0,0,0,Completed,171.0,4.866249288560045,1,1,1,1,1,1,1
2024-01-20,16:28:15,CNR1439569,Completed,CID5853026,Auto,Lajpat Nagar,Azadpur,8.5,24.2,,,,,,,115.0,39.48,4.9,4.6,UPI,2024-01-20 16:28:15,2024,1,January,20,5,Saturday,16,1,Afternoon,1,0,0,0,Completed,115.0,2.9128672745694026,1,1,1,1,1,1,1
2024-10-01,07:45:30,CNR1439569,Completed,CID3174879,Premier Sedan,Kirti Nagar,Shahdara,2.2,25.1,,,,,,,441.0,49.65,4.6,4.8,Cash,2024-10-01 07:45:30,2024,10,October,1,1,Tuesday,7,0,Morning,1,0,0,0,Completed,441.0,8.882175226586103,1,1,1,1,1,1,1
2024-07-23,15:18:57,CNR1444455,Completed,CID2084147,Go Mini,AIIMS,DLF Phase 3,6.2,34.9,,,,,,,789.0,2.87,4.6,4.2,UPI,2024-07-23 15:18:57,2024,7,July,23,1,Tuesday,15,0,Afternoon,1,0,0,0,Completed,789.0,274.91289198606273,1,1,1,1,1,1,1
2024-05-14,19:38:09,CNR1444455,Cancelled by Customer,CID3260042,Auto,Rajiv Chowk,Moti Nagar,11.7,,1.0,Change of plans,,,,,,,,,,2024-05-14 19:38:09,2024,5,May,14,1,Tuesday,19,0,Evening,0,1,0,0,Customer Cancelled,0.0,,0,0,0,0,0,1,0
2024-03-24,21:31:53,CNR1449569,No Driver Found,CID5666082,Premier Sedan,Civil Lines Gurgaon,Kaushambi,,,,,,,,,,,,,,2024-03-24 21:31:53,2024,3,March,24,6,Sunday,21,1,Late Evening,0,0,0,1,No Driver Found,0.0,,0,0,0,0,0,0,0
2024-05-02,12:03:33,CNR1449569,Cancelled by Driver,CID5333395,Auto,Shastri Nagar,Paschim Vihar,6.8,,,,1.0,Customer related issue,,,,,,,,2024-05-02 12:03:33,2024,5,May,2,3,Thursday,12,0,Afternoon,0,1,0,0,Driver Cancelled,0.0,,0,0,0,0,0,1,0
2024-06-17,09:08:13,CNR1451735,Completed,CID6082103,Go Sedan,Palam Vihar,Jama Masjid,6.5,39.8,,,,,,,493.0,34.75,4.6,3.4,Cash,2024-06-17 09:08:13,2024,6,June,17,0,Monday,9,0,Morning,1,0,0,0,Completed,493.0,14.18705035971223,1,1,1,1,1,1,1
2024-11-29,09:18:21,CNR1451735,Completed,CID3124368,Go Sedan,Khandsa,Madipur,2.9,32.7,,,,,,,243.0,28.07,3.2,4.9,Debit Card,2024-11-29 09:18:21,2024,11,November,29,4,Friday,9,0,Morning,1,0,0,0,Completed,243.0,8.656929105806912,1,1,1,1,1,1,1
2024-11-16,09:40:46,CNR1456422,Cancelled by Driver,CID7103164,Premier Sedan,Pitampura,Mansarovar Park,3.8,,,,1.0,More than permitted people in there,,,,,,,,2024-11-16 09:40:46,2024,11,November,16,5,Saturday,9,1,Morning,0,1,0,0,Driver Cancelled,0.0,,0,0,0,0,0,1,0
2024-10-16,20:17:50,CNR1456422,Completed,CID3079368,Auto,Ashram,Vinobapuri,3.4,26.6,,,,,,,969.0,13.45,4.9,4.7,Cash,2024-10-16 20:17:50,2024,10,October,16,2,Wednesday,20,0,Evening,1,0,0,0,Completed,969.0,72.04460966542752,1,1,1,1,1,1,1
2024-06-10,00:09:31,CNR1463773,Cancelled by Driver,CID1145044,Go Mini,IMT Manesar,Raj Nagar Extension,8.9,,,,1.0,Customer related issue,,,,,,,,2024-06-10 00:09:31,2024,6,June,10,0,Monday,0,0,Night,0,1,0,0,Driver Cancelled,0.0,,0,0,0,0,0,1,0
2024-02-03,21:56:56,CNR1463773,Completed,CID2358251,Go Mini,Satguru Ram Singh Marg,Uttam Nagar,10.5,38.9,,,,,,,267.0,13.88,4.3,4.3,UPI,2024-02-03 21:56:56,2024,2,February,3,5,Saturday,21,1,Late Evening,1,0,0,0,Completed,267.0,19.236311239193082,1,1,1,1,1,1,1
2024-07-12,10:08:27,CNR1464252,No Driver Found,CID5704084,Go Mini,Udyog Bhawan,Huda City Centre,,,,,,,,,,,,,,2024-07-12 10:08:27,2024,7,July,12,4,Friday,10,0,Morning,0,0,0,1,No Driver Found,0.0,,0,0,0,0,0,0,0
2024-06-25,11:59:09,CNR1464252,Cancelled by Driver,CID7566335,Auto,Vidhan Sabha,Rohini West,4.4,,,,1.0,Customer related issue,,,,,,,,2024-06-25 11:59:09,2024,6,June,25,1,Tuesday,11,0,Morning,0,1,0,0,Driver Cancelled,0.0,,0,0,0,0,0,1,0
2024-08-29,13:04:16,CNR1465555,Cancelled by Driver,CID1044959,Go Mini,Rajiv Nagar,Gwal Pahari,7.4,,,,1.0,Customer related issue,,,,,,,,2024-08-29 13:04:16,2024,8,August,29,3,Thursday,13,0,Afternoon,0,1,0,0,Driver Cancelled,0.0,,0,0,0,0,0,1,0
2024-09-30,11:12:00,CNR1465555,Completed,CID6844703,Auto,Lajpat Nagar,Moolchand,2.2,38.3,,,,,,,218.0,38.69,4.1,4.5,Cash,2024-09-30 11:12:00,2024,9,September,30,0,Monday,11,0,Morning,1,0,0,0,Completed,218.0,5.634530886533988,1,1,1,1,1,1,1
2024-10-14,14:34:01,CNR1466808,Completed,CID1881797,Go Sedan,Karol Bagh,Akshardham,14.1,41.1,,,,,,,241.0,29.9,3.9,4.0,Debit Card,2024-10-14 14:34:01,2024,10,October,14,0,Monday,14,0,Afternoon,1,0,0,0,Completed,241.0,8.060200668896321,1,1,1,1,1,1,1
2024-06-30,10:16:28,CNR1466808,Completed,CID1443483,Bike,Ashram,Subhash Chowk,4.4,36.2,,,,,,,1116.0,39.49,4.1,4.2,Cash,2024-06-30 10:16:28,2024,6,June,30,6,Sunday,10,1,Morning,1,0,0,0,Completed,1116.0,28.26031906811851,1,1,1,1,1,1,1
2024-04-14,08:39:45,CNR1469567,Completed,CID4664324,Go Mini,MG Road,Ardee City,9.7,25.7,,,,,,,995.0,2.88,4.2,4.3,UPI,2024-04-14 08:39:45,2024,4,April,14,6,Sunday,8,1,Morning,1,0,0,0,Completed,995.0,345.48611111111114,1,1,1,1,1,1,1
2024-08-02,18:24:11,CNR1469567,Cancelled by Driver,CID5842453,Premier Sedan,Okhla,Chandni Chowk,3.7,,,,1.0,The customer was coughing/sick,,,,,,,,2024-08-02 18:24:11,2024,8,August,2,4,Friday,18,0,Evening,0,1,0,0,Driver Cancelled,0.0,,0,0,0,0,0,1,0
2024-08-23,10:14:21,CNR1497805,Completed,CID9389253,Auto,Greater Kailash,Kanhaiya Nagar,2.0,27.4,,,,,,,1322.0,41.49,4.2,4.3,UPI,2024-08-23 10:14:21,2024,8,August,23,4,Friday,10,0,Morning,1,0,0,0,Completed,1322.0,31.863099542058325,1,1,1,1,1,1,1
2024-10-03,08:02:23,CNR1497805,Cancelled by Driver,CID1415835,eBike,DLF City Court,Vasant Kunj,7.7,,,,1.0,More than permitted people in there,,,,,,,,2024-10-03 08:02:23,2024,10,October,3,3,Thursday,8,0,Morning,0,1,0,0,Driver Cancelled,0.0,,0,0,0,0,0,1,0
2024-09-02,04:04:18,CNR1502676,Completed,CID5569009,Bike,ITO,Anand Vihar ISBT,14.8,28.5,,,,,,,909.0,19.0,3.9,4.7,Uber Wallet,2024-09-02 04:04:18,2024,9,September,2,0,Monday,4,0,Night,1,0,0,0,Completed,909.0,47.8421052631579,1,1,1,1,1,1,1
2024-10-09,23:49:12,CNR1502676,No Driver Found,CID7638143,Premier Sedan,Chhatarpur,Sadar Bazar Gurgaon,,,,,,,,,,,,,,2024-10-09 23:49:12,2024,10,October,9,2,Wednesday,23,0,Late Evening,0,0,0,1,No Driver Found,0.0,,0,0,0,0,0,0,0
2024-05-25,19:23:16,CNR1507993,Completed,CID8178292,Bike,MG Road,Peeragarhi,11.0,41.7,,,,,,,474.0,21.56,3.4,4.7,UPI,2024-05-25 19:23:16,2024,5,May,25,5,Saturday,19,1,Evening,1,0,0,0,Completed,474.0,21.985157699443416,1,1,1,1,1,1,1
2024-06-07,18:01:10,CNR1507993,Completed,CID3606534,Go Mini,Khandsa,Tughlakabad,2.6,27.1,,,,,,,502.0,22.38,4.6,4.8,UPI,2024-06-07 18:01:10,2024,6,June,7,4,Friday,18,0,Evening,1,0,0,0,Completed,502.0,22.430741733690795,1,1,1,1,1,1,1
2024-12-20,05:25:17,CNR1512494,Incomplete,CID1127226,Auto,Sikanderpur,Cyber Hub,6.6,24.1,,,,,1.0,Customer Demand,118.0,11.99,,,UPI,2024-12-20 05:25:17,2024,12,December,20,4,Friday,5,0,Night,0,0,1,0,Incomplete,0.0,,1,1,0,0,1,1,1
2024-03-21,13:51:48,CNR1512494,Cancelled by Driver,CID2424370,Bike,Civil Lines Gurgaon,Anand Vihar ISBT,11.7,,,,1.0,The customer was coughing/sick,,,,,,,,2024-03-21 13:51:48,2024,3,March,21,3,Thursday,13,0,Afternoon,0,1,0,0,Driver Cancelled,0.0,,0,0,0,0,0,1,0
2024-02-27,16:30:24,CNR1525370,Completed,CID3445598,Go Mini,Vatika Chowk,Rajiv Chowk,4.6,25.8,,,,,,,440.0,36.36,4.1,5.0,UPI,2024-02-27 16:30:24,2024,2,February,27,1,Tuesday,16,0,Afternoon,1,0,0,0,Completed,440.0,12.101210121012102,1,1,1,1,1,1,1
2024-04-03,18:27:05,CNR1525370,Completed,CID9487247,Premier Sedan,Saidulajab,RK Puram,4.5,30.2,,,,,,,718.0,12.21,4.5,4.6,Credit Card,2024-04-03 18:27:05,2024,4,April,3,2,Wednesday,18,0,Evening,1,0,0,0,Completed,718.0,58.8042588042588,1,1,1,1,1,1,1
2024-12-02,17:38:15,CNR1529446,No Driver Found,CID7471982,Bike,Jor Bagh,Gurgaon Sector 56,,,,,,,,,,,,,,2024-12-02 17:38:15,2024,12,December,2,0,Monday,17,0,Evening,0,0,0,1,No Driver Found,0.0,,0,0,0,0,0,0,0
2024-12-27,00:21:47,CNR1529446,Completed,CID1150570,Bike,Ghitorni,Saidulajab,4.0,42.8,,,,,,,404.0,15.82,4.4,4.4,Uber Wallet,2024-12-27 00:21:47,2024,12,December,27,4,Friday,0,0,Night,1,0,0,0,Completed,404.0,25.537294563843236,1,1,1,1,1,1,1
2024-12-26,16:01:02,CNR1538095,Completed,CID4011214,Auto,Sohna Road,Satguru Ram Singh Marg,15.0,31.5,,,,,,,368.0,17.67,4.1,4.9,UPI,2024-12-26 16:01:02,2024,12,December,26,3,Thursday,16,0,Afternoon,1,0,0,0,Completed,368.0,20.82625919637804,1,1,1,1,1,1,1
2024-10-16,08:55:07,CNR1538095,Cancelled by Customer,CID1473935,Auto,Karkarduma,Nawada,9.5,,1.0,Wrong Address,,,,,,,,,,2024-10-16 08:55:07,2024,10,October,16,2,Wednesday,8,0,Morning,0,1,0,0,Customer Cancelled,0.0,,0,0,0,0,0,1,0
2024-05-13,21:19:52,CNR1538607,Completed,CID6657313,Go Sedan,Khan Market,Rohini,11.9,30.2,,,,,,,913.0,17.04,4.2,4.3,UPI,2024-05-13 21:19:52,2024,5,May,13,0,Monday,21,0,Late Evening,1,0,0,0,Completed,913.0,53.579812206572775,1,1,1,1,1,1,1
2024-03-19,17:17:54,CNR1538607,Completed,CID1613428,Go Mini,Panchsheel Park,Greater Noida,7.7,43.2,,,,,,,228.0,11.88,4.2,4.2,UPI,2024-03-19 17:17:54,2024,3,March,19,1,Tuesday,17,0,Evening,1,0,0,0,Completed,228.0,19.19191919191919,1,1,1,1,1,1,1
2024-03-27,23:51:00,CNR1543266,Completed,CID4356419,Go Sedan,Indirapuram,Kalkaji,7.7,27.6,,,,,,,157.0,33.67,3.1,4.6,UPI,2024-03-27 23:51:00,2024,3,March,27,2,Wednesday,23,0,Late Evening,1,0,0,0,Completed,157.0,4.662904662904663,1,1,1,1,1,1,1
2024-05-20,20:05:20,CNR1543266,Completed,CID2257152,Bike,Uttam Nagar,Rohini,8.4,33.1,,,,,,,131.0,47.74,4.1,5.0,UPI,2024-05-20 20:05:20,2024,5,May,20,0,Monday,20,0,Evening,1,0,0,0,Completed,131.0,2.744030163385002,1,1,1,1,1,1,1
2024-05-29,03:28:51,CNR1545671,No Driver Found,CID8954872,Go Sedan,Peeragarhi,Badshahpur,,,,,,,,,,,,,,2024-05-29 03:28:51,2024,5,May,29,2,Wednesday,3,0,Night,0,0,0,1,No Driver Found,0.0,,0,0,0,0,0,0,0
2024-06-26,06:23:39,CNR1545671,Completed,CID4471909,eBike,Kashmere Gate,Badarpur,13.0,34.2,,,,,,,617.0,4.84,4.2,5.0,UPI,2024-06-26 06:23:39,2024,6,June,26,2,Wednesday,6,0,Morning,1,0,0,0,Completed,617.0,127.47933884297521,1,1,1,1,1,1,1
2024-05-25,13:12:05,CNR1547845,Completed,CID1660265,Premier Sedan,Preet Vihar,Saidulajab,12.3,19.7,,,,,,,1374.0,43.84,4.2,4.7,Credit Card,2024-05-25 13:12:05,2024,5,May,25,5,Saturday,13,1,Afternoon,1,0,0,0,Completed,1374.0,31.341240875912405,1,1,1,1,1,1,1
2024-01-06,13:43:41,CNR1547845,Completed,CID7801849,Go Sedan,Tughlakabad,Chirag Delhi,5.6,31.7,,,,,,,1295.0,47.52,4.9,4.5,Cash,2024-01-06 13:43:41,2024,1,January,6,5,Saturday,13,1,Afternoon,1,0,0,0,Completed,1295.0,27.251683501683498,1,1,1,1,1,1,1
2024-08-08,05:58:50,CNR1553535,Completed,CID8407743,eBike,Narsinghpur,DLF City Court,13.6,30.5,,,,,,,484.0,33.99,4.4,4.4,UPI,2024-08-08 05:58:50,2024,8,August,8,3,Thursday,5,0,Night,1,0,0,0,Completed,484.0,14.239482200647249,1,1,1,1,1,1,1
2024-08-31,18:07:38,CNR1553535,Incomplete,CID7812893,Auto,Seelampur,Manesar,5.8,19.0,,,,,1.0,Vehicle Breakdown,643.0,4.28,,,UPI,2024-08-31 18:07:38,2024,8,August,31,5,Saturday,18,1,Evening,0,0,1,0,Incomplete,0.0,,1,1,0,0,1,1,1
2024-06-18,20:59:05,CNR1557538,Completed,CID9715228,Bike,Faridabad Sector 15,Azadpur,4.7,44.2,,,,,,,106.0,34.29,3.7,4.9,Cash,2024-06-18 20:59:05,2024,6,June,18,1,Tuesday,20,0,Evening,1,0,0,0,Completed,106.0,3.0912802566345876,1,1,1,1,1,1,1
2024-07-27,14:37:51,CNR1557538,Completed,CID3651705,Bike,Moolchand,Khan Market,14.7,34.1,,,,,,,166.0,37.58,3.9,4.6,Cash,2024-07-27 14:37:51,2024,7,July,27,5,Saturday,14,1,Afternoon,1,0,0,0,Completed,166.0,4.417243214475786,1,1,1,1,1,1,1
2024-08-10,10:22:51,CNR1561286,Completed,CID9071593,Bike,Anand Vihar,Jahangirpuri,4.6,44.7,,,,,,,341.0,18.27,4.2,4.8,Cash,2024-08-10 10:22:51,2024,8,August,10,5,Saturday,10,1,Morning,1,0,0,0,Completed,341.0,18.664477285166942,1,1,1,1,1,1,1
2024-11-10,17:14:15,CNR1561286,Cancelled by Driver,CID2864285,Go Mini,Sadar Bazar Gurgaon,Lajpat Nagar,5.6,,,,1.0,Customer related issue,,,,,,,,2024-11-10 17:14:15,2024,11,November,10,6,Sunday,17,1,Evening,0,1,0,0,Driver Cancelled,0.0,,0,0,0,0,0,1,0
2024-11-03,14:47:40,CNR1565029,Completed,CID6371151,Go Mini,IGI Airport,Tilak Nagar,8.8,41.9,,,,,,,125.0,44.01,4.0,5.0,UPI,2024-11-03 14:47:40,2024,11,November,3,6,Sunday,14,1,Afternoon,1,0,0,0,Completed,125.0,2.8402635764598956,1,1,1,1,1,1,1
2024-12-09,15:38:58,CNR1565029,Cancelled by Customer,CID7948114,Go Mini,Sikanderpur,Arjangarh,17.3,,1.0,Wrong Address,,,,,,,,,,2024-12-09 15:38:58,2024,12,December,9,0,Monday,15,0,Afternoon,0,1,0,0,Customer Cancelled,0.0,,0,0,0,0,0,1,0
2024-10-18,07:02:27,CNR1569320,Completed,CID5387449,eBike,Bhiwadi,Maidan Garhi,10.1,29.2,,,,,,,377.0,33.48,4.2,4.5,Cash,2024-10-18 07:02:27,2024,10,October,18,4,Friday,7,0,Morning,1,0,0,0,Completed,377.0,11.260454002389487,1,1,1,1,1,1,1
2024-02-28,15:14:36,CNR1569320,Completed,CID8242282,Bike,Tagore Garden,IIT Delhi,3.5,38.0,,,,,,,295.0,49.51,5.0,3.2,UPI,2024-02-28 15:14:36,2024,2,February,28,2,Wednesday,15,0,Afternoon,1,0,0,0,Completed,295.0,5.9583922439911134,1,1,1,1,1,1,1
2024-07-12,18:42:43,CNR1569939,Completed,CID6339296,Bike,Uttam Nagar,RK Puram,4.8,25.0,,,,,,,946.0,16.61,3.4,4.2,Credit Card,2024-07-12 18:42:43,2024,7,July,12,4,Friday,18,0,Evening,1,0,0,0,Completed,946.0,56.95364238410596,1,1,1,1,1,1,1
2024-11-25,14:54:17,CNR1569939,Cancelled by Customer,CID2772526,Auto,Panchsheel Park,Vatika Chowk,6.7,,1.0,Driver is not moving towards pickup location,,,,,,,,,,2024-11-25 14:54:17,2024,11,November,25,0,Monday,14,0,Afternoon,0,1,0,0,Customer Cancelled,0.0,,0,0,0,0,0,1,0
2024-01-18,04:49:18,CNR1579877,No Driver Found,CID6289400,Go Sedan,Kherki Daula Toll,Rohini,,,,,,,,,,,,,,2024-01-18 04:49:18,2024,1,January,18,3,Thursday,4,0,Night,0,0,0,1,No Driver Found,0.0,,0,0,0,0,0,0,0
2024-07-25,16:46:47,CNR1579877,Cancelled by Driver,CID8086204,Auto,Govindpuri,Preet Vihar,7.2,,,,1.0,Personal & Car related issues,,,,,,,,2024-07-25 16:46:47,2024,7,July,25,3,Thursday,16,0,Afternoon,0,1,0,0,Driver Cancelled,0.0,,0,0,0,0,0,1,0
2024-08-29,16:09:56,CNR1583108,Completed,CID6963681,Auto,Mehrauli,Nawada,2.2,38.8,,,,,,,154.0,32.44,4.2,4.1,Cash,2024-08-29 16:09:56,2024,8,August,29,3,Thursday,16,0,Afternoon,1,0,0,0,Completed,154.0,4.7472256473489525,1,1,1,1,1,1,1
2024-03-08,22:02:20,CNR1583108,Cancelled by Customer,CID2588071,Premier Sedan,Netaji Subhash Place,Indraprastha,9.7,,1.0,AC is not working,,,,,,,,,,2024-03-08 22:02:20,2024,3,March,8,4,Friday,22,0,Late Evening,0,1,0,0,Customer Cancelled,0.0,,0,0,0,0,0,1,0
2024-12-03,05:14:17,CNR1587301,Completed,CID8557558,Bike,Bahadurgarh,Ashram,7.7,24.8,,,,,,,300.0,10.03,4.9,4.9,Cash,2024-12-03 05:14:17,2024,12,December,3,1,Tuesday,5,0,Night,1,0,0,0,Completed,300.0,29.910269192422735,1,1,1,1,1,1,1
2024-02-07,22:38:43,CNR1587301,Cancelled by Driver,CID2081870,Premier Sedan,Aya Nagar,Shastri Nagar,6.4,,,,1.0,More than permitted people in there,,,,,,,,2024-02-07 22:38:43,2024,2,February,7,2,Wednesday,22,0,Late Evening,0,1,0,0,Driver Cancelled,0.0,,0,0,0,0,0,1,0
2024-10-21,16:57:10,CNR1601556,No Driver Found,CID4560179,Premier Sedan,Ghitorni Village,Ashram,,,,,,,,,,,,,,2024-10-21 16:57:10,2024,10,October,21,0,Monday,16,0,Afternoon,0,0,0,1,No Driver Found,0.0,,0,0,0,0,0,0,0
2024-08-09,10:21:29,CNR1601556,Cancelled by Driver,CID3242289,Go Mini,Kashmere Gate,Vidhan Sabha,6.1,,,,1.0,The customer was coughing/sick,,,,,,,,2024-08-09 10:21:29,2024,8,August,9,4,Friday,10,0,Morning,0,1,0,0,Driver Cancelled,0.0,,0,0,0,0,0,1,0
2024-06-02,08:26:18,CNR1623460,Completed,CID8892055,Go Mini,Bhikaji Cama Place,Central Secretariat,4.2,29.5,,,,,,,143.0,20.49,4.3,4.6,Credit Card,2024-06-02 08:26:18,2024,6,June,2,6,Sunday,8,1,Morning,1,0,0,0,Completed,143.0,6.979014153245486,1,1,1,1,1,1,1
2024-02-20,20:17:06,CNR1623460,Cancelled by Driver,CID3921296,eBike,Chirag Delhi,Hauz Rani,9.5,,,,1.0,The customer was coughing/sick,,,,,,,,2024-02-20 20:17:06,2024,2,February,20,1,Tuesday,20,0,Evening,0,1,0,0,Driver Cancelled,0.0,,0,0,0,0,0,1,0
2024-07-21,21:43:35,CNR1629395,No Driver Found,CID1982529,Go Mini,Adarsh Nagar,Moti Nagar,,,,,,,,,,,,,,2024-07-21 21:43:35,2024,7,July,21,6,Sunday,21,1,Late Evening,0,0,0,1,No Driver Found,0.0,,0,0,0,0,0,0,0
2024-04-14,19:23:17,CNR1629395,Completed,CID1280140,Auto,Chandni Chowk,Sarai Kale Khan,10.7,21.9,,,,,,,3553.0,30.61,4.3,4.2,UPI,2024-04-14 19:23:17,2024,4,April,14,6,Sunday,19,1,Evening,1,0,0,0,Completed,3553.0,116.07317869977132,1,1,1,1,1,1,1
2024-12-19,20:38:51,CNR1647518,Completed,CID2049663,Bike,Greater Noida,Palam Vihar,6.5,44.9,,,,,,,88.0,21.71,4.1,4.8,UPI,2024-12-19 20:38:51,2024,12,December,19,3,Thursday,20,0,Evening,1,0,0,0,Completed,88.0,4.053431598341778,1,1,1,1,1,1,1
2024-08-28,10:13:59,CNR1647518,Cancelled by Customer,CID3337194,eBike,Janakpuri,Shastri Park,9.1,,1.0,Driver asked to cancel,,,,,,,,,,2024-08-28 10:13:59,2024,8,August,28,2,Wednesday,10,0,Morning,0,1,0,0,Customer Cancelled,0.0,,0,0,0,0,0,1,0
2024-09-05,18:20:09,CNR1657644,Completed,CID4119264,Go Sedan,Vasant Kunj,Mehrauli,13.8,38.4,,,,,,,458.0,19.39,4.2,4.9,UPI,2024-09-05 18:20:09,2024,9,September,5,3,Thursday,18,0,Evening,1,0,0,0,Completed,458.0,23.620422898401237,1,1,1,1,1,1,1
2024-05-06,17:18:54,CNR1657644,Completed,CID8476257,Premier Sedan,Jahangirpuri,Pitampura,13.3,44.9,,,,,,,520.0,13.8,3.8,3.1,UPI,2024-05-06 17:18:54,2024,5,May,6,0,Monday,17,0,Evening,1,0,0,0,Completed,520.0,37.68115942028985,1,1,1,1,1,1,1
2024-10-05,11:24:59,CNR1671233,Cancelled by Driver,CID9841395,Auto,Sadar Bazar Gurgaon,Govindpuri,10.7,,,,1.0,Personal & Car related issues,,,,,,,,2024-10-05 11:24:59,2024,10,October,5,5,Saturday,11,1,Morning,0,1,0,0,Driver Cancelled,0.0,,0,0,0,0,0,1,0
2024-12-16,06:39:10,CNR1671233,Cancelled by Driver,CID4466015,Go Mini,Tughlakabad,New Colony,5.9,,,,1.0,More than permitted people in there,,,,,,,,2024-12-16 06:39:10,2024,12,December,16,0,Monday,6,0,Morning,0,1,0,0,Driver Cancelled,0.0,,0,0,0,0,0,1,0
2024-08-26,14:58:40,CNR1675574,Completed,CID4014333,Go Mini,IMT Manesar,Bhikaji Cama Place,12.8,24.8,,,,,,,477.0,43.85,4.6,3.7,Uber Wallet,2024-08-26 14:58:40,2024,8,August,26,0,Monday,14,0,Afternoon,1,0,0,0,Completed,477.0,10.877993158494869,1,1,1,1,1,1,1
2024-11-11,16:12:40,CNR1675574,Completed,CID5629481,Go Mini,Chandni Chowk,New Colony,5.5,31.8,,,,,,,366.0,13.78,4.1,3.4,Credit Card,2024-11-11 16:12:40,2024,11,November,11,0,Monday,16,0,Afternoon,1,0,0,0,Completed,366.0,26.56023222060958,1,1,1,1,1,1,1
2024-04-07,05:05:16,CNR1685895,Cancelled by Customer,CID5081058,Premier Sedan,Karol Bagh,Saket A Block,18.4,,1.0,Driver is not moving towards pickup location,,,,,,,,,,2024-04-07 05:05:16,2024,4,April,7,6,Sunday,5,1,Night,0,1,0,0,Customer Cancelled,0.0,,0,0,0,0,0,1,0
2024-07-11,17:08:15,CNR1685895,Completed,CID1593513,eBike,Shivaji Park,Khan Market,15.0,16.6,,,,,,,455.0,19.03,3.4,4.8,UPI,2024-07-11 17:08:15,2024,7,July,11,3,Thursday,17,0,Evening,1,0,0,0,Completed,455.0,23.909616395165525,1,1,1,1,1,1,1
2024-10-05,21:48:13,CNR1685941,Cancelled by Customer,CID4955072,Auto,Vaishali,Tughlakabad,13.1,,1.0,Driver asked to cancel,,,,,,,,,,2024-10-05 21:48:13,2024,10,October,5,5,Saturday,21,1,Late Evening,0,1,0,0,Customer Cancelled,0.0,,0,0,0,0,0,1,0
2024-06-29,22:27:11,CNR1685941,Completed,CID8494870,Auto,Peeragarhi,Anand Vihar,14.6,42.1,,,,,,,254.0,16.36,4.2,4.3,Uber Wallet,2024-06-29 22:27:11,2024,6,June,29,5,Saturday,22,1,Late Evening,1,0,0,0,Completed,254.0,15.525672371638143,1,1,1,1,1,1,1
2024-03-19,00:33:16,CNR1714213,Completed,CID8753204,Go Mini,Ashok Park Main,Mayur Vihar,2.8,39.0,,,,,,,325.0,40.17,4.3,4.9,UPI,2024-03-19 00:33:16,2024,3,March,19,1,Tuesday,0,0,Night,1,0,0,0,Completed,325.0,8.090614886731391,1,1,1,1,1,1,1
2024-03-15,19:25:02,CNR1714213,Cancelled by Driver,CID4259204,Go Mini,Shastri Nagar,Anand Vihar ISBT,4.2,,,,1.0,Customer related issue,,,,,,,,2024-03-15 19:25:02,2024,3,March,15,4,Friday,19,0,Evening,0,1,0,0,Driver Cancelled,0.0,,0,0,0,0,0,1,0
2024-01-24,11:58:25,CNR1715007,Completed,CID2829306,Premier Sedan,Green Park,Inderlok,13.7,19.7,,,,,,,617.0,16.98,4.3,3.8,Debit Card,2024-01-24 11:58:25,2024,1,January,24,2,Wednesday,11,0,Morning,1,0,0,0,Completed,617.0,36.33686690223793,1,1,1,1,1,1,1
2024-11-17,20:51:55,CNR1715007,Completed,CID7484285,Auto,Sohna Road,AIIMS,4.6,29.1,,,,,,,593.0,12.61,4.3,3.7,Cash,2024-11-17 20:51:55,2024,11,November,17,6,Sunday,20,1,Evening,1,0,0,0,Completed,593.0,47.02616970658208,1,1,1,1,1,1,1
2024-01-27,19:33:38,CNR1718805,Completed,CID7906620,Premier Sedan,Gurgaon Sector 56,Sohna Road,9.2,37.7,,,,,,,669.0,7.11,3.7,4.2,UPI,2024-01-27 19:33:38,2024,1,January,27,5,Saturday,19,1,Evening,1,0,0,0,Completed,669.0,94.0928270042194,1,1,1,1,1,1,1
2024-07-21,18:02:13,CNR1718805,Cancelled by Driver,CID5044251,Go Sedan,Indirapuram,Sadar Bazar Gurgaon,11.0,,,,1.0,Customer related issue,,,,,,,,2024-07-21 18:02:13,2024,7,July,21,6,Sunday,18,1,Evening,0,1,0,0,Driver Cancelled,0.0,,0,0,0,0,0,1,0
2024-02-23,11:02:09,CNR1723142,Cancelled by Customer,CID3667367,Go Mini,Sikanderpur,Satguru Ram Singh Marg,19.0,,1.0,Driver asked to cancel,,,,,,,,,,2024-02-23 11:02:09,2024,2,February,23,4,Friday,11,0,Morning,0,1,0,0,Customer Cancelled,0.0,,0,0,0,0,0,1,0
2024-12-18,18:53:40,CNR1723142,Incomplete,CID4008647,Go Sedan,Paschim Vihar,Gurgaon Sector 56,4.6,11.3,,,,,1.0,Customer Demand,600.0,17.05,,,Cash,2024-12-18 18:53:40,2024,12,December,18,2,Wednesday,18,0,Evening,0,0,1,0,Incomplete,0.0,,1,1,0,0,1,1,1
2024-05-22,22:01:11,CNR1727201,Completed,CID8048042,Auto,Sikanderpur,Tagore Garden,7.0,18.5,,,,,,,315.0,39.38,3.1,4.2,UPI,2024-05-22 22:01:11,2024,5,May,22,2,Wednesday,22,0,Late Evening,1,0,0,0,Completed,315.0,7.998984255967495,1,1,1,1,1,1,1
2024-06-06,18:57:07,CNR1727201,Completed,CID2045727,Premier Sedan,Vatika Chowk,Mandi House,8.3,31.9,,,,,,,549.0,38.54,4.2,4.6,Cash,2024-06-06 18:57:07,2024,6,June,6,3,Thursday,18,0,Evening,1,0,0,0,Completed,549.0,14.244940321743643,1,1,1,1,1,1,1
2024-06-14,06:40:53,CNR1742129,Completed,CID9218376,Go Mini,Nirman Vihar,Shastri Nagar,8.1,29.3,,,,,,,152.0,6.56,4.6,3.9,Credit Card,2024-06-14 06:40:53,2024,6,June,14,4,Friday,6,0,Morning,1,0,0,0,Completed,152.0,23.170731707317074,1,1,1,1,1,1,1
2024-01-10,18:26:50,CNR1742129,Incomplete,CID7791750,Go Sedan,Rajiv Nagar,Khandsa,7.7,18.3,,,,,1.0,Customer Demand,257.0,3.15,,,Uber Wallet,2024-01-10 18:26:50,2024,1,January,10,2,Wednesday,18,0,Evening,0,0,1,0,Incomplete,0.0,,1,1,0,0,1,1,1
2024-08-26,18:14:25,CNR1748212,Completed,CID5212947,Bike,Saket,Badarpur,6.9,35.1,,,,,,,115.0,30.16,4.3,4.2,Cash,2024-08-26 18:14:25,2024,8,August,26,0,Monday,18,0,Evening,1,0,0,0,Completed,115.0,3.812997347480106,1,1,1,1,1,1,1
2024-02-01,22:20:57,CNR1748212,Completed,CID8307080,Bike,Greater Noida,Central Secretariat,14.5,27.1,,,,,,,269.0,23.14,4.5,4.3,UPI,2024-02-01 22:20:57,2024,2,February,1,3,Thursday,22,0,Late Evening,1,0,0,0,Completed,269.0,11.624891961970613,1,1,1,1,1,1,1
2024-02-20,19:33:22,CNR1750151,Cancelled by Driver,CID1479682,Go Mini,Ashok Vihar,Ashram,6.0,,,,1.0,Personal & Car related issues,,,,,,,,2024-02-20 19:33:22,2024,2,February,20,1,Tuesday,19,0,Evening,0,1,0,0,Driver Cancelled,0.0,,0,0,0,0,0,1,0
2024-03-10,15:12:19,CNR1750151,No Driver Found,CID8105246,eBike,Jasola,Aya Nagar,,,,,,,,,,,,,,2024-03-10 15:12:19,2024,3,March,10,6,Sunday,15,1,Afternoon,0,0,0,1,No Driver Found,0.0,,0,0,0,0,0,0,0
2024-06-29,09:49:55,CNR1761570,Completed,CID2250348,Auto,Gwal Pahari,Jhilmil,12.8,19.0,,,,,,,1029.0,34.11,4.4,4.9,UPI,2024-06-29 09:49:55,2024,6,June,29,5,Saturday,9,1,Morning,1,0,0,0,Completed,1029.0,30.167106420404576,1,1,1,1,1,1,1
2024-11-25,09:43:59,CNR1761570,Completed,CID4211770,eBike,Paharganj,Aya Nagar,3.3,22.3,,,,,,,350.0,7.9,4.4,5.0,Cash,2024-11-25 09:43:59,2024,11,November,25,0,Monday,9,0,Morning,1,0,0,0,Completed,350.0,44.303797468354425,1,1,1,1,1,1,1
2024-04-27,01:13:01,CNR1762502,Incomplete,CID7395174,Uber XL,Adarsh Nagar,India Gate,2.6,26.1,,,,,1.0,Vehicle Breakdown,443.0,1.12,,,Credit Card,2024-04-27 01:13:01,2024,4,April,27,5,Saturday,1,1,Night,0,0,1,0,Incomplete,0.0,,1,1,0,0,1,1,1
2024-02-22,06:32:56,CNR1762502,Completed,CID6814477,Bike,Dwarka Sector 21,Paschim Vihar,2.6,37.6,,,,,,,247.0,27.82,4.1,4.4,UPI,2024-02-22 06:32:56,2024,2,February,22,3,Thursday,6,0,Morning,1,0,0,0,Completed,247.0,8.878504672897197,1,1,1,1,1,1,1
2024-06-13,21:59:01,CNR1776019,Completed,CID3187685,Premier Sedan,Greater Kailash,Yamuna Bank,11.2,19.1,,,,,,,709.0,4.08,4.6,4.3,Cash,2024-06-13 21:59:01,2024,6,June,13,3,Thursday,21,0,Late Evening,1,0,0,0,Completed,709.0,173.77450980392157,1,1,1,1,1,1,1
2024-09-07,01:28:39,CNR1776019,Cancelled by Customer,CID7497472,Bike,Yamuna Bank,Jhilmil,8.2,,1.0,Change of plans,,,,,,,,,,2024-09-07 01:28:39,2024,9,September,7,5,Saturday,1,1,Night,0,1,0,0,Customer Cancelled,0.0,,0,0,0,0,0,1,0
2024-07-23,07:53:04,CNR1776813,Cancelled by Driver,CID6299155,eBike,Shastri Park,Huda City Centre,7.6,,,,1.0,The customer was coughing/sick,,,,,,,,2024-07-23 07:53:04,2024,7,July,23,1,Tuesday,7,0,Morning,0,1,0,0,Driver Cancelled,0.0,,0,0,0,0,0,1,0
2024-12-17,10:53:57,CNR1776813,Completed,CID7005613,eBike,Udyog Vihar Phase 4,RK Puram,3.1,41.8,,,,,,,247.0,5.27,4.5,4.6,Cash,2024-12-17 10:53:57,2024,12,December,17,1,Tuesday,10,0,Morning,1,0,0,0,Completed,247.0,46.86907020872866,1,1,1,1,1,1,1
2024-10-19,11:31:33,CNR1783827,Cancelled by Driver,CID5115859,Premier Sedan,Indirapuram,Connaught Place,3.7,,,,1.0,Customer related issue,,,,,,,,2024-10-19 11:31:33,2024,10,October,19,5,Saturday,11,1,Morning,0,1,0,0,Driver Cancelled,0.0,,0,0,0,0,0,1,0
2024-07-18,22:07:31,CNR1783827,Completed,CID8107183,Auto,Badshahpur,Sadar Bazar Gurgaon,3.5,41.7,,,,,,,130.0,40.47,4.3,4.9,Cash,2024-07-18 22:07:31,2024,7,July,18,3,Thursday,22,0,Late Evening,1,0,0,0,Completed,130.0,3.2122559920929086,1,1,1,1,1,1,1
2024-12-24,18:24:22,CNR1795987,Completed,CID3142210,Premier Sedan,Vaishali,INA Market,2.6,20.4,,,,,,,417.0,37.07,4.3,4.3,UPI,2024-12-24 18:24:22,2024,12,December,24,1,Tuesday,18,0,Evening,1,0,0,0,Completed,417.0,11.248988400323713,1,1,1,1,1,1,1
2024-08-21,12:38:27,CNR1795987,Cancelled by Driver,CID9102246,Uber XL,Okhla,Rithala,10.2,,,,1.0,More than permitted people in there,,,,,,,,2024-08-21 12:38:27,2024,8,August,21,2,Wednesday,12,0,Afternoon,0,1,0,0,Driver Cancelled,0.0,,0,0,0,0,0,1,0
2024-11-03,09:17:48,CNR1800566,Completed,CID6160616,Go Sedan,New Colony,Dwarka Mor,14.5,24.0,,,,,,,809.0,27.88,4.6,4.9,Cash,2024-11-03 09:17:48,2024,11,November,3,6,Sunday,9,1,Morning,1,0,0,0,Completed,809.0,29.017216642754665,1,1,1,1,1,1,1
2024-04-16,16:17:08,CNR1800566,Completed,CID3579666,Auto,Subhash Nagar,Rohini,14.8,22.4,,,,,,,151.0,28.16,3.1,4.8,Credit Card,2024-04-16 16:17:08,2024,4,April,16,1,Tuesday,16,0,Afternoon,1,0,0,0,Completed,151.0,5.362215909090909,1,1,1,1,1,1,1
2024-02-15,16:44:00,CNR1808854,Cancelled by Driver,CID4597046,Premier Sedan,ITO,India Gate,6.1,,,,1.0,More than permitted people in there,,,,,,,,2024-02-15 16:44:00,2024,2,February,15,3,Thursday,16,0,Afternoon,0,1,0,0,Driver Cancelled,0.0,,0,0,0,0,0,1,0
2024-03-10,02:42:45,CNR1808854,No Driver Found,CID3887895,Auto,Laxmi Nagar,Peeragarhi,,,,,,,,,,,,,,2024-03-10 02:42:45,2024,3,March,10,6,Sunday,2,1,Night,0,0,0,1,No Driver Found,0.0,,0,0,0,0,0,0,0
2024-12-08,23:54:25,CNR1814672,Completed,CID4373480,Go Sedan,Inderlok,Moolchand,10.8,27.8,,,,,,,496.0,7.32,4.2,4.2,UPI,2024-12-08 23:54:25,2024,12,December,8,6,Sunday,23,1,Late Evening,1,0,0,0,Completed,496.0,67.75956284153006,1,1,1,1,1,1,1
2024-01-16,20:01:19,CNR1814672,Completed,CID3846699,Go Mini,Noida Film City,Rohini East,14.4,44.7,,,,,,,913.0,48.27,3.9,4.1,Credit Card,2024-01-16 20:01:19,2024,1,January,16,1,Tuesday,20,0,Evening,1,0,0,0,Completed,913.0,18.914439610524134,1,1,1,1,1,1,1
2024-10-17,10:51:51,CNR1817049,Cancelled by Driver,CID5019360,Uber XL,Jor Bagh,Mansarovar Park,4.4,,,,1.0,The customer was coughing/sick,,,,,,,,2024-10-17 10:51:51,2024,10,October,17,3,Thursday,10,0,Morning,0,1,0,0,Driver Cancelled,0.0,,0,0,0,0,0,1,0
2024-01-05,13:21:11,CNR1817049,Incomplete,CID6362575,Go Mini,Vishwavidyalaya,Basai Dhankot,4.0,14.2,,,,,1.0,Other Issue,373.0,6.8,,,Credit Card,2024-01-05 13:21:11,2024,1,January,5,4,Friday,13,0,Afternoon,0,0,1,0,Incomplete,0.0,,1,1,0,0,1,1,1
2024-05-31,18:12:19,CNR1832925,Completed,CID5114373,Go Mini,Karol Bagh,Bhiwadi,12.1,43.4,,,,,,,980.0,35.87,3.7,3.4,Uber Wallet,2024-05-31 18:12:19,2024,5,May,31,4,Friday,18,0,Evening,1,0,0,0,Completed,980.0,27.32088095901868,1,1,1,1,1,1,1
2024-12-13,12:57:17,CNR1832925,Completed,CID3551710,Premier Sedan,Ambience Mall,Jor Bagh,5.0,35.0,,,,,,,161.0,20.25,4.9,5.0,UPI,2024-12-13 12:57:17,2024,12,December,13,4,Friday,12,0,Afternoon,1,0,0,0,Completed,161.0,7.950617283950617,1,1,1,1,1,1,1
2024-12-01,16:13:47,CNR1843483,Completed,CID7554379,Go Sedan,Chanakyapuri,Jor Bagh,10.5,33.7,,,,,,,226.0,33.66,3.2,4.6,Cash,2024-12-01 16:13:47,2024,12,December,1,6,Sunday,16,1,Afternoon,1,0,0,0,Completed,226.0,6.714200831847891,1,1,1,1,1,1,1
2024-05-23,20:47:38,CNR1843483,Completed,CID2016674,Bike,New Colony,Hero Honda Chowk,5.3,28.5,,,,,,,367.0,19.2,4.7,4.9,Cash,2024-05-23 20:47:38,2024,5,May,23,3,Thursday,20,0,Evening,1,0,0,0,Completed,367.0,19.114583333333336,1,1,1,1,1,1,1
2024-02-23,14:36:55,CNR1847233,Completed,CID2335317,eBike,Chhatarpur,IFFCO Chowk,9.0,15.6,,,,,,,122.0,33.42,4.4,4.2,Cash,2024-02-23 14:36:55,2024,2,February,23,4,Friday,14,0,Afternoon,1,0,0,0,Completed,122.0,3.6505086774386593,1,1,1,1,1,1,1
2024-12-19,21:02:30,CNR1847233,Cancelled by Driver,CID8981853,Premier Sedan,Palam Vihar,Khan Market,4.6,,,,1.0,The customer was coughing/sick,,,,,,,,2024-12-19 21:02:30,2024,12,December,19,3,Thursday,21,0,Late Evening,0,1,0,0,Driver Cancelled,0.0,,0,0,0,0,0,1,0
2024-07-18,14:27:34,CNR1854766,Completed,CID6919478,Go Sedan,Paharganj,Barakhamba Road,9.3,44.0,,,,,,,855.0,31.91,4.5,4.2,Cash,2024-07-18 14:27:34,2024,7,July,18,3,Thursday,14,0,Afternoon,1,0,0,0,Completed,855.0,26.79410842995926,1,1,1,1,1,1,1
2024-12-16,18:13:01,CNR1854766,Cancelled by Customer,CID5451263,Auto,Noida Film City,Arjangarh,11.8,,1.0,Driver is not moving towards pickup location,,,,,,,,,,2024-12-16 18:13:01,2024,12,December,16,0,Monday,18,0,Evening,0,1,0,0,Customer Cancelled,0.0,,0,0,0,0,0,1,0
2024-12-05,18:42:40,CNR1857735,Completed,CID6439201,Go Mini,Kashmere Gate,Laxmi Nagar,11.9,24.4,,,,,,,362.0,8.4,4.8,4.8,UPI,2024-12-05 18:42:40,2024,12,December,5,3,Thursday,18,0,Evening,1,0,0,0,Completed,362.0,43.095238095238095,1,1,1,1,1,1,1
2024-12-18,07:16:27,CNR1857735,Cancelled by Driver,CID1060308,Auto,Tughlakabad,Lajpat Nagar,8.2,,,,1.0,More than permitted people in there,,,,,,,,2024-12-18 07:16:27,2024,12,December,18,2,Wednesday,7,0,Morning,0,1,0,0,Driver Cancelled,0.0,,0,0,0,0,0,1,0
2024-12-08,19:08:44,CNR1865951,Completed,CID8112697,Bike,Indraprastha,Panchsheel Park,12.0,29.3,,,,,,,1410.0,43.43,4.3,4.1,UPI,2024-12-08 19:08:44,2024,12,December,8,6,Sunday,19,1,Evening,1,0,0,0,Completed,1410.0,32.46603730140456,1,1,1,1,1,1,1
2024-12-20,20:00:22,CNR1865951,Completed,CID1830855,Go Mini,Badarpur,Indirapuram,4.5,25.5,,,,,,,350.0,20.13,4.3,4.8,UPI,2024-12-20 20:00:22,2024,12,December,20,4,Friday,20,0,Evening,1,0,0,0,Completed,350.0,17.386984600099353,1,1,1,1,1,1,1
2024-02-25,12:00:46,CNR1866827,Completed,CID6892756,Auto,Shastri Nagar,Ghaziabad,8.2,40.1,,,,,,,605.0,28.83,4.8,4.7,UPI,2024-02-25 12:00:46,2024,2,February,25,6,Sunday,12,1,Afternoon,1,0,0,0,Completed,605.0,20.98508498092265,1,1,1,1,1,1,1
2024-06-18,20:26:51,CNR1866827,Completed,CID7905905,Go Mini,Patel Chowk,Nirman Vihar,13.0,42.3,,,,,,,556.0,7.79,3.8,4.4,Uber Wallet,2024-06-18 20:26:51,2024,6,June,18,1,Tuesday,20,0,Evening,1,0,0,0,Completed,556.0,71.37355584082157,1,1,1,1,1,1,1
2024-07-04,16:39:45,CNR1874174,Completed,CID8836170,Auto,Indraprastha,Cyber Hub,5.9,43.0,,,,,,,1421.0,41.67,4.5,3.2,Uber Wallet,2024-07-04 16:39:45,2024,7,July,4,3,Thursday,16,0,Afternoon,1,0,0,0,Completed,1421.0,34.101271898248136,1,1,1,1,1,1,1
2024-12-05,08:44:46,CNR1874174,Completed,CID2041898,Auto,Tughlakabad,Mehrauli,5.1,43.0,,,,,,,761.0,22.06,3.6,4.6,UPI,2024-12-05 08:44:46,2024,12,December,5,3,Thursday,8,0,Morning,1,0,0,0,Completed,761.0,34.496826835902084,1,1,1,1,1,1,1
2024-12-07,18:58:11,CNR1880404,No Driver Found,CID5251492,Auto,Khan Market,Sikanderpur,,,,,,,,,,,,,,2024-12-07 18:58:11,2024,12,December,7,5,Saturday,18,1,Evening,0,0,0,1,No Driver Found,0.0,,0,0,0,0,0,0,0
2024-03-05,23:30:09,CNR1880404,Cancelled by Customer,CID5432760,Auto,Mandi House,Sarojini Nagar,19.3,,1.0,Driver asked to cancel,,,,,,,,,,2024-03-05 23:30:09,2024,3,March,5,1,Tuesday,23,0,Late Evening,0,1,0,0,Customer Cancelled,0.0,,0,0,0,0,0,1,0
2024-09-24,08:39:12,CNR1880533,No Driver Found,CID5643687,Go Sedan,Kalkaji,Huda City Centre,,,,,,,,,,,,,,2024-09-24 08:39:12,2024,9,September,24,1,Tuesday,8,0,Morning,0,0,0,1,No Driver Found,0.0,,0,0,0,0,0,0,0
2024-10-17,17:25:48,CNR1880533,Incomplete,CID7943162,Go Mini,Bahadurgarh,Udyog Bhawan,8.7,10.4,,,,,1.0,Other Issue,958.0,2.52,,,Cash,2024-10-17 17:25:48,2024,10,October,17,3,Thursday,17,0,Evening,0,0,1,0,Incomplete,0.0,,1,1,0,0,1,1,1
2024-03-19,10:05:44,CNR1883387,Completed,CID4208083,Bike,Model Town,Seelampur,11.9,24.5,,,,,,,382.0,21.89,4.7,4.3,Debit Card,2024-03-19 10:05:44,2024,3,March,19,1,Tuesday,10,0,Morning,1,0,0,0,Completed,382.0,17.45089081772499,1,1,1,1,1,1,1
2024-02-20,16:45:33,CNR1883387,Cancelled by Driver,CID4381996,Go Sedan,Barakhamba Road,Munirka,4.8,,,,1.0,Personal & Car related issues,,,,,,,,2024-02-20 16:45:33,2024,2,February,20,1,Tuesday,16,0,Afternoon,0,1,0,0,Driver Cancelled,0.0,,0,0,0,0,0,1,0
2024-10-25,20:39:36,CNR1884148,No Driver Found,CID8429081,Auto,Ashok Park Main,Botanical Garden,,,,,,,,,,,,,,2024-10-25 20:39:36,2024,10,October,25,4,Friday,20,0,Evening,0,0,0,1,No Driver Found,0.0,,0,0,0,0,0,0,0
2024-11-10,01:26:55,CNR1884148,Incomplete,CID7978258,Bike,Rithala,Paschim Vihar,4.5,24.3,,,,,1.0,Other Issue,1103.0,13.19,,,UPI,2024-11-10 01:26:55,2024,11,November,10,6,Sunday,1,1,Night,0,0,1,0,Incomplete,0.0,,1,1,0,0,1,1,1
2024-03-17,11:19:41,CNR1884806,Completed,CID9505944,Go Sedan,Dilshad Garden,Nirman Vihar,8.9,40.1,,,,,,,93.0,20.92,4.5,3.9,UPI,2024-03-17 11:19:41,2024,3,March,17,6,Sunday,11,1,Morning,1,0,0,0,Completed,93.0,4.4455066921606115,1,1,1,1,1,1,1
2024-03-07,06:33:08,CNR1884806,Completed,CID3518670,eBike,AIIMS,Basai Dhankot,8.7,27.4,,,,,,,407.0,40.45,4.7,4.6,Credit Card,2024-03-07 06:33:08,2024,3,March,7,3,Thursday,6,0,Morning,1,0,0,0,Completed,407.0,10.061804697156983,1,1,1,1,1,1,1
2024-02-12,12:18:43,CNR1890098,Completed,CID4971701,Auto,Jor Bagh,Madipur,2.0,31.2,,,,,,,880.0,14.46,4.7,4.8,UPI,2024-02-12 12:18:43,2024,2,February,12,0,Monday,12,0,Afternoon,1,0,0,0,Completed,880.0,60.85753803596127,1,1,1,1,1,1,1
2024-08-23,15:42:19,CNR1890098,Completed,CID9320259,Bike,Barakhamba Road,Saidulajab,14.8,19.7,,,,,,,264.0,31.8,4.2,3.4,Cash,2024-08-23 15:42:19,2024,8,August,23,4,Friday,15,0,Afternoon,1,0,0,0,Completed,264.0,8.30188679245283,1,1,1,1,1,1,1
2024-09-05,16:48:16,CNR1891450,Completed,CID1643058,Premier Sedan,Pulbangash,Saidulajab,5.7,31.9,,,,,,,542.0,6.41,4.9,5.0,Cash,2024-09-05 16:48:16,2024,9,September,5,3,Thursday,16,0,Afternoon,1,0,0,0,Completed,542.0,84.5553822152886,1,1,1,1,1,1,1
2024-05-07,22:50:25,CNR1891450,Completed,CID6043887,Auto,Punjabi Bagh,Udyog Vihar Phase 4,10.3,29.2,,,,,,,220.0,14.05,4.2,4.6,Cash,2024-05-07 22:50:25,2024,5,May,7,1,Tuesday,22,0,Late Evening,1,0,0,0,Completed,220.0,15.658362989323843,1,1,1,1,1,1,1
2024-08-31,10:20:51,CNR1896542,Completed,CID5513955,Bike,Sarojini Nagar,Aya Nagar,4.7,31.2,,,,,,,570.0,22.18,4.3,4.2,Cash,2024-08-31 10:20:51,2024,8,August,31,5,Saturday,10,1,Morning,1,0,0,0,Completed,570.0,25.69882777276826,1,1,1,1,1,1,1
2024-02-18,09:10:04,CNR1896542,Completed,CID7432103,Go Mini,Raj Nagar Extension,Paschim Vihar,11.3,34.3,,,,,,,103.0,16.27,4.2,4.6,UPI,2024-02-18 09:10:04,2024,2,February,18,6,Sunday,9,1,Morning,1,0,0,0,Completed,103.0,6.330669944683467,1,1,1,1,1,1,1
2024-06-30,19:31:04,CNR1906607,Completed,CID8863025,Bike,Mehrauli,Tis Hazari,10.8,42.1,,,,,,,1241.0,29.38,4.2,4.2,Debit Card,2024-06-30 19:31:04,2024,6,June,30,6,Sunday,19,1,Evening,1,0,0,0,Completed,1241.0,42.23961878829136,1,1,1,1,1,1,1
2024-12-19,20:09:03,CNR1906607,No Driver Found,CID9351555,Bike,ITO,Hauz Khas,,,,,,,,,,,,,,2024-12-19 20:09:03,2024,12,December,19,3,Thursday,20,0,Evening,0,0,0,1,No Driver Found,0.0,,0,0,0,0,0,0,0
2024-03-17,22:17:55,CNR1909904,Completed,CID2955135,Bike,New Colony,Chanakyapuri,13.1,33.9,,,,,,,395.0,17.0,4.6,3.7,Cash,2024-03-17 22:17:55,2024,3,March,17,6,Sunday,22,1,Late Evening,1,0,0,0,Completed,395.0,23.235294117647058,1,1,1,1,1,1,1
2024-11-20,11:11:43,CNR1909904,Cancelled by Driver,CID1820884,Go Sedan,Ramesh Nagar,Pitampura,7.9,,,,1.0,More than permitted people in there,,,,,,,,2024-11-20 11:11:43,2024,11,November,20,2,Wednesday,11,0,Morning,0,1,0,0,Driver Cancelled,0.0,,0,0,0,0,0,1,0
2024-06-25,20:39:42,CNR1920690,Incomplete,CID6029333,Premier Sedan,Greater Kailash,Udyog Vihar Phase 4,4.7,20.1,,,,,1.0,Customer Demand,268.0,3.41,,,UPI,2024-06-25 20:39:42,2024,6,June,25,1,Tuesday,20,0,Evening,0,0,1,0,Incomplete,0.0,,1,1,0,0,1,1,1
2024-01-20,13:20:25,CNR1920690,Completed,CID7141326,Bike,Indirapuram,Pragati Maidan,5.4,40.4,,,,,,,1140.0,20.09,4.3,4.2,Cash,2024-01-20 13:20:25,2024,1,January,20,5,Saturday,13,1,Afternoon,1,0,0,0,Completed,1140.0,56.744649079143855,1,1,1,1,1,1,1
2024-12-07,23:15:58,CNR1926907,No Driver Found,CID6177623,Go Mini,Kherki Daula Toll,Tughlakabad,,,,,,,,,,,,,,2024-12-07 23:15:58,2024,12,December,7,5,Saturday,23,1,Late Evening,0,0,0,1,No Driver Found,0.0,,0,0,0,0,0,0,0
2024-12-21,10:19:01,CNR1926907,Completed,CID3513177,Go Sedan,Okhla,Paschim Vihar,2.4,26.7,,,,,,,511.0,15.78,4.9,4.2,Uber Wallet,2024-12-21 10:19:01,2024,12,December,21,5,Saturday,10,1,Morning,1,0,0,0,Completed,511.0,32.38276299112801,1,1,1,1,1,1,1
2024-06-17,00:07:01,CNR1929978,Cancelled by Driver,CID5318133,Go Mini,Hero Honda Chowk,Ghitorni,4.3,,,,1.0,Personal & Car related issues,,,,,,,,2024-06-17 00:07:01,2024,6,June,17,0,Monday,0,0,Night,0,1,0,0,Driver Cancelled,0.0,,0,0,0,0,0,1,0
2024-07-10,03:11:43,CNR1929978,Completed,CID4485168,Go Sedan,Hauz Rani,Bhiwadi,10.5,40.6,,,,,,,767.0,8.75,4.7,4.3,Cash,2024-07-10 03:11:43,2024,7,July,10,2,Wednesday,3,0,Night,1,0,0,0,Completed,767.0,87.65714285714286,1,1,1,1,1,1,1
2024-05-25,05:58:25,CNR1936089,Completed,CID8441234,Go Mini,Kirti Nagar,Tughlakabad,5.0,32.8,,,,,,,236.0,14.26,4.1,4.2,Cash,2024-05-25 05:58:25,2024,5,May,25,5,Saturday,5,1,Night,1,0,0,0,Completed,236.0,16.549789621318375,1,1,1,1,1,1,1
2024-04-09,12:25:58,CNR1936089,Completed,CID7447248,eBike,Tis Hazari,Jahangirpuri,6.6,24.1,,,,,,,356.0,31.6,4.2,4.6,UPI,2024-04-09 12:25:58,2024,4,April,9,1,Tuesday,12,0,Afternoon,1,0,0,0,Completed,356.0,11.265822784810126,1,1,1,1,1,1,1
2024-01-25,18:50:13,CNR1938470,Completed,CID4005837,Go Sedan,Pataudi Chowk,Dwarka Mor,6.4,28.5,,,,,,,53.0,36.35,4.1,3.8,UPI,2024-01-25 18:50:13,2024,1,January,25,3,Thursday,18,0,Evening,1,0,0,0,Completed,53.0,1.4580467675378266,1,1,1,1,1,1,1
2024-08-27,14:14:49,CNR1938470,Completed,CID9440777,Uber XL,Mundka,ITO,4.1,34.8,,,,,,,459.0,8.43,4.7,3.7,UPI,2024-08-27 14:14:49,2024,8,August,27,1,Tuesday,14,0,Afternoon,1,0,0,0,Completed,459.0,54.44839857651246,1,1,1,1,1,1,1
2024-01-11,10:00:56,CNR1947426,Completed,CID7383330,Premier Sedan,Anand Vihar ISBT,Okhla,4.4,39.0,,,,,,,835.0,41.15,3.9,4.6,Credit Card,2024-01-11 10:00:56,2024,1,January,11,3,Thursday,10,0,Morning,1,0,0,0,Completed,835.0,20.29161603888214,1,1,1,1,1,1,1
2024-08-26,16:08:37,CNR1947426,Cancelled by Driver,CID2775970,Go Mini,AIIMS,Subhash Chowk,3.1,,,,1.0,More than permitted people in there,,,,,,,,2024-08-26 16:08:37,2024,8,August,26,0,Monday,16,0,Afternoon,0,1,0,0,Driver Cancelled,0.0,,0,0,0,0,0,1,0
2024-03-21,13:36:29,CNR1954286,Completed,CID3082823,eBike,India Gate,Saidulajab,7.7,26.3,,,,,,,161.0,12.77,4.8,4.3,Cash,2024-03-21 13:36:29,2024,3,March,21,3,Thursday,13,0,Afternoon,1,0,0,0,Completed,161.0,12.607674236491778,1,1,1,1,1,1,1
2024-02-10,18:25:01,CNR1954286,Incomplete,CID4186940,Go Mini,Ashok Vihar,Seelampur,9.3,19.8,,,,,1.0,Customer Demand,356.0,12.51,,,UPI,2024-02-10 18:25:01,2024,2,February,10,5,Saturday,18,1,Evening,0,0,1,0,Incomplete,0.0,,1,1,0,0,1,1,1
2024-02-26,18:00:38,CNR1965212,Completed,CID9714472,Auto,Hero Honda Chowk,Hauz Khas,9.4,39.1,,,,,,,274.0,28.25,4.5,4.6,UPI,2024-02-26 18:00:38,2024,2,February,26,0,Monday,18,0,Evening,1,0,0,0,Completed,274.0,9.699115044247788,1,1,1,1,1,1,1
2024-11-02,21:03:19,CNR1965212,Cancelled by Driver,CID9322915,Go Sedan,MG Road,Seelampur,11.5,,,,1.0,The customer was coughing/sick,,,,,,,,2024-11-02 21:03:19,2024,11,November,2,5,Saturday,21,1,Late Evening,0,1,0,0,Driver Cancelled,0.0,,0,0,0,0,0,1,0
2024-08-03,22:58:43,CNR1973760,Cancelled by Driver,CID1097669,eBike,IGI Airport,Bhiwadi,5.8,,,,1.0,More than permitted people in there,,,,,,,,2024-08-03 22:58:43,2024,8,August,3,5,Saturday,22,1,Late Evening,0,1,0,0,Driver Cancelled,0.0,,0,0,0,0,0,1,0
2024-05-22,21:03:37,CNR1973760,Completed,CID7907240,eBike,Bhiwadi,India Gate,5.6,30.9,,,,,,,377.0,3.18,4.3,3.8,UPI,2024-05-22 21:03:37,2024,5,May,22,2,Wednesday,21,0,Late Evening,1,0,0,0,Completed,377.0,118.55345911949685,1,1,1,1,1,1,1
2024-06-23,08:42:39,CNR1977213,Completed,CID4204702,Bike,Janakpuri,Indraprastha,14.4,25.7,,,,,,,534.0,33.63,4.9,4.2,UPI,2024-06-23 08:42:39,2024,6,June,23,6,Sunday,8,1,Morning,1,0,0,0,Completed,534.0,15.878679750223014,1,1,1,1,1,1,1
2024-12-15,20:52:50,CNR1977213,Cancelled by Driver,CID1895001,Premier Sedan,Kalkaji,India Gate,8.1,,,,1.0,More than permitted people in there,,,,,,,,2024-12-15 20:52:50,2024,12,December,15,6,Sunday,20,1,Evening,0,1,0,0,Driver Cancelled,0.0,,0,0,0,0,0,1,0
2024-04-18,23:27:55,CNR2002014,Completed,CID6988595,Auto,Golf Course Road,IGI Airport,6.3,43.0,,,,,,,825.0,46.61,4.2,4.6,Uber Wallet,2024-04-18 23:27:55,2024,4,April,18,3,Thursday,23,0,Late Evening,1,0,0,0,Completed,825.0,17.700064363870414,1,1,1,1,1,1,1
2024-02-18,15:50:18,CNR2002014,Completed,CID2968269,Go Mini,Ashram,Ghitorni,12.0,43.7,,,,,,,234.0,22.35,4.3,4.1,UPI,2024-02-18 15:50:18,2024,2,February,18,6,Sunday,15,1,Afternoon,1,0,0,0,Completed,234.0,10.46979865771812,1,1,1,1,1,1,1
2024-03-20,22:09:37,CNR2002872,Completed,CID2288827,Premier Sedan,Kanhaiya Nagar,Kashmere Gate ISBT,4.0,32.9,,,,,,,690.0,29.75,4.0,5.0,UPI,2024-03-20 22:09:37,2024,3,March,20,2,Wednesday,22,0,Late Evening,1,0,0,0,Completed,690.0,23.19327731092437,1,1,1,1,1,1,1
2024-08-16,11:51:36,CNR2002872,Completed,CID8244531,Go Sedan,Cyber Hub,Moolchand,14.3,29.7,,,,,,,62.0,22.03,4.4,4.8,UPI,2024-08-16 11:51:36,2024,8,August,16,4,Friday,11,0,Morning,1,0,0,0,Completed,62.0,2.814344076259646,1,1,1,1,1,1,1
2024-10-18,18:42:30,CNR2027560,Cancelled by Driver,CID5052872,Go Mini,Akshardham,IGI Airport,8.0,,,,1.0,Personal & Car related issues,,,,,,,,2024-10-18 18:42:30,2024,10,October,18,4,Friday,18,0,Evening,0,1,0,0,Driver Cancelled,0.0,,0,0,0,0,0,1,0
2024-01-02,11:13:18,CNR2027560,Cancelled by Driver,CID1992708,Go Mini,Chirag Delhi,Faridabad Sector 15,8.3,,,,1.0,The customer was coughing/sick,,,,,,,,2024-01-02 11:13:18,2024,1,January,2,1,Tuesday,11,0,Morning,0,1,0,0,Driver Cancelled,0.0,,0,0,0,0,0,1,0
2024-05-28,18:19:56,CNR2030807,Completed,CID6882051,Go Mini,Peeragarhi,Sultanpur,7.1,30.6,,,,,,,256.0,18.87,3.6,4.9,Cash,2024-05-28 18:19:56,2024,5,May,28,1,Tuesday,18,0,Evening,1,0,0,0,Completed,256.0,13.566507684154741,1,1,1,1,1,1,1
2024-03-30,17:53:24,CNR2030807,Completed,CID2440543,Go Sedan,Karkarduma,Barakhamba Road,8.9,16.4,,,,,,,445.0,47.78,4.3,4.1,Cash,2024-03-30 17:53:24,2024,3,March,30,5,Saturday,17,1,Evening,1,0,0,0,Completed,445.0,9.313520301381331,1,1,1,1,1,1,1
2024-12-25,06:32:52,CNR2048660,Completed,CID2971247,Go Mini,Nirman Vihar,Pragati Maidan,9.7,26.4,,,,,,,1255.0,30.49,4.8,4.8,Credit Card,2024-12-25 06:32:52,2024,12,December,25,2,Wednesday,6,0,Morning,1,0,0,0,Completed,1255.0,41.161036405378816,1,1,1,1,1,1,1
2024-02-09,21:17:01,CNR2048660,Completed,CID7115942,Go Mini,Pragati Maidan,Subhash Chowk,4.8,23.3,,,,,,,55.0,40.77,4.4,4.3,Debit Card,2024-02-09 21:17:01,2024,2,February,9,4,Friday,21,0,Late Evening,1,0,0,0,Completed,55.0,1.3490311503556536,1,1,1,1,1,1,1
2024-05-12,19:23:50,CNR2051088,Completed,CID6098837,Auto,Bhiwadi,New Colony,2.6,33.2,,,,,,,265.0,30.58,4.6,4.2,Credit Card,2024-05-12 19:23:50,2024,5,May,12,6,Sunday,19,1,Evening,1,0,0,0,Completed,265.0,8.66579463701766,1,1,1,1,1,1,1
2024-04-07,21:24:12,CNR2051088,Completed,CID1596717,Go Mini,Rajiv Chowk,Dwarka Mor,4.6,19.7,,,,,,,101.0,27.09,4.6,4.5,UPI,2024-04-07 21:24:12,2024,4,April,7,6,Sunday,21,1,Late Evening,1,0,0,0,Completed,101.0,3.728313030638612,1,1,1,1,1,1,1
2024-05-10,09:10:47,CNR2058947,Completed,CID7047674,Go Mini,Sadar Bazar Gurgaon,Gwal Pahari,13.0,24.0,,,,,,,381.0,42.09,4.1,4.3,UPI,2024-05-10 09:10:47,2024,5,May,10,4,Friday,9,0,Morning,1,0,0,0,Completed,381.0,9.052031361368496,1,1,1,1,1,1,1
2024-02-19,14:18:23,CNR2058947,Cancelled by Driver,CID9960134,Bike,Palam Vihar,Kadarpur,9.2,,,,1.0,More than permitted people in there,,,,,,,,2024-02-19 14:18:23,2024,2,February,19,0,Monday,14,0,Afternoon,0,1,0,0,Driver Cancelled,0.0,,0,0,0,0,0,1,0
2024-08-30,08:53:10,CNR2064407,Completed,CID6772066,eBike,Ghitorni Village,Subhash Chowk,7.1,42.6,,,,,,,279.0,29.06,4.7,4.9,UPI,2024-08-30 08:53:10,2024,8,August,30,4,Friday,8,0,Morning,1,0,0,0,Completed,279.0,9.600825877494838,1,1,1,1,1,1,1
2024-01-23,19:07:20,CNR2064407,Cancelled by Customer,CID7121773,Premier Sedan,Janakpuri,Mehrauli,19.7,,1.0,Driver asked to cancel,,,,,,,,,,2024-01-23 19:07:20,2024,1,January,23,1,Tuesday,19,0,Evening,0,1,0,0,Customer Cancelled,0.0,,0,0,0,0,0,1,0
2024-08-17,21:23:49,CNR2064988,Incomplete,CID1545553,Premier Sedan,Ashok Vihar,Sikanderpur,7.0,27.1,,,,,1.0,Customer Demand,113.0,12.6,,,UPI,2024-08-17 21:23:49,2024,8,August,17,5,Saturday,21,1,Late Evening,0,0,1,0,Incomplete,0.0,,1,1,0,0,1,1,1
2024-11-15,20:08:37,CNR2064988,Completed,CID4265334,Bike,Jama Masjid,Shahdara,10.1,18.3,,,,,,,431.0,19.3,4.9,4.3,Cash,2024-11-15 20:08:37,2024,11,November,15,4,Friday,20,0,Evening,1,0,0,0,Completed,431.0,22.331606217616578,1,1,1,1,1,1,1
2024-05-03,09:20:07,CNR2071538,Completed,CID2119160,Go Sedan,Udyog Vihar Phase 4,Tagore Garden,13.8,35.5,,,,,,,249.0,5.07,4.7,4.2,Uber Wallet,2024-05-03 09:20:07,2024,5,May,3,4,Friday,9,0,Morning,1,0,0,0,Completed,249.0,49.112426035502956,1,1,1,1,1,1,1
2024-10-26,09:37:07,CNR2071538,Completed,CID8579844,Go Mini,Nehru Place,Karkarduma,14.7,32.5,,,,,,,809.0,17.04,4.9,4.7,Cash,2024-10-26 09:37:07,2024,10,October,26,5,Saturday,9,1,Morning,1,0,0,0,Completed,809.0,47.47652582159625,1,1,1,1,1,1,1
2024-03-22,21:51:21,CNR2078514,Cancelled by Driver,CID7330778,eBike,Gurgaon Sector 29,Ambience Mall,9.7,,,,1.0,Personal & Car related issues,,,,,,,,2024-03-22 21:51:21,2024,3,March,22,4,Friday,21,0,Late Evening,0,1,0,0,Driver Cancelled,0.0,,0,0,0,0,0,1,0
2024-10-03,18:55:19,CNR2078514,Cancelled by Driver,CID7518833,Go Sedan,Ashok Park Main,Rajiv Nagar,11.7,,,,1.0,Personal & Car related issues,,,,,,,,2024-10-03 18:55:19,2024,10,October,3,3,Thursday,18,0,Evening,0,1,0,0,Driver Cancelled,0.0,,0,0,0,0,0,1,0
2024-04-07,15:08:56,CNR2081599,Cancelled by Driver,CID5850989,Go Sedan,Ghaziabad,Mundka,11.7,,,,1.0,More than permitted people in there,,,,,,,,2024-04-07 15:08:56,2024,4,April,7,6,Sunday,15,1,Afternoon,0,1,0,0,Driver Cancelled,0.0,,0,0,0,0,0,1,0
2024-03-08,16:20:30,CNR2081599,No Driver Found,CID5070556,Go Sedan,Okhla,Nirman Vihar,,,,,,,,,,,,,,2024-03-08 16:20:30,2024,3,March,8,4,Friday,16,0,Afternoon,0,0,0,1,No Driver Found,0.0,,0,0,0,0,0,0,0
2024-07-11,16:34:02,CNR2084558,Cancelled by Driver,CID1352329,Bike,Satguru Ram Singh Marg,IMT Manesar,5.1,,,,1.0,Personal & Car related issues,,,,,,,,2024-07-11 16:34:02,2024,7,July,11,3,Thursday,16,0,Afternoon,0,1,0,0,Driver Cancelled,0.0,,0,0,0,0,0,1,0
2024-11-10,22:27:15,CNR2084558,No Driver Found,CID2346759,Auto,Subhash Chowk,Ardee City,,,,,,,,,,,,,,2024-11-10 22:27:15,2024,11,November,10,6,Sunday,22,1,Late Evening,0,0,0,1,No Driver Found,0.0,,0,0,0,0,0,0,0
2024-05-17,10:17:32,CNR2095939,Cancelled by Driver,CID8712490,Auto,Kadarpur,Karol Bagh,10.6,,,,1.0,Personal & Car related issues,,,,,,,,2024-05-17 10:17:32,2024,5,May,17,4,Friday,10,0,Morning,0,1,0,0,Driver Cancelled,0.0,,0,0,0,0,0,1,0
2024-07-16,18:13:01,CNR2095939,Cancelled by Driver,CID7136263,Bike,Manesar,Jahangirpuri,8.4,,,,1.0,Customer related issue,,,,,,,,2024-07-16 18:13:01,2024,7,July,16,1,Tuesday,18,0,Evening,0,1,0,0,Driver Cancelled,0.0,,0,0,0,0,0,1,0
2024-03-10,16:47:48,CNR2111328,Cancelled by Driver,CID9092472,Bike,Udyog Vihar,Patel Chowk,11.1,,,,1.0,More than permitted people in there,,,,,,,,2024-03-10 16:47:48,2024,3,March,10,6,Sunday,16,1,Afternoon,0,1,0,0,Driver Cancelled,0.0,,0,0,0,0,0,1,0
2024-01-28,23:31:55,CNR2111328,Cancelled by Driver,CID1377855,Bike,Greater Kailash,Nawada,5.5,,,,1.0,Personal & Car related issues,,,,,,,,2024-01-28 23:31:55,2024,1,January,28,6,Sunday,23,1,Late Evening,0,1,0,0,Driver Cancelled,0.0,,0,0,0,0,0,1,0
2024-08-25,15:30:28,CNR2112535,Completed,CID8639329,Auto,Noida Extension,Tis Hazari,3.1,38.3,,,,,,,1123.0,40.93,4.3,4.9,Cash,2024-08-25 15:30:28,2024,8,August,25,6,Sunday,15,1,Afternoon,1,0,0,0,Completed,1123.0,27.437087710725628,1,1,1,1,1,1,1
2024-04-03,10:37:26,CNR2112535,Completed,CID1259845,eBike,Chanakyapuri,Anand Vihar ISBT,14.8,30.9,,,,,,,250.0,6.57,4.3,3.7,UPI,2024-04-03 10:37:26,2024,4,April,3,2,Wednesday,10,0,Morning,1,0,0,0,Completed,250.0,38.051750380517504,1,1,1,1,1,1,1
2024-10-04,05:54:51,CNR2118096,Completed,CID6366168,Auto,Shastri Park,Keshav Puram,6.0,36.6,,,,,,,769.0,49.54,3.7,4.9,UPI,2024-10-04 05:54:51,2024,10,October,4,4,Friday,5,0,Night,1,0,0,0,Completed,769.0,15.522809850625757,1,1,1,1,1,1,1
2024-10-17,18:21:32,CNR2118096,Incomplete,CID1919620,Uber XL,Ramesh Nagar,Chandni Chowk,7.2,26.0,,,,,1.0,Customer Demand,62.0,18.93,,,UPI,2024-10-17 18:21:32,2024,10,October,17,3,Thursday,18,0,Evening,0,0,1,0,Incomplete,0.0,,1,1,0,0,1,1,1
2024-05-24,19:42:10,CNR2119827,Cancelled by Customer,CID8338259,Go Mini,Qutub Minar,Shahdara,9.6,,1.0,Wrong Address,,,,,,,,,,2024-05-24 19:42:10,2024,5,May,24,4,Friday,19,0,Evening,0,1,0,0,Customer Cancelled,0.0,,0,0,0,0,0,1,0
2024-02-03,10:15:44,CNR2119827,Completed,CID7740730,Go Sedan,Vaishali,Meerut,2.0,33.5,,,,,,,1365.0,23.75,4.4,4.2,Credit Card,2024-02-03 10:15:44,2024,2,February,3,5,Saturday,10,1,Morning,1,0,0,0,Completed,1365.0,57.473684210526315,1,1,1,1,1,1,1
2024-11-05,19:05:55,CNR2120145,Cancelled by Driver,CID4920562,Auto,New Colony,Jhilmil,9.4,,,,1.0,The customer was coughing/sick,,,,,,,,2024-11-05 19:05:55,2024,11,November,5,1,Tuesday,19,0,Evening,0,1,0,0,Driver Cancelled,0.0,,0,0,0,0,0,1,0
2024-06-01,16:08:47,CNR2120145,Cancelled by Driver,CID1546521,Go Mini,GTB Nagar,Sultanpur,11.4,,,,1.0,Customer related issue,,,,,,,,2024-06-01 16:08:47,2024,6,June,1,5,Saturday,16,1,Afternoon,0,1,0,0,Driver Cancelled,0.0,,0,0,0,0,0,1,0
2024-08-03,03:46:20,CNR2127822,No Driver Found,CID9444105,Bike,Ghitorni Village,Indirapuram,,,,,,,,,,,,,,2024-08-03 03:46:20,2024,8,August,3,5,Saturday,3,1,Night,0,0,0,1,No Driver Found,0.0,,0,0,0,0,0,0,0
2024-01-01,17:39:02,CNR2127822,Cancelled by Driver,CID2082356,Go Sedan,Anand Vihar ISBT,Keshav Puram,4.6,,,,1.0,Personal & Car related issues,,,,,,,,2024-01-01 17:39:02,2024,1,January,1,0,Monday,17,0,Evening,0,1,0,0,Driver Cancelled,0.0,,0,0,0,0,0,1,0
2024-12-26,21:54:53,CNR2127867,Completed,CID1267491,Auto,Ambience Mall,Janakpuri,6.9,22.1,,,,,,,225.0,34.35,4.6,3.9,Uber Wallet,2024-12-26 21:54:53,2024,12,December,26,3,Thursday,21,0,Late Evening,1,0,0,0,Completed,225.0,6.550218340611353,1,1,1,1,1,1,1
2024-11-25,07:13:06,CNR2127867,Cancelled by Driver,CID7581901,Go Mini,Narsinghpur,Nawada,5.8,,,,1.0,Personal & Car related issues,,,,,,,,2024-11-25 07:13:06,2024,11,November,25,0,Monday,7,0,Morning,0,1,0,0,Driver Cancelled,0.0,,0,0,0,0,0,1,0
2024-09-21,09:59:28,CNR2128119,Cancelled by Driver,CID2526512,eBike,Connaught Place,Panipat,7.8,,,,1.0,Personal & Car related issues,,,,,,,,2024-09-21 09:59:28,2024,9,September,21,5,Saturday,9,1,Morning,0,1,0,0,Driver Cancelled,0.0,,0,0,0,0,0,1,0
2024-03-16,20:55:43,CNR2128119,Completed,CID3718003,Go Sedan,Welcome,Rajiv Chowk,11.4,28.7,,,,,,,474.0,18.51,4.3,4.9,Credit Card,2024-03-16 20:55:43,2024,3,March,16,5,Saturday,20,1,Evening,1,0,0,0,Completed,474.0,25.607779578606156,1,1,1,1,1,1,1
2024-11-09,19:26:41,CNR2132084,Completed,CID5123783,Bike,Dilshad Garden,Gurgaon Sector 56,13.1,32.2,,,,,,,723.0,41.84,4.3,3.0,UPI,2024-11-09 19:26:41,2024,11,November,9,5,Saturday,19,1,Evening,1,0,0,0,Completed,723.0,17.280114722753346,1,1,1,1,1,1,1
2024-03-01,15:15:57,CNR2132084,Cancelled by Customer,CID1708422,Bike,Raj Nagar Extension,Kalkaji,19.2,,1.0,Driver is not moving towards pickup location,,,,,,,,,,2024-03-01 15:15:57,2024,3,March,1,4,Friday,15,0,Afternoon,0,1,0,0,Customer Cancelled,0.0,,0,0,0,0,0,1,0
2024-04-19,18:43:33,CNR2132985,Cancelled by Customer,CID9721637,Uber XL,Kalkaji,Rohini,9.7,,1.0,Change of plans,,,,,,,,,,2024-04-19 18:43:33,2024,4,April,19,4,Friday,18,0,Evening,0,1,0,0,Customer Cancelled,0.0,,0,0,0,0,0,1,0
2024-01-05,22:39:52,CNR2132985,Completed,CID5182091,Premier Sedan,Lok Kalyan Marg,Bhikaji Cama Place,13.3,22.0,,,,,,,655.0,32.26,3.8,4.3,Debit Card,2024-01-05 22:39:52,2024,1,January,5,4,Friday,22,0,Late Evening,1,0,0,0,Completed,655.0,20.303781773093615,1,1,1,1,1,1,1
2024-06-12,09:58:20,CNR2133561,Incomplete,CID9346823,Premier Sedan,Peeragarhi,Mansarovar Park,6.5,12.5,,,,,1.0,Other Issue,353.0,17.84,,,UPI,2024-06-12 09:58:20,2024,6,June,12,2,Wednesday,9,0,Morning,0,0,1,0,Incomplete,0.0,,1,1,0,0,1,1,1
2024-02-08,09:37:08,CNR2133561,No Driver Found,CID9202375,eBike,Jhilmil,Saket A Block,,,,,,,,,,,,,,2024-02-08 09:37:08,2024,2,February,8,3,Thursday,9,0,Morning,0,0,0,1,No Driver Found,0.0,,0,0,0,0,0,0,0
2024-01-10,10:31:51,CNR2139424,Cancelled by Driver,CID4171274,Auto,Raj Nagar Extension,IFFCO Chowk,4.1,,,,1.0,Personal & Car related issues,,,,,,,,2024-01-10 10:31:51,2024,1,January,10,2,Wednesday,10,0,Morning,0,1,0,0,Driver Cancelled,0.0,,0,0,0,0,0,1,0
2024-06-08,09:47:13,CNR2139424,No Driver Found,CID8332049,Go Mini,Vinobapuri,Badarpur,,,,,,,,,,,,,,2024-06-08 09:47:13,2024,6,June,8,5,Saturday,9,1,Morning,0,0,0,1,No Driver Found,0.0,,0,0,0,0,0,0,0
2024-10-04,21:31:41,CNR2141889,No Driver Found,CID9200785,Go Sedan,Connaught Place,Indirapuram,,,,,,,,,,,,,,2024-10-04 21:31:41,2024,10,October,4,4,Friday,21,0,Late Evening,0,0,0,1,No Driver Found,0.0,,0,0,0,0,0,0,0
2024-07-17,19:36:31,CNR2141889,Cancelled by Customer,CID6402892,Auto,Sarai Kale Khan,Vinobapuri,19.8,,1.0,Change of plans,,,,,,,,,,2024-07-17 19:36:31,2024,7,July,17,2,Wednesday,19,0,Evening,0,1,0,0,Customer Cancelled,0.0,,0,0,0,0,0,1,0
2024-01-26,17:01:55,CNR2144632,Completed,CID5794089,Bike,Maidan Garhi,Patel Chowk,9.5,40.9,,,,,,,368.0,41.57,4.1,3.7,Uber Wallet,2024-01-26 17:01:55,2024,1,January,26,4,Friday,17,0,Evening,1,0,0,0,Completed,368.0,8.852537887899928,1,1,1,1,1,1,1
2024-04-24,11:05:13,CNR2144632,Cancelled by Driver,CID6797938,Go Mini,GTB Nagar,Adarsh Nagar,8.7,,,,1.0,Customer related issue,,,,,,,,2024-04-24 11:05:13,2024,4,April,24,2,Wednesday,11,0,Morning,0,1,0,0,Driver Cancelled,0.0,,0,0,0,0,0,1,0
2024-07-21,11:17:04,CNR2149873,Completed,CID8958367,Uber XL,Connaught Place,Okhla,3.7,40.0,,,,,,,214.0,14.8,4.2,4.5,Cash,2024-07-21 11:17:04,2024,7,July,21,6,Sunday,11,1,Morning,1,0,0,0,Completed,214.0,14.45945945945946,1,1,1,1,1,1,1
2024-11-18,07:48:42,CNR2149873,Cancelled by Customer,CID2605780,Uber XL,Rajiv Nagar,Ashok Park Main,16.4,,1.0,AC is not working,,,,,,,,,,2024-11-18 07:48:42,2024,11,November,18,0,Monday,7,0,Morning,0,1,0,0,Customer Cancelled,0.0,,0,0,0,0,0,1,0
2024-11-23,20:03:42,CNR2156151,Completed,CID3207158,Go Sedan,Peeragarhi,Ashok Park Main,7.0,35.0,,,,,,,757.0,17.92,3.7,4.1,UPI,2024-11-23 20:03:42,2024,11,November,23,5,Saturday,20,1,Evening,1,0,0,0,Completed,757.0,42.24330357142857,1,1,1,1,1,1,1
2024-10-21,15:13:51,CNR2156151,Cancelled by Driver,CID7858224,Bike,Nehru Place,Tughlakabad,8.8,,,,1.0,The customer was coughing/sick,,,,,,,,2024-10-21 15:13:51,2024,10,October,21,0,Monday,15,0,Afternoon,0,1,0,0,Driver Cancelled,0.0,,0,0,0,0,0,1,0
2024-07-07,12:12:19,CNR2156605,Cancelled by Customer,CID6866248,Auto,GTB Nagar,Moolchand,9.9,,1.0,Change of plans,,,,,,,,,,2024-07-07 12:12:19,2024,7,July,7,6,Sunday,12,1,Afternoon,0,1,0,0,Customer Cancelled,0.0,,0,0,0,0,0,1,0
2024-10-07,23:19:29,CNR2156605,Completed,CID1839612,eBike,Preet Vihar,Peeragarhi,9.5,39.0,,,,,,,77.0,20.27,4.2,4.6,UPI,2024-10-07 23:19:29,2024,10,October,7,0,Monday,23,0,Late Evening,1,0,0,0,Completed,77.0,3.798717316230883,1,1,1,1,1,1,1
2024-04-04,16:08:18,CNR2175227,Completed,CID4877674,Go Mini,Paschim Vihar,Delhi Gate,6.1,43.3,,,,,,,752.0,42.83,4.6,4.6,Credit Card,2024-04-04 16:08:18,2024,4,April,4,3,Thursday,16,0,Afternoon,1,0,0,0,Completed,752.0,17.557786598178847,1,1,1,1,1,1,1
2024-02-22,12:57:22,CNR2175227,Incomplete,CID1444050,Premier Sedan,Sohna Road,Janakpuri,9.5,14.6,,,,,1.0,Customer Demand,197.0,5.3,,,Uber Wallet,2024-02-22 12:57:22,2024,2,February,22,3,Thursday,12,0,Afternoon,0,0,1,0,Incomplete,0.0,,1,1,0,0,1,1,1
2024-11-09,09:13:50,CNR2176828,Completed,CID3872455,Go Sedan,Civil Lines Gurgaon,Moolchand,8.1,19.6,,,,,,,865.0,21.17,4.3,4.9,UPI,2024-11-09 09:13:50,2024,11,November,9,5,Saturday,9,1,Morning,1,0,0,0,Completed,865.0,40.859707132735,1,1,1,1,1,1,1
2024-05-15,10:58:48,CNR2176828,Completed,CID7718939,Premier Sedan,Lok Kalyan Marg,Jhilmil,11.6,37.2,,,,,,,205.0,8.05,3.8,4.9,Uber Wallet,2024-05-15 10:58:48,2024,5,May,15,2,Wednesday,10,0,Morning,1,0,0,0,Completed,205.0,25.465838509316768,1,1,1,1,1,1,1
2024-02-05,09:45:39,CNR2186498,Completed,CID9457634,Go Mini,Anand Vihar ISBT,Preet Vihar,13.3,23.1,,,,,,,470.0,15.31,3.7,4.9,Uber Wallet,2024-02-05 09:45:39,2024,2,February,5,0,Monday,9,0,Morning,1,0,0,0,Completed,470.0,30.69888961463096,1,1,1,1,1,1,1
2024-10-04,21:14:19,CNR2186498,Cancelled by Driver,CID8782551,Premier Sedan,Gurgaon Railway Station,Akshardham,6.1,,,,1.0,Personal & Car related issues,,,,,,,,2024-10-04 21:14:19,2024,10,October,4,4,Friday,21,0,Late Evening,0,1,0,0,Driver Cancelled,0.0,,0,0,0,0,0,1,0
2024-06-14,18:10:18,CNR2188205,Completed,CID1649861,Go Sedan,Punjabi Bagh,Janakpuri,5.4,43.9,,,,,,,248.0,43.06,5.0,4.0,UPI,2024-06-14 18:10:18,2024,6,June,14,4,Friday,18,0,Evening,1,0,0,0,Completed,248.0,5.7594054807245705,1,1,1,1,1,1,1
2024-08-25,16:38:17,CNR2188205,Completed,CID1720337,Go Mini,Arjangarh,Pragati Maidan,6.6,24.3,,,,,,,1084.0,48.26,3.9,4.2,UPI,2024-08-25 16:38:17,2024,8,August,25,6,Sunday,16,1,Afternoon,1,0,0,0,Completed,1084.0,22.46166597596353,1,1,1,1,1,1,1
2024-08-24,10:10:42,CNR2188772,Completed,CID3237928,eBike,Vaishali,Vatika Chowk,6.8,23.3,,,,,,,857.0,24.26,4.3,4.9,Cash,2024-08-24 10:10:42,2024,8,August,24,5,Saturday,10,1,Morning,1,0,0,0,Completed,857.0,35.32563891178895,1,1,1,1,1,1,1
2024-02-09,18:27:01,CNR2188772,Cancelled by Driver,CID7244845,Go Mini,Samaypur Badli,Shahdara,5.2,,,,1.0,Personal & Car related issues,,,,,,,,2024-02-09 18:27:01,2024,2,February,9,4,Friday,18,0,Evening,0,1,0,0,Driver Cancelled,0.0,,0,0,0,0,0,1,0
2024-06-19,06:16:49,CNR2197499,Cancelled by Driver,CID7237180,Auto,Anand Vihar ISBT,Cyber Hub,5.5,,,,1.0,The customer was coughing/sick,,,,,,,,2024-06-19 06:16:49,2024,6,June,19,2,Wednesday,6,0,Morning,0,1,0,0,Driver Cancelled,0.0,,0,0,0,0,0,1,0
2024-05-10,10:10:57,CNR2197499,Completed,CID9319528,Bike,Tilak Nagar,Welcome,12.0,30.0,,,,,,,611.0,24.52,3.7,3.7,Credit Card,2024-05-10 10:10:57,2024,5,May,10,4,Friday,10,0,Morning,1,0,0,0,Completed,611.0,24.918433931484504,1,1,1,1,1,1,1
2024-01-26,18:43:31,CNR2211931,Completed,CID2055091,eBike,Okhla,Paschim Vihar,12.1,26.7,,,,,,,1038.0,35.02,3.8,4.3,UPI,2024-01-26 18:43:31,2024,1,January,26,4,Friday,18,0,Evening,1,0,0,0,Completed,1038.0,29.640205596801824,1,1,1,1,1,1,1
2024-04-09,14:43:05,CNR2211931,Completed,CID6786178,eBike,Rohini,Faridabad Sector 15,2.7,25.0,,,,,,,199.0,28.59,3.9,4.2,UPI,2024-04-09 14:43:05,2024,4,April,9,1,Tuesday,14,0,Afternoon,1,0,0,0,Completed,199.0,6.96047569080098,1,1,1,1,1,1,1
2024-03-08,09:31:41,CNR2221573,Completed,CID6134254,Bike,Keshav Puram,Vishwavidyalaya,10.1,38.6,,,,,,,758.0,11.89,4.2,4.3,Uber Wallet,2024-03-08 09:31:41,2024,3,March,8,4,Friday,9,0,Morning,1,0,0,0,Completed,758.0,63.75105130361648,1,1,1,1,1,1,1
2024-06-30,01:01:05,CNR2221573,Incomplete,CID9533400,Go Mini,Tilak Nagar,Bhiwadi,5.7,27.6,,,,,1.0,Vehicle Breakdown,1192.0,9.66,,,Cash,2024-06-30 01:01:05,2024,6,June,30,6,Sunday,1,1,Night,0,0,1,0,Incomplete,0.0,,1,1,0,0,1,1,1
2024-12-24,10:27:04,CNR2223519,Completed,CID9767933,Auto,Dwarka Sector 21,Kashmere Gate,11.4,42.7,,,,,,,609.0,45.46,4.2,4.7,Uber Wallet,2024-12-24 10:27:04,2024,12,December,24,1,Tuesday,10,0,Morning,1,0,0,0,Completed,609.0,13.396392432908051,1,1,1,1,1,1,1
2024-01-26,14:02:27,CNR2223519,Cancelled by Driver,CID1874572,eBike,Kirti Nagar,Sohna Road,4.9,,,,1.0,More than permitted people in there,,,,,,,,2024-01-26 14:02:27,2024,1,January,26,4,Friday,14,0,Afternoon,0,1,0,0,Driver Cancelled,0.0,,0,0,0,0,0,1,0
2024-07-25,19:21:52,CNR2225424,Completed,CID6908816,Bike,Welcome,Karol Bagh,12.5,18.3,,,,,,,190.0,21.69,4.2,4.2,Cash,2024-07-25 19:21:52,2024,7,July,25,3,Thursday,19,0,Evening,1,0,0,0,Completed,190.0,8.75979714153988,1,1,1,1,1,1,1
2024-08-02,16:44:09,CNR2225424,Cancelled by Driver,CID3991409,Auto,Vatika Chowk,Mayur Vihar,7.8,,,,1.0,More than permitted people in there,,,,,,,,2024-08-02 16:44:09,2024,8,August,2,4,Friday,16,0,Afternoon,0,1,0,0,Driver Cancelled,0.0,,0,0,0,0,0,1,0
2024-11-09,21:48:46,CNR2226718,Completed,CID4691524,Go Mini,Green Park,Janakpuri,14.8,19.6,,,,,,,693.0,15.78,4.0,4.8,UPI,2024-11-09 21:48:46,2024,11,November,9,5,Saturday,21,1,Late Evening,1,0,0,0,Completed,693.0,43.916349809885936,1,1,1,1,1,1,1
2024-01-13,07:24:40,CNR2226718,Completed,CID4714132,Go Mini,Chandni Chowk,IGI Airport,13.1,38.9,,,,,,,366.0,42.34,3.8,4.5,Cash,2024-01-13 07:24:40,2024,1,January,13,5,Saturday,7,1,Morning,1,0,0,0,Completed,366.0,8.644307982994803,1,1,1,1,1,1,1
2024-02-10,19:21:32,CNR2232267,Completed,CID7669993,eBike,Shastri Nagar,Vatika Chowk,4.4,43.4,,,,,,,324.0,4.78,4.4,4.9,UPI,2024-02-10 19:21:32,2024,2,February,10,5,Saturday,19,1,Evening,1,0,0,0,Completed,324.0,67.78242677824268,1,1,1,1,1,1,1
2024-01-04,18:19:48,CNR2232267,Completed,CID7960246,Auto,Sushant Lok,Botanical Garden,13.1,20.7,,,,,,,376.0,26.01,4.4,4.5,UPI,2024-01-04 18:19:48,2024,1,January,4,3,Thursday,18,0,Evening,1,0,0,0,Completed,376.0,14.4559784698193,1,1,1,1,1,1,1
2024-11-26,10:59:13,CNR2232794,Cancelled by Driver,CID2922139,Go Mini,Meerut,MG Road,5.3,,,,1.0,Personal & Car related issues,,,,,,,,2024-11-26 10:59:13,2024,11,November,26,1,Tuesday,10,0,Morning,0,1,0,0,Driver Cancelled,0.0,,0,0,0,0,0,1,0
2024-12-23,12:46:45,CNR2232794,Completed,CID7364674,Go Mini,DLF City Court,Nawada,14.6,38.1,,,,,,,479.0,47.41,4.1,4.3,UPI,2024-12-23 12:46:45,2024,12,December,23,0,Monday,12,0,Afternoon,1,0,0,0,Completed,479.0,10.103353722843282,1,1,1,1,1,1,1
2024-03-20,16:21:09,CNR2252307,Completed,CID4652725,Go Sedan,Gurgaon Sector 29,Ashok Vihar,12.9,18.0,,,,,,,1596.0,45.06,4.1,5.0,Cash,2024-03-20 16:21:09,2024,3,March,20,2,Wednesday,16,0,Afternoon,1,0,0,0,Completed,1596.0,35.41944074567243,1,1,1,1,1,1,1
2024-12-14,17:34:45,CNR2252307,Completed,CID1868481,Bike,Pitampura,IMT Manesar,10.7,36.1,,,,,,,552.0,37.56,4.6,4.2,Uber Wallet,2024-12-14 17:34:45,2024,12,December,14,5,Saturday,17,1,Evening,1,0,0,0,Completed,552.0,14.696485623003195,1,1,1,1,1,1,1
2024-08-03,10:04:22,CNR2266482,No Driver Found,CID8000350,Premier Sedan,IGNOU Road,Ashok Vihar,,,,,,,,,,,,,,2024-08-03 10:04:22,2024,8,August,3,5,Saturday,10,1,Morning,0,0,0,1,No Driver Found,0.0,,0,0,0,0,0,0,0
2024-07-27,06:08:45,CNR2266482,Completed,CID7074995,Go Sedan,Jor Bagh,Netaji Subhash Place,14.1,23.4,,,,,,,1118.0,21.86,3.9,4.9,Uber Wallet,2024-07-27 06:08:45,2024,7,July,27,5,Saturday,6,1,Morning,1,0,0,0,Completed,1118.0,51.14364135407136,1,1,1,1,1,1,1
2024-07-13,22:07:43,CNR2269418,Completed,CID1258392,Go Sedan,Inderlok,Janakpuri,5.4,33.2,,,,,,,260.0,36.56,4.1,3.0,Uber Wallet,2024-07-13 22:07:43,2024,7,July,13,5,Saturday,22,1,Late Evening,1,0,0,0,Completed,260.0,7.11159737417943,1,1,1,1,1,1,1
2024-06-13,06:29:03,CNR2269418,Cancelled by Customer,CID7545878,Bike,Vinobapuri,Kashmere Gate,6.3,,1.0,Driver is not moving towards pickup location,,,,,,,,,,2024-06-13 06:29:03,2024,6,June,13,3,Thursday,6,0,Morning,0,1,0,0,Customer Cancelled,0.0,,0,0,0,0,0,1,0
2024-05-08,18:31:42,CNR2290384,Cancelled by Driver,CID8601716,Bike,Maidan Garhi,Shastri Park,8.7,,,,1.0,The customer was coughing/sick,,,,,,,,2024-05-08 18:31:42,2024,5,May,8,2,Wednesday,18,0,Evening,0,1,0,0,Driver Cancelled,0.0,,0,0,0,0,0,1,0
2024-04-28,01:17:51,CNR2290384,Completed,CID6067378,Uber XL,Nehru Place,Rajiv Chowk,14.8,40.4,,,,,,,221.0,15.3,4.1,4.5,UPI,2024-04-28 01:17:51,2024,4,April,28,6,Sunday,1,1,Night,1,0,0,0,Completed,221.0,14.444444444444445,1,1,1,1,1,1,1
2024-08-11,09:22:07,CNR2290838,Completed,CID8304344,Auto,Hero Honda Chowk,Ramesh Nagar,11.4,40.7,,,,,,,415.0,31.12,4.5,4.3,Cash,2024-08-11 09:22:07,2024,8,August,11,6,Sunday,9,1,Morning,1,0,0,0,Completed,415.0,13.33547557840617,1,1,1,1,1,1,1
2024-09-07,10:21:50,CNR2290838,Completed,CID8221681,Bike,Dilshad Garden,Sarojini Nagar,2.4,21.8,,,,,,,347.0,38.24,4.9,4.3,UPI,2024-09-07 10:21:50,2024,9,September,7,5,Saturday,10,1,Morning,1,0,0,0,Completed,347.0,9.074267782426778,1,1,1,1,1,1,1
2024-11-22,12:28:22,CNR2297976,Completed,CID8942953,Auto,Kirti Nagar,Cyber Hub,2.3,27.0,,,,,,,186.0,40.15,4.2,4.1,Uber Wallet,2024-11-22 12:28:22,2024,11,November,22,4,Friday,12,0,Afternoon,1,0,0,0,Completed,186.0,4.632627646326276,1,1,1,1,1,1,1
2024-06-10,14:29:39,CNR2297976,Cancelled by Driver,CID5062662,Go Sedan,Rajiv Chowk,Connaught Place,7.1,,,,1.0,Personal & Car related issues,,,,,,,,2024-06-10 14:29:39,2024,6,June,10,0,Monday,14,0,Afternoon,0,1,0,0,Driver Cancelled,0.0,,0,0,0,0,0,1,0
2024-06-16,00:02:48,CNR2298475,Completed,CID9848059,Go Sedan,New Delhi Railway Station,Sarai Kale Khan,4.5,34.9,,,,,,,655.0,27.33,4.5,4.1,UPI,2024-06-16 00:02:48,2024,6,June,16,6,Sunday,0,1,Night,1,0,0,0,Completed,655.0,23.966337358214417,1,1,1,1,1,1,1
2024-03-31,02:29:24,CNR2298475,Cancelled by Customer,CID9306531,Go Mini,Maidan Garhi,Ghitorni Village,9.2,,1.0,AC is not working,,,,,,,,,,2024-03-31 02:29:24,2024,3,March,31,6,Sunday,2,1,Night,0,1,0,0,Customer Cancelled,0.0,,0,0,0,0,0,1,0
2024-01-10,12:14:49,CNR2317150,Incomplete,CID4770507,Go Mini,Janakpuri,Moti Nagar,9.9,12.5,,,,,1.0,Customer Demand,796.0,1.71,,,Credit Card,2024-01-10 12:14:49,2024,1,January,10,2,Wednesday,12,0,Afternoon,0,0,1,0,Incomplete,0.0,,1,1,0,0,1,1,1
2024-03-04,19:36:16,CNR2317150,Incomplete,CID1916248,Auto,Vatika Chowk,Golf Course Road,8.1,21.1,,,,,1.0,Vehicle Breakdown,141.0,11.17,,,Cash,2024-03-04 19:36:16,2024,3,March,4,0,Monday,19,0,Evening,0,0,1,0,Incomplete,0.0,,1,1,0,0,1,1,1
2024-11-08,09:03:31,CNR2346159,Completed,CID3018349,Go Mini,Rajiv Nagar,Sarai Kale Khan,10.8,17.6,,,,,,,83.0,25.55,4.2,4.8,Cash,2024-11-08 09:03:31,2024,11,November,8,4,Friday,9,0,Morning,1,0,0,0,Completed,83.0,3.24853228962818,1,1,1,1,1,1,1
2024-06-10,20:56:32,CNR2346159,Completed,CID8138752,Auto,Dwarka Sector 21,Qutub Minar,10.3,17.3,,,,,,,863.0,23.56,4.6,5.0,UPI,2024-06-10 20:56:32,2024,6,June,10,0,Monday,20,0,Evening,1,0,0,0,Completed,863.0,36.62988115449915,1,1,1,1,1,1,1
2024-12-21,01:18:26,CNR2346704,Completed,CID4465166,Go Mini,Mundka,Mayur Vihar,11.2,43.8,,,,,,,562.0,38.26,3.9,4.9,Uber Wallet,2024-12-21 01:18:26,2024,12,December,21,5,Saturday,1,1,Night,1,0,0,0,Completed,562.0,14.688970203868271,1,1,1,1,1,1,1
2024-07-31,05:13:23,CNR2346704,Completed,CID2085143,Auto,Hauz Rani,DLF City Court,3.9,23.0,,,,,,,199.0,22.24,4.9,4.4,Credit Card,2024-07-31 05:13:23,2024,7,July,31,2,Wednesday,5,0,Night,1,0,0,0,Completed,199.0,8.947841726618705,1,1,1,1,1,1,1
2024-08-06,05:15:16,CNR2349990,Cancelled by Customer,CID2712468,Go Sedan,Vaishali,Manesar,17.5,,1.0,Driver is not moving towards pickup location,,,,,,,,,,2024-08-06 05:15:16,2024,8,August,6,1,Tuesday,5,0,Night,0,1,0,0,Customer Cancelled,0.0,,0,0,0,0,0,1,0
2024-12-02,17:41:13,CNR2349990,Cancelled by Driver,CID2445464,Premier Sedan,Malviya Nagar,Lajpat Nagar,10.7,,,,1.0,Customer related issue,,,,,,,,2024-12-02 17:41:13,2024,12,December,2,0,Monday,17,0,Evening,0,1,0,0,Driver Cancelled,0.0,,0,0,0,0,0,1,0
2024-03-10,17:02:48,CNR2350824,Cancelled by Driver,CID2700686,Go Sedan,Ashram,Rohini West,7.2,,,,1.0,The customer was coughing/sick,,,,,,,,2024-03-10 17:02:48,2024,3,March,10,6,Sunday,17,1,Evening,0,1,0,0,Driver Cancelled,0.0,,0,0,0,0,0,1,0
2024-01-30,15:42:40,CNR2350824,Completed,CID3715473,Auto,Sarojini Nagar,Rohini,3.9,35.4,,,,,,,471.0,29.51,4.6,3.3,Credit Card,2024-01-30 15:42:40,2024,1,January,30,1,Tuesday,15,0,Afternoon,1,0,0,0,Completed,471.0,15.960691291087766,1,1,1,1,1,1,1
2024-06-17,18:48:27,CNR2358349,Incomplete,CID3025987,Uber XL,Moti Nagar,Sushant Lok,6.3,27.1,,,,,1.0,Vehicle Breakdown,477.0,13.23,,,Cash,2024-06-17 18:48:27,2024,6,June,17,0,Monday,18,0,Evening,0,0,1,0,Incomplete,0.0,,1,1,0,0,1,1,1
2024-09-17,19:06:59,CNR2358349,Completed,CID2489805,Go Mini,Keshav Puram,Jama Masjid,2.5,22.4,,,,,,,598.0,16.25,4.3,4.1,Cash,2024-09-17 19:06:59,2024,9,September,17,1,Tuesday,19,0,Evening,1,0,0,0,Completed,598.0,36.8,1,1,1,1,1,1,1
2024-06-16,07:06:00,CNR2361393,Completed,CID2887588,Uber XL,Vasant Kunj,Moolchand,13.1,25.7,,,,,,,134.0,5.94,4.2,4.9,UPI,2024-06-16 07:06:00,2024,6,June,16,6,Sunday,7,1,Morning,1,0,0,0,Completed,134.0,22.558922558922557,1,1,1,1,1,1,1
2024-08-04,19:19:32,CNR2361393,Cancelled by Driver,CID1378336,Go Mini,Barakhamba Road,Lal Quila,4.9,,,,1.0,More than permitted people in there,,,,,,,,2024-08-04 19:19:32,2024,8,August,4,6,Sunday,19,1,Evening,0,1,0,0,Driver Cancelled,0.0,,0,0,0,0,0,1,0
2024-03-19,06:28:36,CNR2369621,Cancelled by Driver,CID3848290,Go Mini,Noida Film City,Gurgaon Sector 29,9.2,,,,1.0,Customer related issue,,,,,,,,2024-03-19 06:28:36,2024,3,March,19,1,Tuesday,6,0,Morning,0,1,0,0,Driver Cancelled,0.0,,0,0,0,0,0,1,0
2024-04-10,10:46:39,CNR2369621,Cancelled by Customer,CID3893552,Bike,Cyber Hub,Huda City Centre,10.9,,1.0,Driver asked to cancel,,,,,,,,,,2024-04-10 10:46:39,2024,4,April,10,2,Wednesday,10,0,Morning,0,1,0,0,Customer Cancelled,0.0,,0,0,0,0,0,1,0
2024-02-11,09:02:50,CNR2386942,Cancelled by Driver,CID7540485,Auto,Adarsh Nagar,Janakpuri,10.5,,,,1.0,Personal & Car related issues,,,,,,,,2024-02-11 09:02:50,2024,2,February,11,6,Sunday,9,1,Morning,0,1,0,0,Driver Cancelled,0.0,,0,0,0,0,0,1,0
2024-08-24,20:21:51,CNR2386942,Completed,CID7421573,Auto,Nawada,Vatika Chowk,9.4,36.4,,,,,,,234.0,24.09,4.9,4.1,UPI,2024-08-24 20:21:51,2024,8,August,24,5,Saturday,20,1,Evening,1,0,0,0,Completed,234.0,9.71357409713574,1,1,1,1,1,1,1
2024-06-18,19:18:05,CNR2392409,Completed,CID5667051,Bike,Rajouri Garden,Paschim Vihar,10.3,25.8,,,,,,,111.0,24.1,3.3,5.0,UPI,2024-06-18 19:18:05,2024,6,June,18,1,Tuesday,19,0,Evening,1,0,0,0,Completed,111.0,4.605809128630705,1,1,1,1,1,1,1
2024-11-12,13:02:34,CNR2392409,Cancelled by Driver,CID7855770,Premier Sedan,Anand Vihar ISBT,Meerut,4.3,,,,1.0,More than permitted people in there,,,,,,,,2024-11-12 13:02:34,2024,11,November,12,1,Tuesday,13,0,Afternoon,0,1,0,0,Driver Cancelled,0.0,,0,0,0,0,0,1,0
2024-07-25,10:21:49,CNR2398520,Completed,CID3391071,Go Sedan,Nawada,Saket,5.2,23.2,,,,,,,418.0,8.69,4.4,3.7,Uber Wallet,2024-07-25 10:21:49,2024,7,July,25,3,Thursday,10,0,Morning,1,0,0,0,Completed,418.0,48.10126582278481,1,1,1,1,1,1,1
2024-01-24,21:34:34,CNR2398520,Completed,CID7420373,Go Sedan,Kirti Nagar,Maidan Garhi,5.8,30.9,,,,,,,114.0,30.36,4.8,4.1,UPI,2024-01-24 21:34:34,2024,1,January,24,2,Wednesday,21,0,Late Evening,1,0,0,0,Completed,114.0,3.7549407114624507,1,1,1,1,1,1,1
2024-12-28,10:42:04,CNR2399548,Completed,CID6753120,Go Mini,Nehru Place,New Delhi Railway Station,10.7,42.4,,,,,,,275.0,43.71,3.3,4.9,UPI,2024-12-28 10:42:04,2024,12,December,28,5,Saturday,10,1,Morning,1,0,0,0,Completed,275.0,6.291466483642187,1,1,1,1,1,1,1
2024-05-01,07:44:33,CNR2399548,Completed,CID1651007,Premier Sedan,Ambience Mall,Jasola,10.2,20.1,,,,,,,213.0,12.94,3.9,4.9,Debit Card,2024-05-01 07:44:33,2024,5,May,1,2,Wednesday,7,0,Morning,1,0,0,0,Completed,213.0,16.460587326120557,1,1,1,1,1,1,1
2024-04-09,13:26:08,CNR2402216,Completed,CID9021998,Go Sedan,MG Road,Rajiv Chowk,12.5,43.4,,,,,,,361.0,13.08,4.1,4.9,UPI,2024-04-09 13:26:08,2024,4,April,9,1,Tuesday,13,0,Afternoon,1,0,0,0,Completed,361.0,27.599388379204893,1,1,1,1,1,1,1
2024-07-06,21:44:25,CNR2402216,Cancelled by Customer,CID6577190,Go Mini,Ghaziabad,Raj Nagar Extension,5.8,,1.0,Driver is not moving towards pickup location,,,,,,,,,,2024-07-06 21:44:25,2024,7,July,6,5,Saturday,21,1,Late Evening,0,1,0,0,Customer Cancelled,0.0,,0,0,0,0,0,1,0
2024-12-17,11:50:57,CNR2437022,Completed,CID3653480,Go Mini,Shastri Nagar,Patel Chowk,4.1,44.5,,,,,,,82.0,10.13,4.6,4.5,UPI,2024-12-17 11:50:57,2024,12,December,17,1,Tuesday,11,0,Morning,1,0,0,0,Completed,82.0,8.094768015794669,1,1,1,1,1,1,1
2024-10-22,15:41:39,CNR2437022,Cancelled by Driver,CID7998392,Go Sedan,Pitampura,Paharganj,5.8,,,,1.0,The customer was coughing/sick,,,,,,,,2024-10-22 15:41:39,2024,10,October,22,1,Tuesday,15,0,Afternoon,0,1,0,0,Driver Cancelled,0.0,,0,0,0,0,0,1,0
2024-06-03,06:10:35,CNR2454560,Completed,CID8698556,Auto,Vishwavidyalaya,Qutub Minar,9.0,22.8,,,,,,,327.0,21.01,4.1,4.3,Uber Wallet,2024-06-03 06:10:35,2024,6,June,3,0,Monday,6,0,Morning,1,0,0,0,Completed,327.0,15.564017134697762,1,1,1,1,1,1,1
2024-02-09,12:27:17,CNR2454560,Completed,CID7128768,Go Sedan,Kanhaiya Nagar,Munirka,3.4,33.5,,,,,,,211.0,27.99,4.2,4.9,UPI,2024-02-09 12:27:17,2024,2,February,9,4,Friday,12,0,Afternoon,1,0,0,0,Completed,211.0,7.538406573776349,1,1,1,1,1,1,1
2024-04-15,14:07:42,CNR2462944,Completed,CID7863739,Go Sedan,Nawada,Bahadurgarh,4.3,25.0,,,,,,,599.0,44.8,4.2,4.3,Cash,2024-04-15 14:07:42,2024,4,April,15,0,Monday,14,0,Afternoon,1,0,0,0,Completed,599.0,13.370535714285715,1,1,1,1,1,1,1
2024-03-12,22:47:00,CNR2462944,No Driver Found,CID3196306,Go Mini,Hauz Khas,GTB Nagar,,,,,,,,,,,,,,2024-03-12 22:47:00,2024,3,March,12,1,Tuesday,22,0,Late Evening,0,0,0,1,No Driver Found,0.0,,0,0,0,0,0,0,0
2024-09-30,11:27:52,CNR2464716,Completed,CID9350320,Auto,Nirman Vihar,Rohini East,4.3,44.1,,,,,,,450.0,2.21,4.9,3.1,Cash,2024-09-30 11:27:52,2024,9,September,30,0,Monday,11,0,Morning,1,0,0,0,Completed,450.0,203.61990950226246,1,1,1,1,1,1,1
2024-07-16,09:02:03,CNR2464716,Cancelled by Customer,CID2033285,Auto,Hero Honda Chowk,Hauz Rani,12.8,,1.0,Change of plans,,,,,,,,,,2024-07-16 09:02:03,2024,7,July,16,1,Tuesday,9,0,Morning,0,1,0,0,Customer Cancelled,0.0,,0,0,0,0,0,1,0
2024-05-07,15:34:06,CNR2469139,Completed,CID7431252,eBike,Badshahpur,Kalkaji,10.4,33.0,,,,,,,93.0,10.17,3.1,4.8,UPI,2024-05-07 15:34:06,2024,5,May,7,1,Tuesday,15,0,Afternoon,1,0,0,0,Completed,93.0,9.144542772861357,1,1,1,1,1,1,1
2024-11-04,13:47:45,CNR2469139,Completed,CID6984523,Auto,Ghitorni Village,Yamuna Bank,10.8,29.9,,,,,,,1901.0,31.07,4.3,4.1,Uber Wallet,2024-11-04 13:47:45,2024,11,November,4,0,Monday,13,0,Afternoon,1,0,0,0,Completed,1901.0,61.18442227228838,1,1,1,1,1,1,1
2024-01-23,18:15:16,CNR2483343,Cancelled by Customer,CID8566911,Premier Sedan,Nirman Vihar,Jahangirpuri,9.7,,1.0,AC is not working,,,,,,,,,,2024-01-23 18:15:16,2024,1,January,23,1,Tuesday,18,0,Evening,0,1,0,0,Customer Cancelled,0.0,,0,0,0,0,0,1,0
2024-07-20,20:00:50,CNR2483343,Completed,CID5015494,Bike,Delhi Gate,Preet Vihar,13.9,20.6,,,,,,,1450.0,21.84,4.0,4.1,Credit Card,2024-07-20 20:00:50,2024,7,July,20,5,Saturday,20,1,Evening,1,0,0,0,Completed,1450.0,66.39194139194139,1,1,1,1,1,1,1
2024-05-22,20:04:39,CNR2486731,Completed,CID2423728,Auto,Lok Kalyan Marg,Green Park,11.1,43.9,,,,,,,194.0,41.96,4.3,4.9,Cash,2024-05-22 20:04:39,2024,5,May,22,2,Wednesday,20,0,Evening,1,0,0,0,Completed,194.0,4.623450905624404,1,1,1,1,1,1,1
2024-02-23,01:37:48,CNR2486731,Completed,CID4910834,Go Sedan,INA Market,Vinobapuri,3.6,25.8,,,,,,,142.0,44.6,4.9,4.9,UPI,2024-02-23 01:37:48,2024,2,February,23,4,Friday,1,0,Night,1,0,0,0,Completed,142.0,3.1838565022421523,1,1,1,1,1,1,1
2024-12-29,09:50:25,CNR2506010,Cancelled by Driver,CID4763228,Auto,Palam Vihar,Satguru Ram Singh Marg,6.1,,,,1.0,Customer related issue,,,,,,,,2024-12-29 09:50:25,2024,12,December,29,6,Sunday,9,1,Morning,0,1,0,0,Driver Cancelled,0.0,,0,0,0,0,0,1,0
2024-02-23,11:01:50,CNR2506010,Cancelled by Driver,CID8663126,Go Mini,Saket A Block,Govindpuri,9.8,,,,1.0,The customer was coughing/sick,,,,,,,,2024-02-23 11:01:50,2024,2,February,23,4,Friday,11,0,Morning,0,1,0,0,Driver Cancelled,0.0,,0,0,0,0,0,1,0
2024-09-07,10:38:06,CNR2515432,Completed,CID1390265,Auto,Govindpuri,Nawada,6.3,34.6,,,,,,,260.0,19.5,4.9,4.2,Cash,2024-09-07 10:38:06,2024,9,September,7,5,Saturday,10,1,Morning,1,0,0,0,Completed,260.0,13.333333333333334,1,1,1,1,1,1,1
2024-04-01,22:57:19,CNR2515432,No Driver Found,CID6307059,Auto,Khan Market,Gurgaon Sector 29,,,,,,,,,,,,,,2024-04-01 22:57:19,2024,4,April,1,0,Monday,22,0,Late Evening,0,0,0,1,No Driver Found,0.0,,0,0,0,0,0,0,0
2024-06-12,10:45:17,CNR2539015,Completed,CID9685819,Go Mini,Moolchand,Akshardham,12.8,25.0,,,,,,,492.0,24.96,4.2,4.6,UPI,2024-06-12 10:45:17,2024,6,June,12,2,Wednesday,10,0,Morning,1,0,0,0,Completed,492.0,19.71153846153846,1,1,1,1,1,1,1
2024-07-17,15:01:45,CNR2539015,Cancelled by Customer,CID2448502,Bike,Hauz Khas,Sikanderpur,17.3,,1.0,Driver is not moving towards pickup location,,,,,,,,,,2024-07-17 15:01:45,2024,7,July,17,2,Wednesday,15,0,Afternoon,0,1,0,0,Customer Cancelled,0.0,,0,0,0,0,0,1,0
2024-02-06,05:28:23,CNR2539181,No Driver Found,CID3810652,Auto,Malviya Nagar,Botanical Garden,,,,,,,,,,,,,,2024-02-06 05:28:23,2024,2,February,6,1,Tuesday,5,0,Night,0,0,0,1,No Driver Found,0.0,,0,0,0,0,0,0,0
2024-06-15,19:34:21,CNR2539181,Completed,CID7220123,Go Mini,Jasola,Ramesh Nagar,6.4,16.3,,,,,,,545.0,27.88,4.4,4.7,UPI,2024-06-15 19:34:21,2024,6,June,15,5,Saturday,19,1,Evening,1,0,0,0,Completed,545.0,19.548063127690103,1,1,1,1,1,1,1
2024-05-06,18:06:41,CNR2539566,Cancelled by Driver,CID9899648,Go Mini,Noida Sector 18,Dwarka Mor,10.0,,,,1.0,Customer related issue,,,,,,,,2024-05-06 18:06:41,2024,5,May,6,0,Monday,18,0,Evening,0,1,0,0,Driver Cancelled,0.0,,0,0,0,0,0,1,0
2024-02-23,15:12:15,CNR2539566,Completed,CID8853261,Auto,Vatika Chowk,Pulbangash,10.6,35.8,,,,,,,283.0,40.16,4.3,4.7,Credit Card,2024-02-23 15:12:15,2024,2,February,23,4,Friday,15,0,Afternoon,1,0,0,0,Completed,283.0,7.046812749003984,1,1,1,1,1,1,1
2024-05-31,05:12:00,CNR2546186,No Driver Found,CID1311361,Go Sedan,Adarsh Nagar,RK Puram,,,,,,,,,,,,,,2024-05-31 05:12:00,2024,5,May,31,4,Friday,5,0,Night,0,0,0,1,No Driver Found,0.0,,0,0,0,0,0,0,0
2024-08-25,21:04:22,CNR2546186,Completed,CID2549815,Go Mini,Tughlakabad,Noida Sector 18,12.6,32.7,,,,,,,527.0,23.05,4.4,4.2,UPI,2024-08-25 21:04:22,2024,8,August,25,6,Sunday,21,1,Late Evening,1,0,0,0,Completed,527.0,22.863340563991322,1,1,1,1,1,1,1
2024-11-11,14:43:22,CNR2547162,Completed,CID3620995,Auto,Gurgaon Sector 29,Lok Kalyan Marg,8.5,17.3,,,,,,,406.0,18.14,4.3,4.2,UPI,2024-11-11 14:43:22,2024,11,November,11,0,Monday,14,0,Afternoon,1,0,0,0,Completed,406.0,22.381477398015434,1,1,1,1,1,1,1
2024-11-23,14:30:05,CNR2547162,Completed,CID7495660,Go Mini,Welcome,Mundka,5.0,30.5,,,,,,,450.0,19.42,5.0,4.8,Cash,2024-11-23 14:30:05,2024,11,November,23,5,Saturday,14,1,Afternoon,1,0,0,0,Completed,450.0,23.171987641606588,1,1,1,1,1,1,1
2024-01-20,10:12:27,CNR2547473,Completed,CID4996413,Bike,Qutub Minar,Indraprastha,13.3,30.3,,,,,,,658.0,36.32,4.9,5.0,Debit Card,2024-01-20 10:12:27,2024,1,January,20,5,Saturday,10,1,Morning,1,0,0,0,Completed,658.0,18.116740088105725,1,1,1,1,1,1,1
2024-10-15,05:14:28,CNR2547473,Completed,CID3303385,Auto,Udyog Vihar Phase 4,MG Road,7.9,22.6,,,,,,,1196.0,44.43,4.2,3.0,Cash,2024-10-15 05:14:28,2024,10,October,15,1,Tuesday,5,0,Night,1,0,0,0,Completed,1196.0,26.918748593292822,1,1,1,1,1,1,1
2024-08-09,17:22:53,CNR2548245,Incomplete,CID3083558,Auto,Dwarka Sector 21,Adarsh Nagar,2.7,10.3,,,,,1.0,Customer Demand,386.0,14.95,,,UPI,2024-08-09 17:22:53,2024,8,August,9,4,Friday,17,0,Evening,0,0,1,0,Incomplete,0.0,,1,1,0,0,1,1,1
2024-02-23,16:36:27,CNR2548245,Completed,CID9650328,Go Mini,Delhi Gate,Moolchand,14.1,43.4,,,,,,,159.0,15.39,4.9,4.9,Debit Card,2024-02-23 16:36:27,2024,2,February,23,4,Friday,16,0,Afternoon,1,0,0,0,Completed,159.0,10.33138401559454,1,1,1,1,1,1,1
2024-02-15,09:03:04,CNR2555018,Cancelled by Driver,CID3194001,Bike,Laxmi Nagar,Sultanpur,9.5,,,,1.0,More than permitted people in there,,,,,,,,2024-02-15 09:03:04,2024,2,February,15,3,Thursday,9,0,Morning,0,1,0,0,Driver Cancelled,0.0,,0,0,0,0,0,1,0
2024-10-01,21:36:58,CNR2555018,No Driver Found,CID9611999,eBike,Lal Quila,Old Gurgaon,,,,,,,,,,,,,,2024-10-01 21:36:58,2024,10,October,1,1,Tuesday,21,0,Late Evening,0,0,0,1,No Driver Found,0.0,,0,0,0,0,0,0,0
2024-03-25,18:57:28,CNR2560240,Completed,CID4999785,Go Sedan,Anand Vihar,Sikanderpur,4.9,38.6,,,,,,,156.0,15.91,3.0,4.0,UPI,2024-03-25 18:57:28,2024,3,March,25,0,Monday,18,0,Evening,1,0,0,0,Completed,156.0,9.805153991200502,1,1,1,1,1,1,1
2024-04-14,19:38:27,CNR2560240,Cancelled by Customer,CID3228701,Auto,Lal Quila,Moolchand,7.9,,1.0,Driver asked to cancel,,,,,,,,,,2024-04-14 19:38:27,2024,4,April,14,6,Sunday,19,1,Evening,0,1,0,0,Customer Cancelled,0.0,,0,0,0,0,0,1,0
2024-06-06,07:35:26,CNR2571154,No Driver Found,CID8305330,Premier Sedan,Badarpur,Noida Sector 18,,,,,,,,,,,,,,2024-06-06 07:35:26,2024,6,June,6,3,Thursday,7,0,Morning,0,0,0,1,No Driver Found,0.0,,0,0,0,0,0,0,0
2024-09-27,11:34:21,CNR2571154,No Driver Found,CID1536824,Go Mini,Qutub Minar,Golf Course Road,,,,,,,,,,,,,,2024-09-27 11:34:21,2024,9,September,27,4,Friday,11,0,Morning,0,0,0,1,No Driver Found,0.0,,0,0,0,0,0,0,0
2024-02-25,12:01:20,CNR2585517,Completed,CID7429410,Go Mini,Hauz Rani,Paharganj,8.7,42.8,,,,,,,163.0,38.79,4.6,4.6,UPI,2024-02-25 12:01:20,2024,2,February,25,6,Sunday,12,1,Afternoon,1,0,0,0,Completed,163.0,4.20211394689353,1,1,1,1,1,1,1
2024-01-06,01:02:20,CNR2585517,Cancelled by Customer,CID1309526,Premier Sedan,Mandi House,Aya Nagar,16.5,,1.0,Wrong Address,,,,,,,,,,2024-01-06 01:02:20,2024,1,January,6,5,Saturday,1,1,Night,0,1,0,0,Customer Cancelled,0.0,,0,0,0,0,0,1,0
2024-04-04,18:30:44,CNR2591113,Completed,CID8810524,Auto,Shivaji Park,Vinobapuri,6.5,27.7,,,,,,,1506.0,34.57,4.4,4.9,UPI,2024-04-04 18:30:44,2024,4,April,4,3,Thursday,18,0,Evening,1,0,0,0,Completed,1506.0,43.56378362742262,1,1,1,1,1,1,1
2024-07-24,17:36:24,CNR2591113,Completed,CID1564699,Premier Sedan,Noida Sector 62,IGNOU Road,9.9,30.0,,,,,,,775.0,40.52,4.4,4.7,UPI,2024-07-24 17:36:24,2024,7,July,24,2,Wednesday,17,0,Evening,1,0,0,0,Completed,775.0,19.12635735439289,1,1,1,1,1,1,1
2024-09-29,14:30:13,CNR2600452,No Driver Found,CID7505397,Bike,Lal Quila,Laxmi Nagar,,,,,,,,,,,,,,2024-09-29 14:30:13,2024,9,September,29,6,Sunday,14,1,Afternoon,0,0,0,1,No Driver Found,0.0,,0,0,0,0,0,0,0
2024-04-09,18:50:29,CNR2600452,Cancelled by Driver,CID9710689,Auto,Badshahpur,Vinobapuri,8.0,,,,1.0,More than permitted people in there,,,,,,,,2024-04-09 18:50:29,2024,4,April,9,1,Tuesday,18,0,Evening,0,1,0,0,Driver Cancelled,0.0,,0,0,0,0,0,1,0
2024-04-01,15:36:46,CNR2604553,No Driver Found,CID2097420,Bike,Tagore Garden,Chanakyapuri,,,,,,,,,,,,,,2024-04-01 15:36:46,2024,4,April,1,0,Monday,15,0,Afternoon,0,0,0,1,No Driver Found,0.0,,0,0,0,0,0,0,0
2024-05-10,13:49:02,CNR2604553,Completed,CID6404821,Go Sedan,Jor Bagh,Panchsheel Park,13.9,20.5,,,,,,,979.0,14.57,4.1,4.1,UPI,2024-05-10 13:49:02,2024,5,May,10,4,Friday,13,0,Afternoon,1,0,0,0,Completed,979.0,67.19286204529855,1,1,1,1,1,1,1
2024-07-29,17:22:28,CNR2618192,No Driver Found,CID7363963,Go Mini,Kashmere Gate ISBT,Shastri Nagar,,,,,,,,,,,,,,2024-07-29 17:22:28,2024,7,July,29,0,Monday,17,0,Evening,0,0,0,1,No Driver Found,0.0,,0,0,0,0,0,0,0
2024-12-19,15:08:26,CNR2618192,Completed,CID9970664,Bike,Raj Nagar Extension,Maidan Garhi,14.3,34.6,,,,,,,439.0,30.7,4.3,3.7,UPI,2024-12-19 15:08:26,2024,12,December,19,3,Thursday,15,0,Afternoon,1,0,0,0,Completed,439.0,14.299674267100977,1,1,1,1,1,1,1
2024-07-29,08:33:44,CNR2622104,Completed,CID1713190,Go Mini,Basai Dhankot,Khandsa,13.6,16.1,,,,,,,445.0,32.91,4.9,4.3,Uber Wallet,2024-07-29 08:33:44,2024,7,July,29,0,Monday,8,0,Morning,1,0,0,0,Completed,445.0,13.521725919173505,1,1,1,1,1,1,1
2024-03-22,13:28:48,CNR2622104,Completed,CID7811003,Bike,Kanhaiya Nagar,South Extension,8.4,30.0,,,,,,,219.0,31.56,4.7,4.4,Cash,2024-03-22 13:28:48,2024,3,March,22,4,Friday,13,0,Afternoon,1,0,0,0,Completed,219.0,6.93916349809886,1,1,1,1,1,1,1
2024-02-29,18:36:48,CNR2623312,No Driver Found,CID5738179,eBike,Saket A Block,Badshahpur,,,,,,,,,,,,,,2024-02-29 18:36:48,2024,2,February,29,3,Thursday,18,0,Evening,0,0,0,1,No Driver Found,0.0,,0,0,0,0,0,0,0
2024-04-15,10:40:01,CNR2623312,Completed,CID7121676,Go Mini,Kalkaji,Sohna Road,7.7,23.1,,,,,,,668.0,25.82,4.3,4.2,Credit Card,2024-04-15 10:40:01,2024,4,April,15,0,Monday,10,0,Morning,1,0,0,0,Completed,668.0,25.87141750580945,1,1,1,1,1,1,1
2024-07-24,21:06:29,CNR2625515,Completed,CID2092969,Go Sedan,RK Puram,Keshav Puram,13.9,43.5,,,,,,,433.0,41.33,4.6,4.6,Credit Card,2024-07-24 21:06:29,2024,7,July,24,2,Wednesday,21,0,Late Evening,1,0,0,0,Completed,433.0,10.47665134285023,1,1,1,1,1,1,1
2024-08-30,21:53:19,CNR2625515,Completed,CID5977418,Auto,Netaji Subhash Place,INA Market,7.8,23.4,,,,,,,250.0,32.26,4.5,4.8,Cash,2024-08-30 21:53:19,2024,8,August,30,4,Friday,21,0,Late Evening,1,0,0,0,Completed,250.0,7.749535027898326,1,1,1,1,1,1,1
2024-05-28,23:30:43,CNR2628442,Completed,CID9354922,Auto,Kadarpur,Chanakyapuri,12.7,37.2,,,,,,,373.0,8.84,4.7,3.2,Uber Wallet,2024-05-28 23:30:43,2024,5,May,28,1,Tuesday,23,0,Late Evening,1,0,0,0,Completed,373.0,42.19457013574661,1,1,1,1,1,1,1
2024-04-29,08:53:57,CNR2628442,Cancelled by Driver,CID7190901,Bike,Huda City Centre,New Delhi Railway Station,4.5,,,,1.0,Customer related issue,,,,,,,,2024-04-29 08:53:57,2024,4,April,29,0,Monday,8,0,Morning,0,1,0,0,Driver Cancelled,0.0,,0,0,0,0,0,1,0
2024-05-07,09:23:09,CNR2636465,Incomplete,CID6625736,Go Mini,Delhi Gate,Manesar,3.2,13.5,,,,,1.0,Other Issue,368.0,4.27,,,UPI,2024-05-07 09:23:09,2024,5,May,7,1,Tuesday,9,0,Morning,0,0,1,0,Incomplete,0.0,,1,1,0,0,1,1,1
2024-10-10,20:18:11,CNR2636465,Completed,CID8323993,eBike,Sohna Road,Bahadurgarh,9.9,20.8,,,,,,,289.0,34.57,4.6,4.5,Uber Wallet,2024-10-10 20:18:11,2024,10,October,10,3,Thursday,20,0,Evening,1,0,0,0,Completed,289.0,8.35984958056118,1,1,1,1,1,1,1
2024-01-17,03:30:48,CNR2640578,Completed,CID1905603,Bike,Welcome,Ambience Mall,14.9,20.3,,,,,,,314.0,31.39,4.6,4.3,UPI,2024-01-17 03:30:48,2024,1,January,17,2,Wednesday,3,0,Night,1,0,0,0,Completed,314.0,10.003185727938833,1,1,1,1,1,1,1
2024-12-15,13:23:40,CNR2640578,Completed,CID2116908,Go Sedan,Sikanderpur,Greater Noida,7.6,40.6,,,,,,,1945.0,29.75,4.9,4.7,Credit Card,2024-12-15 13:23:40,2024,12,December,15,6,Sunday,13,1,Afternoon,1,0,0,0,Completed,1945.0,65.3781512605042,1,1,1,1,1,1,1
2024-06-28,10:35:53,CNR2654942,Cancelled by Driver,CID1367170,Bike,Rajouri Garden,Greater Noida,4.9,,,,1.0,The customer was coughing/sick,,,,,,,,2024-06-28 10:35:53,2024,6,June,28,4,Friday,10,0,Morning,0,1,0,0,Driver Cancelled,0.0,,0,0,0,0,0,1,0
2024-08-01,08:38:53,CNR2654942,Cancelled by Customer,CID5418898,Go Mini,Chirag Delhi,Noida Sector 62,15.3,,1.0,AC is not working,,,,,,,,,,2024-08-01 08:38:53,2024,8,August,1,3,Thursday,8,0,Morning,0,1,0,0,Customer Cancelled,0.0,,0,0,0,0,0,1,0
2024-01-09,09:18:14,CNR2654964,Completed,CID6499188,Go Sedan,Narsinghpur,Jor Bagh,14.3,16.1,,,,,,,464.0,44.85,4.6,4.9,UPI,2024-01-09 09:18:14,2024,1,January,9,1,Tuesday,9,0,Morning,1,0,0,0,Completed,464.0,10.345596432552954,1,1,1,1,1,1,1
2024-04-04,12:33:24,CNR2654964,Completed,CID2640984,Premier Sedan,Vaishali,Samaypur Badli,7.7,31.7,,,,,,,220.0,30.1,4.4,4.2,UPI,2024-04-04 12:33:24,2024,4,April,4,3,Thursday,12,0,Afternoon,1,0,0,0,Completed,220.0,7.308970099667774,1,1,1,1,1,1,1
2024-04-24,22:19:14,CNR2661018,Cancelled by Driver,CID9530174,Auto,Karol Bagh,Sohna Road,8.6,,,,1.0,Personal & Car related issues,,,,,,,,2024-04-24 22:19:14,2024,4,April,24,2,Wednesday,22,0,Late Evening,0,1,0,0,Driver Cancelled,0.0,,0,0,0,0,0,1,0
2024-11-10,12:09:26,CNR2661018,Completed,CID2230736,Go Mini,IFFCO Chowk,Lok Kalyan Marg,4.7,23.2,,,,,,,532.0,38.48,3.9,4.6,UPI,2024-11-10 12:09:26,2024,11,November,10,6,Sunday,12,1,Afternoon,1,0,0,0,Completed,532.0,13.825363825363826,1,1,1,1,1,1,1
2024-08-04,12:36:33,CNR2685764,Cancelled by Driver,CID5648627,Go Mini,Preet Vihar,Tughlakabad,4.2,,,,1.0,More than permitted people in there,,,,,,,,2024-08-04 12:36:33,2024,8,August,4,6,Sunday,12,1,Afternoon,0,1,0,0,Driver Cancelled,0.0,,0,0,0,0,0,1,0
2024-08-02,12:02:11,CNR2685764,Completed,CID7248359,Go Mini,Azadpur,Okhla,13.2,40.2,,,,,,,771.0,6.46,4.8,3.6,Cash,2024-08-02 12:02:11,2024,8,August,2,4,Friday,12,0,Afternoon,1,0,0,0,Completed,771.0,119.3498452012384,1,1,1,1,1,1,1
2024-02-22,04:25:55,CNR2686030,Completed,CID3880305,Auto,Adarsh Nagar,Seelampur,9.0,40.0,,,,,,,269.0,23.02,3.8,4.9,UPI,2024-02-22 04:25:55,2024,2,February,22,3,Thursday,4,0,Night,1,0,0,0,Completed,269.0,11.685490877497829,1,1,1,1,1,1,1
2024-04-23,07:04:23,CNR2686030,Completed,CID1983692,Premier Sedan,Old Gurgaon,Govindpuri,7.6,21.7,,,,,,,445.0,25.39,4.0,4.2,UPI,2024-04-23 07:04:23,2024,4,April,23,1,Tuesday,7,0,Morning,1,0,0,0,Completed,445.0,17.526585269791255,1,1,1,1,1,1,1
2024-04-15,19:03:28,CNR2687237,Completed,CID4887972,Go Mini,Mehrauli,Nawada,9.0,39.1,,,,,,,79.0,32.91,4.4,3.8,Uber Wallet,2024-04-15 19:03:28,2024,4,April,15,0,Monday,19,0,Evening,1,0,0,0,Completed,79.0,2.4004861744150716,1,1,1,1,1,1,1
2024-03-29,15:11:16,CNR2687237,Cancelled by Customer,CID4504001,Bike,Botanical Garden,Chhatarpur,13.4,,1.0,Driver is not moving towards pickup location,,,,,,,,,,2024-03-29 15:11:16,2024,3,March,29,4,Friday,15,0,Afternoon,0,1,0,0,Customer Cancelled,0.0,,0,0,0,0,0,1,0
2024-11-05,09:47:49,CNR2690212,Completed,CID1462039,Go Sedan,DLF Phase 3,Subhash Nagar,6.1,28.7,,,,,,,383.0,39.36,4.4,4.1,UPI,2024-11-05 09:47:49,2024,11,November,5,1,Tuesday,9,0,Morning,1,0,0,0,Completed,383.0,9.730691056910569,1,1,1,1,1,1,1
2024-03-17,15:02:09,CNR2690212,Cancelled by Driver,CID5949302,Go Mini,Gurgaon Sector 29,Bahadurgarh,4.2,,,,1.0,Personal & Car related issues,,,,,,,,2024-03-17 15:02:09,2024,3,March,17,6,Sunday,15,1,Afternoon,0,1,0,0,Driver Cancelled,0.0,,0,0,0,0,0,1,0
2024-12-18,18:12:40,CNR2705928,Completed,CID7489943,Premier Sedan,Model Town,Sadar Bazar Gurgaon,10.7,23.8,,,,,,,162.0,48.92,4.6,4.3,Credit Card,2024-12-18 18:12:40,2024,12,December,18,2,Wednesday,18,0,Evening,1,0,0,0,Completed,162.0,3.311529026982829,1,1,1,1,1,1,1
2024-06-30,17:46:05,CNR2705928,Completed,CID4391764,Auto,Greater Noida,New Delhi Railway Station,7.4,26.3,,,,,,,1162.0,2.04,3.9,4.1,Uber Wallet,2024-06-30 17:46:05,2024,6,June,30,6,Sunday,17,1,Evening,1,0,0,0,Completed,1162.0,569.6078431372549,1,1,1,1,1,1,1
2024-02-05,17:32:27,CNR2705949,Completed,CID4721111,Go Sedan,ITO,Udyog Vihar Phase 4,10.6,25.4,,,,,,,818.0,19.16,3.9,4.2,UPI,2024-02-05 17:32:27,2024,2,February,5,0,Monday,17,0,Evening,1,0,0,0,Completed,818.0,42.693110647181626,1,1,1,1,1,1,1
2024-06-07,20:13:46,CNR2705949,Completed,CID2426168,Premier Sedan,India Gate,Arjangarh,10.6,24.2,,,,,,,672.0,22.05,4.7,4.2,Debit Card,2024-06-07 20:13:46,2024,6,June,7,4,Friday,20,0,Evening,1,0,0,0,Completed,672.0,30.476190476190474,1,1,1,1,1,1,1
2024-05-22,10:58:23,CNR2726142,Completed,CID6203511,Go Mini,Chanakyapuri,Sultanpur,7.9,29.4,,,,,,,486.0,7.09,3.6,4.3,UPI,2024-05-22 10:58:23,2024,5,May,22,2,Wednesday,10,0,Morning,1,0,0,0,Completed,486.0,68.54724964739069,1,1,1,1,1,1,1
2024-09-15,20:51:23,CNR2726142,Completed,CID7293070,Premier Sedan,Sadar Bazar Gurgaon,Laxmi Nagar,2.1,24.3,,,,,,,1269.0,14.23,4.2,4.6,UPI,2024-09-15 20:51:23,2024,9,September,15,6,Sunday,20,1,Evening,1,0,0,0,Completed,1269.0,89.17779339423753,1,1,1,1,1,1,1
2024-06-18,14:38:50,CNR2726142,Completed,CID9496782,Go Sedan,Madipur,Panchsheel Park,8.9,26.1,,,,,,,746.0,16.34,4.1,4.6,Uber Wallet,2024-06-18 14:38:50,2024,6,June,18,1,Tuesday,14,0,Afternoon,1,0,0,0,Completed,746.0,45.65483476132191,1,1,1,1,1,1,1
2024-11-22,18:00:49,CNR2727022,Completed,CID5489805,Go Mini,Shivaji Park,Panchsheel Park,14.5,28.2,,,,,,,229.0,47.84,4.6,5.0,Credit Card,2024-11-22 18:00:49,2024,11,November,22,4,Friday,18,0,Evening,1,0,0,0,Completed,229.0,4.786789297658863,1,1,1,1,1,1,1
2024-11-07,18:44:00,CNR2727022,Cancelled by Driver,CID7978097,eBike,Satguru Ram Singh Marg,Raj Nagar Extension,10.4,,,,1.0,The customer was coughing/sick,,,,,,,,2024-11-07 18:44:00,2024,11,November,7,3,Thursday,18,0,Evening,0,1,0,0,Driver Cancelled,0.0,,0,0,0,0,0,1,0
2024-02-23,19:55:00,CNR2730132,Cancelled by Customer,CID7974888,Go Sedan,Sarai Kale Khan,Saket A Block,18.2,,1.0,AC is not working,,,,,,,,,,2024-02-23 19:55:00,2024,2,February,23,4,Friday,19,0,Evening,0,1,0,0,Customer Cancelled,0.0,,0,0,0,0,0,1,0
2024-06-13,14:09:03,CNR2730132,Completed,CID8453015,Go Mini,RK Puram,Panipat,14.6,17.2,,,,,,,378.0,45.15,3.6,4.1,UPI,2024-06-13 14:09:03,2024,6,June,13,3,Thursday,14,0,Afternoon,1,0,0,0,Completed,378.0,8.372093023255815,1,1,1,1,1,1,1
2024-06-10,10:54:30,CNR2735311,Completed,CID7879030,Bike,Kadarpur,Vaishali,7.6,30.2,,,,,,,111.0,20.71,4.8,4.7,UPI,2024-06-10 10:54:30,2024,6,June,10,0,Monday,10,0,Morning,1,0,0,0,Completed,111.0,5.3597295992274265,1,1,1,1,1,1,1
2024-09-29,17:20:22,CNR2735311,Incomplete,CID7783417,Go Mini,Preet Vihar,Bhiwadi,8.1,23.9,,,,,1.0,Other Issue,829.0,15.46,,,Credit Card,2024-09-29 17:20:22,2024,9,September,29,6,Sunday,17,1,Evening,0,0,1,0,Incomplete,0.0,,1,1,0,0,1,1,1
2024-09-09,11:28:59,CNR2735518,Completed,CID4162193,Premier Sedan,Noida Film City,Pataudi Chowk,7.7,24.9,,,,,,,259.0,7.06,4.6,4.6,UPI,2024-09-09 11:28:59,2024,9,September,9,0,Monday,11,0,Morning,1,0,0,0,Completed,259.0,36.685552407932015,1,1,1,1,1,1,1
2024-09-09,16:00:58,CNR2735518,Cancelled by Customer,CID7771380,Auto,Meerut,Green Park,6.5,,1.0,Change of plans,,,,,,,,,,2024-09-09 16:00:58,2024,9,September,9,0,Monday,16,0,Afternoon,0,1,0,0,Customer Cancelled,0.0,,0,0,0,0,0,1,0
2024-05-14,10:17:50,CNR2742800,Completed,CID7212752,Bike,Karkarduma,Bhikaji Cama Place,6.1,43.5,,,,,,,572.0,14.67,4.2,4.6,Uber Wallet,2024-05-14 10:17:50,2024,5,May,14,1,Tuesday,10,0,Morning,1,0,0,0,Completed,572.0,38.99113837764145,1,1,1,1,1,1,1
2024-07-07,12:11:15,CNR2742800,Completed,CID1466654,Bike,Madipur,Dwarka Mor,10.1,32.9,,,,,,,190.0,38.39,4.7,4.2,UPI,2024-07-07 12:11:15,2024,7,July,7,6,Sunday,12,1,Afternoon,1,0,0,0,Completed,190.0,4.949205522271424,1,1,1,1,1,1,1
2024-05-16,13:19:34,CNR2749172,Cancelled by Customer,CID6266919,Auto,Laxmi Nagar,Nirman Vihar,10.5,,1.0,Driver is not moving towards pickup location,,,,,,,,,,2024-05-16 13:19:34,2024,5,May,16,3,Thursday,13,0,Afternoon,0,1,0,0,Customer Cancelled,0.0,,0,0,0,0,0,1,0
2024-08-10,08:30:37,CNR2749172,Completed,CID7786724,Premier Sedan,Moti Nagar,Hauz Khas,4.6,18.4,,,,,,,745.0,8.36,4.4,4.2,Cash,2024-08-10 08:30:37,2024,8,August,10,5,Saturday,8,1,Morning,1,0,0,0,Completed,745.0,89.11483253588517,1,1,1,1,1,1,1
2024-04-18,16:20:09,CNR2753481,Completed,CID5730761,Auto,Bhikaji Cama Place,Inderlok,2.5,42.2,,,,,,,744.0,39.54,4.3,4.6,Cash,2024-04-18 16:20:09,2024,4,April,18,3,Thursday,16,0,Afternoon,1,0,0,0,Completed,744.0,18.81638846737481,1,1,1,1,1,1,1
2024-05-25,19:08:27,CNR2753481,Completed,CID4177929,Premier Sedan,Samaypur Badli,IMT Manesar,3.4,24.0,,,,,,,424.0,5.59,4.6,4.1,UPI,2024-05-25 19:08:27,2024,5,May,25,5,Saturday,19,1,Evening,1,0,0,0,Completed,424.0,75.84973166368515,1,1,1,1,1,1,1
2024-06-04,20:05:10,CNR2760046,Completed,CID4762392,Go Mini,Dwarka Mor,Shastri Park,7.7,16.8,,,,,,,927.0,35.76,4.2,3.9,Cash,2024-06-04 20:05:10,2024,6,June,4,1,Tuesday,20,0,Evening,1,0,0,0,Completed,927.0,25.92281879194631,1,1,1,1,1,1,1
2024-01-20,16:41:26,CNR2760046,No Driver Found,CID3343753,Go Mini,IFFCO Chowk,Shivaji Park,,,,,,,,,,,,,,2024-01-20 16:41:26,2024,1,January,20,5,Saturday,16,1,Afternoon,0,0,0,1,No Driver Found,0.0,,0,0,0,0,0,0,0
2024-07-22,16:43:13,CNR2787126,Completed,CID6667061,Premier Sedan,Cyber Hub,Preet Vihar,9.0,19.2,,,,,,,741.0,42.22,4.3,3.8,Cash,2024-07-22 16:43:13,2024,7,July,22,0,Monday,16,0,Afternoon,1,0,0,0,Completed,741.0,17.550923732828043,1,1,1,1,1,1,1
2024-10-17,12:54:45,CNR2787126,No Driver Found,CID6463775,Go Mini,Ashok Vihar,Munirka,,,,,,,,,,,,,,2024-10-17 12:54:45,2024,10,October,17,3,Thursday,12,0,Afternoon,0,0,0,1,No Driver Found,0.0,,0,0,0,0,0,0,0
2024-03-25,07:15:16,CNR2789571,Incomplete,CID2257881,Premier Sedan,Vidhan Sabha,Chhatarpur,6.9,22.3,,,,,1.0,Other Issue,52.0,9.17,,,Credit Card,2024-03-25 07:15:16,2024,3,March,25,0,Monday,7,0,Morning,0,0,1,0,Incomplete,0.0,,1,1,0,0,1,1,1
2024-03-18,15:55:21,CNR2789571,Completed,CID1389561,Bike,Jhilmil,Azadpur,11.0,30.3,,,,,,,861.0,15.34,4.3,4.6,UPI,2024-03-18 15:55:21,2024,3,March,18,0,Monday,15,0,Afternoon,1,0,0,0,Completed,861.0,56.127770534550194,1,1,1,1,1,1,1
2024-05-17,21:07:20,CNR2796563,Completed,CID2494149,Auto,Vaishali,Seelampur,9.6,15.3,,,,,,,348.0,12.71,3.7,4.5,UPI,2024-05-17 21:07:20,2024,5,May,17,4,Friday,21,0,Late Evening,1,0,0,0,Completed,348.0,27.380015735641226,1,1,1,1,1,1,1
2024-11-26,04:18:24,CNR2796563,Completed,CID5604392,Auto,Satguru Ram Singh Marg,Golf Course Road,3.5,24.8,,,,,,,1718.0,47.55,3.9,4.8,Debit Card,2024-11-26 04:18:24,2024,11,November,26,1,Tuesday,4,0,Night,1,0,0,0,Completed,1718.0,36.13038906414301,1,1,1,1,1,1,1
2024-12-14,21:00:19,CNR2798308,Incomplete,CID5244824,Bike,Moolchand,Nehru Place,5.7,25.8,,,,,1.0,Other Issue,838.0,11.01,,,Uber Wallet,2024-12-14 21:00:19,2024,12,December,14,5,Saturday,21,1,Late Evening,0,0,1,0,Incomplete,0.0,,1,1,0,0,1,1,1
2024-04-20,10:01:17,CNR2798308,Completed,CID7260460,Go Mini,Greater Noida,Panipat,12.0,19.8,,,,,,,113.0,20.7,4.7,3.8,Debit Card,2024-04-20 10:01:17,2024,4,April,20,5,Saturday,10,1,Morning,1,0,0,0,Completed,113.0,5.458937198067633,1,1,1,1,1,1,1
2024-08-04,13:03:51,CNR2799580,Completed,CID2338147,Auto,Seelampur,Old Gurgaon,2.5,17.1,,,,,,,768.0,49.36,4.2,4.3,Credit Card,2024-08-04 13:03:51,2024,8,August,4,6,Sunday,13,1,Afternoon,1,0,0,0,Completed,768.0,15.559157212317666,1,1,1,1,1,1,1
2024-05-08,23:00:54,CNR2799580,Completed,CID7542108,Bike,Gurgaon Sector 29,India Gate,11.4,25.3,,,,,,,383.0,36.55,4.6,4.2,UPI,2024-05-08 23:00:54,2024,5,May,8,2,Wednesday,23,0,Late Evening,1,0,0,0,Completed,383.0,10.478796169630645,1,1,1,1,1,1,1
2024-09-20,18:28:50,CNR2804525,No Driver Found,CID4338648,Bike,Barakhamba Road,IGNOU Road,,,,,,,,,,,,,,2024-09-20 18:28:50,2024,9,September,20,4,Friday,18,0,Evening,0,0,0,1,No Driver Found,0.0,,0,0,0,0,0,0,0
2024-10-05,07:43:20,CNR2804525,Completed,CID6861513,Go Sedan,Anand Vihar,Rohini West,3.3,44.7,,,,,,,493.0,5.32,3.8,4.5,UPI,2024-10-05 07:43:20,2024,10,October,5,5,Saturday,7,1,Morning,1,0,0,0,Completed,493.0,92.66917293233082,1,1,1,1,1,1,1
2024-03-11,17:20:26,CNR2809735,Cancelled by Customer,CID8535530,Go Mini,Udyog Vihar Phase 4,Vaishali,12.7,,1.0,Wrong Address,,,,,,,,,,2024-03-11 17:20:26,2024,3,March,11,0,Monday,17,0,Evening,0,1,0,0,Customer Cancelled,0.0,,0,0,0,0,0,1,0
2024-01-25,17:25:14,CNR2809735,Completed,CID3698448,Premier Sedan,Jor Bagh,Saidulajab,8.8,20.2,,,,,,,52.0,5.43,3.8,4.3,UPI,2024-01-25 17:25:14,2024,1,January,25,3,Thursday,17,0,Evening,1,0,0,0,Completed,52.0,9.576427255985267,1,1,1,1,1,1,1
2024-11-25,19:19:55,CNR2827592,Cancelled by Driver,CID2029445,Auto,Rajouri Garden,IFFCO Chowk,7.8,,,,1.0,Customer related issue,,,,,,,,2024-11-25 19:19:55,2024,11,November,25,0,Monday,19,0,Evening,0,1,0,0,Driver Cancelled,0.0,,0,0,0,0,0,1,0
2024-07-18,14:20:50,CNR2827592,No Driver Found,CID4055025,Go Sedan,Badarpur,Ghitorni Village,,,,,,,,,,,,,,2024-07-18 14:20:50,2024,7,July,18,3,Thursday,14,0,Afternoon,0,0,0,1,No Driver Found,0.0,,0,0,0,0,0,0,0
2024-09-30,20:13:01,CNR2835243,Cancelled by Driver,CID7810063,Go Mini,Dwarka Mor,Noida Sector 62,6.3,,,,1.0,More than permitted people in there,,,,,,,,2024-09-30 20:13:01,2024,9,September,30,0,Monday,20,0,Evening,0,1,0,0,Driver Cancelled,0.0,,0,0,0,0,0,1,0
2024-12-06,20:09:14,CNR2835243,Completed,CID2391416,Go Sedan,Janakpuri,India Gate,8.9,36.2,,,,,,,317.0,30.25,4.1,4.3,UPI,2024-12-06 20:09:14,2024,12,December,6,4,Friday,20,0,Evening,1,0,0,0,Completed,317.0,10.479338842975206,1,1,1,1,1,1,1
2024-09-14,21:06:01,CNR2851031,Completed,CID2049562,Go Sedan,Mehrauli,Akshardham,7.9,23.5,,,,,,,401.0,45.3,4.5,4.7,Cash,2024-09-14 21:06:01,2024,9,September,14,5,Saturday,21,1,Late Evening,1,0,0,0,Completed,401.0,8.852097130242827,1,1,1,1,1,1,1
2024-06-01,03:53:47,CNR2851031,Completed,CID2400715,Bike,Connaught Place,Rajiv Chowk,12.5,38.8,,,,,,,450.0,34.48,4.6,4.8,Cash,2024-06-01 03:53:47,2024,6,June,1,5,Saturday,3,1,Night,1,0,0,0,Completed,450.0,13.051044083526683,1,1,1,1,1,1,1
2024-03-29,12:06:36,CNR2852349,Completed,CID7385030,eBike,Qutub Minar,IMT Manesar,13.3,19.8,,,,,,,76.0,19.68,4.7,5.0,UPI,2024-03-29 12:06:36,2024,3,March,29,4,Friday,12,0,Afternoon,1,0,0,0,Completed,76.0,3.861788617886179,1,1,1,1,1,1,1
2024-12-29,12:47:28,CNR2852349,Completed,CID7027505,Go Mini,Noida Sector 18,Udyog Vihar,10.1,32.0,,,,,,,1095.0,5.25,4.9,4.3,Debit Card,2024-12-29 12:47:28,2024,12,December,29,6,Sunday,12,1,Afternoon,1,0,0,0,Completed,1095.0,208.57142857142858,1,1,1,1,1,1,1
2024-05-15,06:46:57,CNR2853749,Completed,CID1432523,Auto,Indraprastha,Saidulajab,3.4,18.1,,,,,,,332.0,3.66,4.1,4.8,Uber Wallet,2024-05-15 06:46:57,2024,5,May,15,2,Wednesday,6,0,Morning,1,0,0,0,Completed,332.0,90.7103825136612,1,1,1,1,1,1,1
2024-03-21,09:26:54,CNR2853749,Completed,CID4505000,Go Mini,Jhilmil,Kashmere Gate ISBT,14.8,17.5,,,,,,,519.0,17.18,3.8,4.9,UPI,2024-03-21 09:26:54,2024,3,March,21,3,Thursday,9,0,Morning,1,0,0,0,Completed,519.0,30.20954598370198,1,1,1,1,1,1,1
2024-03-18,11:19:19,CNR2861755,Cancelled by Driver,CID2799403,Go Sedan,Manesar,Meerut,5.6,,,,1.0,Customer related issue,,,,,,,,2024-03-18 11:19:19,2024,3,March,18,0,Monday,11,0,Morning,0,1,0,0,Driver Cancelled,0.0,,0,0,0,0,0,1,0
2024-06-25,22:20:34,CNR2861755,Cancelled by Driver,CID5289911,Go Sedan,New Delhi Railway Station,Green Park,11.7,,,,1.0,The customer was coughing/sick,,,,,,,,2024-06-25 22:20:34,2024,6,June,25,1,Tuesday,22,0,Late Evening,0,1,0,0,Driver Cancelled,0.0,,0,0,0,0,0,1,0
2024-04-03,18:01:04,CNR2869280,No Driver Found,CID6873536,Go Mini,Sushant Lok,Chhatarpur,,,,,,,,,,,,,,2024-04-03 18:01:04,2024,4,April,3,2,Wednesday,18,0,Evening,0,0,0,1,No Driver Found,0.0,,0,0,0,0,0,0,0
2024-11-11,16:22:44,CNR2869280,Completed,CID5766173,Premier Sedan,Janakpuri,Noida Sector 62,3.7,25.8,,,,,,,350.0,44.87,4.1,4.6,Cash,2024-11-11 16:22:44,2024,11,November,11,0,Monday,16,0,Afternoon,1,0,0,0,Completed,350.0,7.8003120124805,1,1,1,1,1,1,1
2024-01-09,00:37:52,CNR2876675,Completed,CID5781267,Auto,Tilak Nagar,ITO,5.2,25.5,,,,,,,762.0,48.27,4.7,4.3,Credit Card,2024-01-09 00:37:52,2024,1,January,9,1,Tuesday,0,0,Night,1,0,0,0,Completed,762.0,15.786202610316966,1,1,1,1,1,1,1
2024-10-29,12:01:11,CNR2876675,Incomplete,CID5688627,eBike,Malviya Nagar,Paschim Vihar,8.5,21.7,,,,,1.0,Customer Demand,413.0,4.55,,,UPI,2024-10-29 12:01:11,2024,10,October,29,1,Tuesday,12,0,Afternoon,0,0,1,0,Incomplete,0.0,,1,1,0,0,1,1,1
2024-08-26,15:03:48,CNR2892409,Incomplete,CID7030814,Uber XL,Lal Quila,Vidhan Sabha,8.9,21.1,,,,,1.0,Customer Demand,200.0,9.96,,,UPI,2024-08-26 15:03:48,2024,8,August,26,0,Monday,15,0,Afternoon,0,0,1,0,Incomplete,0.0,,1,1,0,0,1,1,1
2024-09-17,19:52:01,CNR2892409,Completed,CID3985916,Go Mini,Maidan Garhi,India Gate,2.4,37.3,,,,,,,336.0,22.76,4.1,4.4,Debit Card,2024-09-17 19:52:01,2024,9,September,17,1,Tuesday,19,0,Evening,1,0,0,0,Completed,336.0,14.762741652021088,1,1,1,1,1,1,1
2024-04-01,12:24:39,CNR2918341,Completed,CID3353364,Bike,Ghitorni,Kanhaiya Nagar,7.4,19.5,,,,,,,362.0,21.0,4.5,4.6,Debit Card,2024-04-01 12:24:39,2024,4,April,1,0,Monday,12,0,Afternoon,1,0,0,0,Completed,362.0,17.238095238095237,1,1,1,1,1,1,1
2024-07-02,13:47:11,CNR2918341,No Driver Found,CID7383481,Auto,Bahadurgarh,Seelampur,,,,,,,,,,,,,,2024-07-02 13:47:11,2024,7,July,2,1,Tuesday,13,0,Afternoon,0,0,0,1,No Driver Found,0.0,,0,0,0,0,0,0,0
2024-09-22,18:00:22,CNR2938734,Cancelled by Driver,CID4544945,Go Mini,Meerut,Govindpuri,3.4,,,,1.0,More than permitted people in there,,,,,,,,2024-09-22 18:00:22,2024,9,September,22,6,Sunday,18,1,Evening,0,1,0,0,Driver Cancelled,0.0,,0,0,0,0,0,1,0
2024-11-07,20:21:00,CNR2938734,Incomplete,CID6881739,Premier Sedan,Kashmere Gate ISBT,Chandni Chowk,8.4,28.5,,,,,1.0,Vehicle Breakdown,253.0,7.21,,,UPI,2024-11-07 20:21:00,2024,11,November,7,3,Thursday,20,0,Evening,0,0,1,0,Incomplete,0.0,,1,1,0,0,1,1,1
2024-01-15,08:49:04,CNR2948221,Completed,CID9897255,Go Sedan,Sadar Bazar Gurgaon,Sarai Kale Khan,10.5,19.5,,,,,,,543.0,27.36,5.0,4.9,Uber Wallet,2024-01-15 08:49:04,2024,1,January,15,0,Monday,8,0,Morning,1,0,0,0,Completed,543.0,19.846491228070175,1,1,1,1,1,1,1
2024-10-15,19:19:22,CNR2948221,Cancelled by Driver,CID1351372,Auto,MG Road,Kanhaiya Nagar,4.3,,,,1.0,Customer related issue,,,,,,,,2024-10-15 19:19:22,2024,10,October,15,1,Tuesday,19,0,Evening,0,1,0,0,Driver Cancelled,0.0,,0,0,0,0,0,1,0
2024-10-03,12:16:38,CNR2958169,Cancelled by Driver,CID7101287,Bike,Botanical Garden,Delhi Gate,10.0,,,,1.0,The customer was coughing/sick,,,,,,,,2024-10-03 12:16:38,2024,10,October,3,3,Thursday,12,0,Afternoon,0,1,0,0,Driver Cancelled,0.0,,0,0,0,0,0,1,0
2024-10-17,17:35:59,CNR2958169,Completed,CID3256823,Bike,Saidulajab,Nawada,2.1,41.2,,,,,,,443.0,18.48,4.6,4.1,Debit Card,2024-10-17 17:35:59,2024,10,October,17,3,Thursday,17,0,Evening,1,0,0,0,Completed,443.0,23.97186147186147,1,1,1,1,1,1,1
2024-03-10,11:58:32,CNR2969047,Cancelled by Driver,CID9767726,Bike,Nawada,Lajpat Nagar,9.8,,,,1.0,More than permitted people in there,,,,,,,,2024-03-10 11:58:32,2024,3,March,10,6,Sunday,11,1,Morning,0,1,0,0,Driver Cancelled,0.0,,0,0,0,0,0,1,0
2024-03-16,08:20:24,CNR2969047,Completed,CID4092933,Go Sedan,Mandi House,Anand Vihar,12.6,33.9,,,,,,,1037.0,21.9,4.6,5.0,UPI,2024-03-16 08:20:24,2024,3,March,16,5,Saturday,8,1,Morning,1,0,0,0,Completed,1037.0,47.35159817351599,1,1,1,1,1,1,1
2024-02-26,22:17:38,CNR2978562,Cancelled by Driver,CID2702079,Auto,Lok Kalyan Marg,Badarpur,6.4,,,,1.0,More than permitted people in there,,,,,,,,2024-02-26 22:17:38,2024,2,February,26,0,Monday,22,0,Late Evening,0,1,0,0,Driver Cancelled,0.0,,0,0,0,0,0,1,0
2024-10-31,05:34:56,CNR2978562,Incomplete,CID3495879,Auto,Sadar Bazar Gurgaon,Central Secretariat,8.1,11.8,,,,,1.0,Other Issue,572.0,4.71,,,Cash,2024-10-31 05:34:56,2024,10,October,31,3,Thursday,5,0,Night,0,0,1,0,Incomplete,0.0,,1,1,0,0,1,1,1
2024-01-27,12:01:49,CNR2979748,Completed,CID1606851,Go Mini,Civil Lines Gurgaon,Samaypur Badli,10.5,19.3,,,,,,,680.0,42.6,4.2,4.9,Credit Card,2024-01-27 12:01:49,2024,1,January,27,5,Saturday,12,1,Afternoon,1,0,0,0,Completed,680.0,15.96244131455399,1,1,1,1,1,1,1
2024-05-26,22:51:05,CNR2979748,Completed,CID2856296,Auto,Lajpat Nagar,Tughlakabad,12.3,25.8,,,,,,,1027.0,18.44,4.6,4.4,UPI,2024-05-26 22:51:05,2024,5,May,26,6,Sunday,22,1,Late Evening,1,0,0,0,Completed,1027.0,55.694143167028194,1,1,1,1,1,1,1
2024-03-30,06:34:08,CNR2985185,Completed,CID4802853,eBike,Jahangirpuri,Kherki Daula Toll,14.5,28.5,,,,,,,679.0,26.85,4.7,4.5,Cash,2024-03-30 06:34:08,2024,3,March,30,5,Saturday,6,1,Morning,1,0,0,0,Completed,679.0,25.288640595903164,1,1,1,1,1,1,1
2024-03-14,22:57:29,CNR2985185,Completed,CID4381270,Premier Sedan,Sonipat,IMT Manesar,11.0,43.1,,,,,,,668.0,16.57,3.9,4.5,Credit Card,2024-03-14 22:57:29,2024,3,March,14,3,Thursday,22,0,Late Evening,1,0,0,0,Completed,668.0,40.313820156910076,1,1,1,1,1,1,1
2024-09-03,10:33:33,CNR2990080,Completed,CID5708150,Auto,Nawada,Panipat,10.8,34.8,,,,,,,562.0,39.81,4.3,4.9,Debit Card,2024-09-03 10:33:33,2024,9,September,3,1,Tuesday,10,0,Morning,1,0,0,0,Completed,562.0,14.117056016076361,1,1,1,1,1,1,1
2024-10-31,01:33:24,CNR2990080,Cancelled by Driver,CID7152173,Go Sedan,Ghitorni Village,Khandsa,9.5,,,,1.0,Personal & Car related issues,,,,,,,,2024-10-31 01:33:24,2024,10,October,31,3,Thursday,1,0,Night,0,1,0,0,Driver Cancelled,0.0,,0,0,0,0,0,1,0
2024-08-04,09:36:23,CNR2993963,Completed,CID8926347,Go Mini,Shivaji Park,Rithala,7.8,34.5,,,,,,,1411.0,36.69,4.5,4.9,Uber Wallet,2024-08-04 09:36:23,2024,8,August,4,6,Sunday,9,1,Morning,1,0,0,0,Completed,1411.0,38.45734532570183,1,1,1,1,1,1,1
2024-05-17,17:58:18,CNR2993963,Completed,CID2226858,Premier Sedan,Sadar Bazar Gurgaon,Kashmere Gate,2.9,17.9,,,,,,,887.0,20.41,3.7,4.2,UPI,2024-05-17 17:58:18,2024,5,May,17,4,Friday,17,0,Evening,1,0,0,0,Completed,887.0,43.45908868201862,1,1,1,1,1,1,1
2024-07-24,14:25:13,CNR3011900,Cancelled by Customer,CID5509172,Bike,Ardee City,Greater Kailash,9.7,,1.0,Wrong Address,,,,,,,,,,2024-07-24 14:25:13,2024,7,July,24,2,Wednesday,14,0,Afternoon,0,1,0,0,Customer Cancelled,0.0,,0,0,0,0,0,1,0
2024-05-11,19:53:38,CNR3011900,No Driver Found,CID3543348,Auto,Mundka,Indirapuram,,,,,,,,,,,,,,2024-05-11 19:53:38,2024,5,May,11,5,Saturday,19,1,Evening,0,0,0,1,No Driver Found,0.0,,0,0,0,0,0,0,0
2024-08-19,16:21:14,CNR3020975,No Driver Found,CID5096799,Auto,Aya Nagar,Welcome,,,,,,,,,,,,,,2024-08-19 16:21:14,2024,8,August,19,0,Monday,16,0,Afternoon,0,0,0,1,No Driver Found,0.0,,0,0,0,0,0,0,0
2024-08-02,19:41:32,CNR3020975,No Driver Found,CID1813471,Auto,Cyber Hub,Bhiwadi,,,,,,,,,,,,,,2024-08-02 19:41:32,2024,8,August,2,4,Friday,19,0,Evening,0,0,0,1,No Driver Found,0.0,,0,0,0,0,0,0,0
2024-06-01,09:55:59,CNR3023930,Completed,CID2873005,eBike,Vatika Chowk,Noida Sector 18,9.5,24.6,,,,,,,252.0,28.58,4.2,3.5,Cash,2024-06-01 09:55:59,2024,6,June,1,5,Saturday,9,1,Morning,1,0,0,0,Completed,252.0,8.817354793561933,1,1,1,1,1,1,1
2024-02-12,17:42:06,CNR3023930,No Driver Found,CID4141379,Auto,Paharganj,Welcome,,,,,,,,,,,,,,2024-02-12 17:42:06,2024,2,February,12,0,Monday,17,0,Evening,0,0,0,1,No Driver Found,0.0,,0,0,0,0,0,0,0
2024-08-08,21:20:45,CNR3033550,Completed,CID6154850,Go Mini,Kadarpur,Mehrauli,11.4,42.5,,,,,,,472.0,48.02,4.5,4.4,Credit Card,2024-08-08 21:20:45,2024,8,August,8,3,Thursday,21,0,Late Evening,1,0,0,0,Completed,472.0,9.82923781757601,1,1,1,1,1,1,1
2024-04-10,21:49:57,CNR3033550,Completed,CID4297833,Premier Sedan,Jasola,Tilak Nagar,13.0,29.1,,,,,,,378.0,4.15,4.2,4.5,Cash,2024-04-10 21:49:57,2024,4,April,10,2,Wednesday,21,0,Late Evening,1,0,0,0,Completed,378.0,91.08433734939759,1,1,1,1,1,1,1
2024-05-01,06:06:14,CNR3058336,Cancelled by Driver,CID4630557,Bike,Tis Hazari,AIIMS,11.0,,,,1.0,Customer related issue,,,,,,,,2024-05-01 06:06:14,2024,5,May,1,2,Wednesday,6,0,Morning,0,1,0,0,Driver Cancelled,0.0,,0,0,0,0,0,1,0
2024-08-04,19:50:27,CNR3058336,Cancelled by Driver,CID7328046,Auto,Ghaziabad,Civil Lines Gurgaon,8.9,,,,1.0,The customer was coughing/sick,,,,,,,,2024-08-04 19:50:27,2024,8,August,4,6,Sunday,19,1,Evening,0,1,0,0,Driver Cancelled,0.0,,0,0,0,0,0,1,0
2024-05-13,07:31:26,CNR3058894,Cancelled by Driver,CID1872269,Go Sedan,Aya Nagar,Rohini West,3.4,,,,1.0,Customer related issue,,,,,,,,2024-05-13 07:31:26,2024,5,May,13,0,Monday,7,0,Morning,0,1,0,0,Driver Cancelled,0.0,,0,0,0,0,0,1,0
2024-11-18,08:41:59,CNR3058894,Completed,CID4352581,Go Mini,Lal Quila,IGI Airport,10.8,40.8,,,,,,,454.0,26.04,4.2,4.2,UPI,2024-11-18 08:41:59,2024,11,November,18,0,Monday,8,0,Morning,1,0,0,0,Completed,454.0,17.434715821812595,1,1,1,1,1,1,1
2024-06-05,19:49:45,CNR3060344,Completed,CID3393856,Go Sedan,Netaji Subhash Place,Shahdara,2.8,31.9,,,,,,,497.0,17.41,4.5,4.3,UPI,2024-06-05 19:49:45,2024,6,June,5,2,Wednesday,19,0,Evening,1,0,0,0,Completed,497.0,28.54681217690982,1,1,1,1,1,1,1
2024-01-09,09:46:38,CNR3060344,Cancelled by Customer,CID5911902,Auto,Moolchand,Indirapuram,17.5,,1.0,Driver asked to cancel,,,,,,,,,,2024-01-09 09:46:38,2024,1,January,9,1,Tuesday,9,0,Morning,0,1,0,0,Customer Cancelled,0.0,,0,0,0,0,0,1,0
2024-06-04,08:22:49,CNR3075337,Completed,CID7293895,Go Sedan,Pragati Maidan,Ghitorni,6.5,20.0,,,,,,,457.0,5.57,4.1,4.7,Credit Card,2024-06-04 08:22:49,2024,6,June,4,1,Tuesday,8,0,Morning,1,0,0,0,Completed,457.0,82.04667863554758,1,1,1,1,1,1,1
2024-01-08,18:43:04,CNR3075337,Completed,CID2504603,Auto,Saket,AIIMS,5.0,31.7,,,,,,,237.0,31.48,4.2,4.1,UPI,2024-01-08 18:43:04,2024,1,January,8,0,Monday,18,0,Evening,1,0,0,0,Completed,237.0,7.52858958068615,1,1,1,1,1,1,1
2024-11-27,21:48:19,CNR3089331,No Driver Found,CID5022457,eBike,IMT Manesar,Mansarovar Park,,,,,,,,,,,,,,2024-11-27 21:48:19,2024,11,November,27,2,Wednesday,21,0,Late Evening,0,0,0,1,No Driver Found,0.0,,0,0,0,0,0,0,0
2024-09-12,16:44:00,CNR3089331,Completed,CID2790984,Go Sedan,Ashram,Rajouri Garden,5.9,36.5,,,,,,,154.0,41.84,4.2,4.1,UPI,2024-09-12 16:44:00,2024,9,September,12,3,Thursday,16,0,Afternoon,1,0,0,0,Completed,154.0,3.680688336520076,1,1,1,1,1,1,1
2024-07-01,15:16:22,CNR3097531,Cancelled by Driver,CID5766534,Auto,Jor Bagh,Janakpuri,3.6,,,,1.0,Customer related issue,,,,,,,,2024-07-01 15:16:22,2024,7,July,1,0,Monday,15,0,Afternoon,0,1,0,0,Driver Cancelled,0.0,,0,0,0,0,0,1,0
2024-05-15,09:26:22,CNR3097531,Cancelled by Customer,CID9878392,Go Sedan,Kaushambi,Connaught Place,13.1,,1.0,AC is not working,,,,,,,,,,2024-05-15 09:26:22,2024,5,May,15,2,Wednesday,9,0,Morning,0,1,0,0,Customer Cancelled,0.0,,0,0,0,0,0,1,0
2024-09-12,09:38:16,CNR3097601,Cancelled by Driver,CID7056016,Premier Sedan,Indirapuram,Moti Nagar,6.8,,,,1.0,Personal & Car related issues,,,,,,,,2024-09-12 09:38:16,2024,9,September,12,3,Thursday,9,0,Morning,0,1,0,0,Driver Cancelled,0.0,,0,0,0,0,0,1,0
2024-10-22,20:19:57,CNR3097601,Completed,CID4498577,Go Mini,Panchsheel Park,Dwarka Mor,7.7,38.8,,,,,,,496.0,10.22,4.6,4.3,Credit Card,2024-10-22 20:19:57,2024,10,October,22,1,Tuesday,20,0,Evening,1,0,0,0,Completed,496.0,48.53228962818004,1,1,1,1,1,1,1
2024-12-27,09:42:16,CNR3117415,Completed,CID3555474,Auto,Kashmere Gate,Noida Film City,4.0,40.0,,,,,,,531.0,45.06,4.4,4.5,UPI,2024-12-27 09:42:16,2024,12,December,27,4,Friday,9,0,Morning,1,0,0,0,Completed,531.0,11.784287616511318,1,1,1,1,1,1,1
2024-02-07,16:49:55,CNR3117415,Completed,CID6849125,Bike,Raj Nagar Extension,Panipat,12.9,27.8,,,,,,,256.0,16.23,4.7,4.9,UPI,2024-02-07 16:49:55,2024,2,February,7,2,Wednesday,16,0,Afternoon,1,0,0,0,Completed,256.0,15.773259396179913,1,1,1,1,1,1,1
2024-01-05,20:35:07,CNR3119180,Cancelled by Customer,CID2751490,Auto,Anand Vihar,Tis Hazari,18.5,,1.0,Driver is not moving towards pickup location,,,,,,,,,,2024-01-05 20:35:07,2024,1,January,5,4,Friday,20,0,Evening,0,1,0,0,Customer Cancelled,0.0,,0,0,0,0,0,1,0
2024-02-28,16:59:26,CNR3119180,Completed,CID9057056,Go Mini,Maidan Garhi,Lal Quila,13.9,18.5,,,,,,,912.0,41.44,4.2,4.9,Debit Card,2024-02-28 16:59:26,2024,2,February,28,2,Wednesday,16,0,Afternoon,1,0,0,0,Completed,912.0,22.00772200772201,1,1,1,1,1,1,1
2024-03-04,11:02:16,CNR3128805,Completed,CID5930638,Go Mini,Bhikaji Cama Place,Subhash Nagar,7.6,31.3,,,,,,,351.0,17.4,4.2,4.8,Credit Card,2024-03-04 11:02:16,2024,3,March,4,0,Monday,11,0,Morning,1,0,0,0,Completed,351.0,20.17241379310345,1,1,1,1,1,1,1
2024-09-08,14:51:54,CNR3128805,Cancelled by Driver,CID6410413,Auto,Noida Film City,Noida Sector 18,4.6,,,,1.0,Personal & Car related issues,,,,,,,,2024-09-08 14:51:54,2024,9,September,8,6,Sunday,14,1,Afternoon,0,1,0,0,Driver Cancelled,0.0,,0,0,0,0,0,1,0
2024-02-09,22:12:17,CNR3144577,Cancelled by Driver,CID3005403,Premier Sedan,Noida Sector 18,Ghitorni,6.4,,,,1.0,The customer was coughing/sick,,,,,,,,2024-02-09 22:12:17,2024,2,February,9,4,Friday,22,0,Late Evening,0,1,0,0,Driver Cancelled,0.0,,0,0,0,0,0,1,0
2024-11-12,08:43:52,CNR3144577,Completed,CID8187351,Go Sedan,Mayur Vihar,Udyog Bhawan,7.4,43.2,,,,,,,518.0,3.23,4.2,4.5,Cash,2024-11-12 08:43:52,2024,11,November,12,1,Tuesday,8,0,Morning,1,0,0,0,Completed,518.0,160.37151702786377,1,1,1,1,1,1,1
2024-06-11,17:56:55,CNR3154507,Completed,CID3437012,Bike,Moti Nagar,Gurgaon Railway Station,14.8,30.9,,,,,,,921.0,42.33,4.7,4.9,UPI,2024-06-11 17:56:55,2024,6,June,11,1,Tuesday,17,0,Evening,1,0,0,0,Completed,921.0,21.757618710134658,1,1,1,1,1,1,1
2024-02-26,12:38:52,CNR3154507,Completed,CID8312396,Auto,Panipat,Noida Sector 62,9.5,37.4,,,,,,,750.0,30.23,4.3,4.1,Credit Card,2024-02-26 12:38:52,2024,2,February,26,0,Monday,12,0,Afternoon,1,0,0,0,Completed,750.0,24.80979159775058,1,1,1,1,1,1,1
2024-10-19,23:42:03,CNR3159533,Cancelled by Driver,CID9810562,Go Sedan,Rajouri Garden,Connaught Place,10.5,,,,1.0,The customer was coughing/sick,,,,,,,,2024-10-19 23:42:03,2024,10,October,19,5,Saturday,23,1,Late Evening,0,1,0,0,Driver Cancelled,0.0,,0,0,0,0,0,1,0
2024-03-24,16:33:28,CNR3159533,Completed,CID5540951,Uber XL,Chirag Delhi,Karol Bagh,4.7,29.7,,,,,,,1394.0,2.64,3.3,4.6,UPI,2024-03-24 16:33:28,2024,3,March,24,6,Sunday,16,1,Afternoon,1,0,0,0,Completed,1394.0,528.030303030303,1,1,1,1,1,1,1
2024-10-19,15:34:07,CNR3162341,Completed,CID3588205,eBike,IGNOU Road,Huda City Centre,13.8,16.0,,,,,,,832.0,29.6,3.1,4.2,UPI,2024-10-19 15:34:07,2024,10,October,19,5,Saturday,15,1,Afternoon,1,0,0,0,Completed,832.0,28.108108108108105,1,1,1,1,1,1,1
2024-03-03,18:42:52,CNR3162341,Completed,CID7606546,Auto,Noida Sector 18,Keshav Puram,3.2,39.1,,,,,,,440.0,49.4,4.2,3.4,Cash,2024-03-03 18:42:52,2024,3,March,3,6,Sunday,18,1,Evening,1,0,0,0,Completed,440.0,8.906882591093117,1,1,1,1,1,1,1
2024-12-06,08:20:22,CNR3173200,Incomplete,CID3450320,eBike,Meerut,Sarai Kale Khan,7.5,25.1,,,,,1.0,Other Issue,591.0,13.98,,,Credit Card,2024-12-06 08:20:22,2024,12,December,6,4,Friday,8,0,Morning,0,0,1,0,Incomplete,0.0,,1,1,0,0,1,1,1
2024-09-22,22:14:04,CNR3173200,Completed,CID3620476,Premier Sedan,Kalkaji,Sohna Road,7.9,26.7,,,,,,,289.0,33.64,4.9,4.3,UPI,2024-09-22 22:14:04,2024,9,September,22,6,Sunday,22,1,Late Evening,1,0,0,0,Completed,289.0,8.590963139120095,1,1,1,1,1,1,1
2024-10-19,17:24:00,CNR3176132,Cancelled by Driver,CID8639615,Bike,Sarai Kale Khan,IFFCO Chowk,10.8,,,,1.0,The customer was coughing/sick,,,,,,,,2024-10-19 17:24:00,2024,10,October,19,5,Saturday,17,1,Evening,0,1,0,0,Driver Cancelled,0.0,,0,0,0,0,0,1,0
2024-07-19,10:42:34,CNR3176132,Completed,CID2764834,Auto,Hero Honda Chowk,Vidhan Sabha,11.5,33.0,,,,,,,346.0,42.94,4.8,4.7,Debit Card,2024-07-19 10:42:34,2024,7,July,19,4,Friday,10,0,Morning,1,0,0,0,Completed,346.0,8.057755006986493,1,1,1,1,1,1,1
2024-11-03,21:59:38,CNR3178900,Completed,CID1093978,Go Sedan,Badarpur,Shastri Park,10.2,30.8,,,,,,,980.0,29.81,5.0,4.7,UPI,2024-11-03 21:59:38,2024,11,November,3,6,Sunday,21,1,Late Evening,1,0,0,0,Completed,980.0,32.87487420328749,1,1,1,1,1,1,1
2024-10-18,11:36:46,CNR3178900,Incomplete,CID5097006,Go Mini,Vinobapuri,Ardee City,4.2,16.3,,,,,1.0,Vehicle Breakdown,429.0,2.66,,,UPI,2024-10-18 11:36:46,2024,10,October,18,4,Friday,11,0,Morning,0,0,1,0,Incomplete,0.0,,1,1,0,0,1,1,1
2024-01-30,19:33:33,CNR3179875,Completed,CID7061785,Bike,Delhi Gate,Gurgaon Sector 29,2.2,27.1,,,,,,,309.0,25.16,3.6,5.0,Uber Wallet,2024-01-30 19:33:33,2024,1,January,30,1,Tuesday,19,0,Evening,1,0,0,0,Completed,309.0,12.281399046104928,1,1,1,1,1,1,1
2024-06-15,20:29:47,CNR3179875,Cancelled by Driver,CID1991373,Go Mini,Punjabi Bagh,Lok Kalyan Marg,4.1,,,,1.0,Customer related issue,,,,,,,,2024-06-15 20:29:47,2024,6,June,15,5,Saturday,20,1,Evening,0,1,0,0,Driver Cancelled,0.0,,0,0,0,0,0,1,0
2024-05-30,18:47:14,CNR3183565,Completed,CID6527318,Go Mini,Rohini,Gurgaon Sector 56,11.8,32.6,,,,,,,123.0,33.41,4.3,3.9,UPI,2024-05-30 18:47:14,2024,5,May,30,3,Thursday,18,0,Evening,1,0,0,0,Completed,123.0,3.6815324753067946,1,1,1,1,1,1,1
2024-09-10,13:33:56,CNR3183565,Cancelled by Customer,CID6527637,Go Mini,Kashmere Gate ISBT,Mundka,15.2,,1.0,Driver is not moving towards pickup location,,,,,,,,,,2024-09-10 13:33:56,2024,9,September,10,1,Tuesday,13,0,Afternoon,0,1,0,0,Customer Cancelled,0.0,,0,0,0,0,0,1,0
2024-09-12,20:44:05,CNR3184931,Completed,CID6135119,Auto,Dwarka Mor,Hauz Khas,12.9,22.6,,,,,,,292.0,25.68,3.7,4.7,Cash,2024-09-12 20:44:05,2024,9,September,12,3,Thursday,20,0,Evening,1,0,0,0,Completed,292.0,11.370716510903426,1,1,1,1,1,1,1
2024-03-06,17:23:37,CNR3184931,Cancelled by Driver,CID7717153,Auto,Greater Noida,Vaishali,4.6,,,,1.0,More than permitted people in there,,,,,,,,2024-03-06 17:23:37,2024,3,March,6,2,Wednesday,17,0,Evening,0,1,0,0,Driver Cancelled,0.0,,0,0,0,0,0,1,0
2024-01-22,19:36:34,CNR3198705,Cancelled by Driver,CID8289712,Go Sedan,DLF Phase 3,Sadar Bazar Gurgaon,3.7,,,,1.0,The customer was coughing/sick,,,,,,,,2024-01-22 19:36:34,2024,1,January,22,0,Monday,19,0,Evening,0,1,0,0,Driver Cancelled,0.0,,0,0,0,0,0,1,0
2024-08-17,18:28:49,CNR3198705,Completed,CID3935812,Bike,South Extension,Govindpuri,12.7,35.6,,,,,,,731.0,4.19,4.3,4.2,Debit Card,2024-08-17 18:28:49,2024,8,August,17,5,Saturday,18,1,Evening,1,0,0,0,Completed,731.0,174.46300715990452,1,1,1,1,1,1,1
2024-05-23,19:31:05,CNR3200085,Completed,CID2237031,Bike,Kaushambi,Saidulajab,9.4,43.6,,,,,,,584.0,18.95,5.0,4.3,UPI,2024-05-23 19:31:05,2024,5,May,23,3,Thursday,19,0,Evening,1,0,0,0,Completed,584.0,30.817941952506597,1,1,1,1,1,1,1
2024-06-03,10:53:20,CNR3200085,Completed,CID3144349,Uber XL,Basai Dhankot,Barakhamba Road,12.4,28.5,,,,,,,138.0,35.43,4.8,4.6,Cash,2024-06-03 10:53:20,2024,6,June,3,0,Monday,10,0,Morning,1,0,0,0,Completed,138.0,3.895004233700254,1,1,1,1,1,1,1
2024-01-24,15:00:01,CNR3205164,Completed,CID5830569,Auto,Ashram,Green Park,7.2,36.7,,,,,,,269.0,34.42,3.2,4.2,Credit Card,2024-01-24 15:00:01,2024,1,January,24,2,Wednesday,15,0,Afternoon,1,0,0,0,Completed,269.0,7.815223707147007,1,1,1,1,1,1,1
2024-02-15,11:08:57,CNR3205164,Cancelled by Driver,CID5376164,Auto,Pragati Maidan,Ghitorni,6.0,,,,1.0,Personal & Car related issues,,,,,,,,2024-02-15 11:08:57,2024,2,February,15,3,Thursday,11,0,Morning,0,1,0,0,Driver Cancelled,0.0,,0,0,0,0,0,1,0
2024-11-10,02:17:24,CNR3205680,Cancelled by Driver,CID4742053,eBike,Janakpuri,Khan Market,11.8,,,,1.0,Customer related issue,,,,,,,,2024-11-10 02:17:24,2024,11,November,10,6,Sunday,2,1,Night,0,1,0,0,Driver Cancelled,0.0,,0,0,0,0,0,1,0
2024-02-21,20:49:04,CNR3205680,Cancelled by Customer,CID6354029,eBike,Tilak Nagar,DLF City Court,9.6,,1.0,Wrong Address,,,,,,,,,,2024-02-21 20:49:04,2024,2,February,21,2,Wednesday,20,0,Evening,0,1,0,0,Customer Cancelled,0.0,,0,0,0,0,0,1,0
2024-08-19,11:01:42,CNR3255716,Completed,CID4899304,Go Mini,IMT Manesar,Pitampura,9.7,36.4,,,,,,,314.0,41.86,4.6,4.8,Cash,2024-08-19 11:01:42,2024,8,August,19,0,Monday,11,0,Morning,1,0,0,0,Completed,314.0,7.501194457716197,1,1,1,1,1,1,1
2024-02-07,19:03:02,CNR3255716,Completed,CID4755659,Bike,Sushant Lok,Hauz Rani,9.8,39.4,,,,,,,2286.0,42.29,4.7,5.0,Debit Card,2024-02-07 19:03:02,2024,2,February,7,2,Wednesday,19,0,Evening,1,0,0,0,Completed,2286.0,54.05533222984157,1,1,1,1,1,1,1
2024-12-15,17:50:51,CNR3259429,Cancelled by Driver,CID4151940,eBike,Rajiv Nagar,Ashram,10.9,,,,1.0,Personal & Car related issues,,,,,,,,2024-12-15 17:50:51,2024,12,December,15,6,Sunday,17,1,Evening,0,1,0,0,Driver Cancelled,0.0,,0,0,0,0,0,1,0
2024-04-17,04:27:08,CNR3259429,Completed,CID4420087,Auto,Bhiwadi,MG Road,4.4,33.8,,,,,,,113.0,38.79,4.2,4.6,UPI,2024-04-17 04:27:08,2024,4,April,17,2,Wednesday,4,0,Night,1,0,0,0,Completed,113.0,2.9131219386439806,1,1,1,1,1,1,1
2024-12-14,14:01:28,CNR3259811,Completed,CID7834027,Bike,Subhash Chowk,Mehrauli,4.2,27.0,,,,,,,277.0,2.92,4.4,4.1,UPI,2024-12-14 14:01:28,2024,12,December,14,5,Saturday,14,1,Afternoon,1,0,0,0,Completed,277.0,94.86301369863014,1,1,1,1,1,1,1
2024-05-10,12:40:24,CNR3259811,Completed,CID9358878,Premier Sedan,Mundka,Karol Bagh,5.5,15.9,,,,,,,428.0,21.35,3.6,4.2,Cash,2024-05-10 12:40:24,2024,5,May,10,4,Friday,12,0,Afternoon,1,0,0,0,Completed,428.0,20.046838407494143,1,1,1,1,1,1,1
2024-06-26,19:59:46,CNR3263084,Cancelled by Driver,CID3183970,Uber XL,IMT Manesar,Kanhaiya Nagar,3.7,,,,1.0,Personal & Car related issues,,,,,,,,2024-06-26 19:59:46,2024,6,June,26,2,Wednesday,19,0,Evening,0,1,0,0,Driver Cancelled,0.0,,0,0,0,0,0,1,0
2024-06-09,17:19:58,CNR3263084,Completed,CID7410868,Go Sedan,Hauz Khas,Saket A Block,10.9,37.0,,,,,,,771.0,32.46,3.8,4.6,UPI,2024-06-09 17:19:58,2024,6,June,9,6,Sunday,17,1,Evening,1,0,0,0,Completed,771.0,23.752310536044362,1,1,1,1,1,1,1
2024-07-08,18:55:56,CNR3279769,Completed,CID1715292,Go Mini,Pragati Maidan,Khan Market,10.1,32.3,,,,,,,107.0,49.54,4.3,4.6,Uber Wallet,2024-07-08 18:55:56,2024,7,July,8,0,Monday,18,0,Evening,1,0,0,0,Completed,107.0,2.1598708114654825,1,1,1,1,1,1,1
2024-04-11,16:29:51,CNR3279769,Completed,CID8100568,Bike,Panipat,Shivaji Park,2.7,29.1,,,,,,,288.0,7.12,4.9,4.8,Cash,2024-04-11 16:29:51,2024,4,April,11,3,Thursday,16,0,Afternoon,1,0,0,0,Completed,288.0,40.449438202247194,1,1,1,1,1,1,1
2024-02-27,21:54:56,CNR3285226,Completed,CID9376909,Auto,Janakpuri,Ambience Mall,4.6,29.1,,,,,,,723.0,3.15,4.3,4.2,UPI,2024-02-27 21:54:56,2024,2,February,27,1,Tuesday,21,0,Late Evening,1,0,0,0,Completed,723.0,229.52380952380952,1,1,1,1,1,1,1
2024-02-08,14:30:43,CNR3285226,Cancelled by Customer,CID9172966,Premier Sedan,Gurgaon Sector 56,Preet Vihar,6.2,,1.0,AC is not working,,,,,,,,,,2024-02-08 14:30:43,2024,2,February,8,3,Thursday,14,0,Afternoon,0,1,0,0,Customer Cancelled,0.0,,0,0,0,0,0,1,0
2024-05-17,00:56:00,CNR3293068,Completed,CID9940073,Go Mini,Noida Extension,DLF Phase 3,6.7,37.0,,,,,,,835.0,12.2,4.2,4.4,Cash,2024-05-17 00:56:00,2024,5,May,17,4,Friday,0,0,Night,1,0,0,0,Completed,835.0,68.44262295081968,1,1,1,1,1,1,1
2024-11-27,06:29:46,CNR3293068,Completed,CID5778584,Auto,Chirag Delhi,Vishwavidyalaya,10.1,33.2,,,,,,,915.0,15.3,4.9,4.5,UPI,2024-11-27 06:29:46,2024,11,November,27,2,Wednesday,6,0,Morning,1,0,0,0,Completed,915.0,59.80392156862745,1,1,1,1,1,1,1
2024-11-16,20:01:19,CNR3293112,Incomplete,CID8043329,Go Mini,IIT Delhi,Saket,9.6,17.7,,,,,1.0,Customer Demand,996.0,10.77,,,Cash,2024-11-16 20:01:19,2024,11,November,16,5,Saturday,20,1,Evening,0,0,1,0,Incomplete,0.0,,1,1,0,0,1,1,1
2024-11-15,11:25:59,CNR3293112,Incomplete,CID2820612,Auto,Mansarovar Park,Model Town,5.9,17.9,,,,,1.0,Other Issue,1537.0,2.62,,,UPI,2024-11-15 11:25:59,2024,11,November,15,4,Friday,11,0,Morning,0,0,1,0,Incomplete,0.0,,1,1,0,0,1,1,1
2024-06-30,15:23:01,CNR3325844,Completed,CID2469389,Go Sedan,Jahangirpuri,Chandni Chowk,6.8,31.7,,,,,,,2715.0,15.31,3.1,4.4,UPI,2024-06-30 15:23:01,2024,6,June,30,6,Sunday,15,1,Afternoon,1,0,0,0,Completed,2715.0,177.33507511430437,1,1,1,1,1,1,1
2024-12-26,11:21:52,CNR3325844,Completed,CID4596964,Bike,Lajpat Nagar,Kashmere Gate ISBT,2.4,17.2,,,,,,,92.0,7.37,4.4,4.6,Credit Card,2024-12-26 11:21:52,2024,12,December,26,3,Thursday,11,0,Morning,1,0,0,0,Completed,92.0,12.48303934871099,1,1,1,1,1,1,1
2024-09-08,18:20:06,CNR3335372,Cancelled by Driver,CID2881539,Go Sedan,Ashok Vihar,Maidan Garhi,10.8,,,,1.0,More than permitted people in there,,,,,,,,2024-09-08 18:20:06,2024,9,September,8,6,Sunday,18,1,Evening,0,1,0,0,Driver Cancelled,0.0,,0,0,0,0,0,1,0
2024-01-16,16:48:47,CNR3335372,Cancelled by Driver,CID2785871,Auto,Tilak Nagar,Shahdara,3.3,,,,1.0,More than permitted people in there,,,,,,,,2024-01-16 16:48:47,2024,1,January,16,1,Tuesday,16,0,Afternoon,0,1,0,0,Driver Cancelled,0.0,,0,0,0,0,0,1,0
2024-08-21,18:49:06,CNR3336405,Cancelled by Customer,CID2791292,eBike,Kadarpur,Punjabi Bagh,8.7,,1.0,Driver asked to cancel,,,,,,,,,,2024-08-21 18:49:06,2024,8,August,21,2,Wednesday,18,0,Evening,0,1,0,0,Customer Cancelled,0.0,,0,0,0,0,0,1,0
2024-12-18,09:07:58,CNR3336405,Completed,CID9889008,Auto,Subhash Chowk,Vatika Chowk,13.9,22.0,,,,,,,542.0,14.41,3.7,4.3,Credit Card,2024-12-18 09:07:58,2024,12,December,18,2,Wednesday,9,0,Morning,1,0,0,0,Completed,542.0,37.612768910478835,1,1,1,1,1,1,1
2024-05-13,15:27:05,CNR3341652,Cancelled by Customer,CID6962209,Bike,Vasant Kunj,Delhi Gate,7.1,,1.0,Change of plans,,,,,,,,,,2024-05-13 15:27:05,2024,5,May,13,0,Monday,15,0,Afternoon,0,1,0,0,Customer Cancelled,0.0,,0,0,0,0,0,1,0
2024-02-17,23:15:16,CNR3341652,Completed,CID4075400,Go Sedan,Patel Chowk,Ardee City,11.8,29.6,,,,,,,495.0,45.42,4.6,4.9,Cash,2024-02-17 23:15:16,2024,2,February,17,5,Saturday,23,1,Late Evening,1,0,0,0,Completed,495.0,10.898282694848085,1,1,1,1,1,1,1
2024-06-03,21:23:58,CNR3342731,No Driver Found,CID7702316,Go Sedan,Greater Noida,Adarsh Nagar,,,,,,,,,,,,,,2024-06-03 21:23:58,2024,6,June,3,0,Monday,21,0,Late Evening,0,0,0,1,No Driver Found,0.0,,0,0,0,0,0,0,0
2024-02-06,17:59:08,CNR3342731,Completed,CID9821316,Bike,Kadarpur,Vishwavidyalaya,9.7,35.8,,,,,,,400.0,14.3,3.9,4.7,Uber Wallet,2024-02-06 17:59:08,2024,2,February,6,1,Tuesday,17,0,Evening,1,0,0,0,Completed,400.0,27.97202797202797,1,1,1,1,1,1,1
2024-07-25,15:59:18,CNR3354515,Completed,CID1399777,Bike,Inderlok,Kaushambi,12.7,29.7,,,,,,,459.0,19.87,5.0,4.8,Debit Card,2024-07-25 15:59:18,2024,7,July,25,3,Thursday,15,0,Afternoon,1,0,0,0,Completed,459.0,23.100150981378963,1,1,1,1,1,1,1
2024-10-22,22:50:52,CNR3354515,Cancelled by Driver,CID2812561,Go Sedan,Udyog Vihar Phase 4,Khandsa,8.1,,,,1.0,Customer related issue,,,,,,,,2024-10-22 22:50:52,2024,10,October,22,1,Tuesday,22,0,Late Evening,0,1,0,0,Driver Cancelled,0.0,,0,0,0,0,0,1,0
2024-12-20,22:48:52,CNR3371560,Cancelled by Driver,CID5149390,Go Sedan,Paharganj,Shivaji Park,8.5,,,,1.0,Customer related issue,,,,,,,,2024-12-20 22:48:52,2024,12,December,20,4,Friday,22,0,Late Evening,0,1,0,0,Driver Cancelled,0.0,,0,0,0,0,0,1,0
2024-12-08,08:46:46,CNR3371560,Completed,CID2080866,Auto,Ashok Vihar,Rajouri Garden,2.8,31.8,,,,,,,1193.0,36.12,4.1,4.8,Cash,2024-12-08 08:46:46,2024,12,December,8,6,Sunday,8,1,Morning,1,0,0,0,Completed,1193.0,33.02879291251384,1,1,1,1,1,1,1
2024-02-14,21:59:27,CNR3391255,Completed,CID5580756,Go Sedan,Rajiv Chowk,Preet Vihar,10.1,20.8,,,,,,,473.0,30.53,3.3,4.6,UPI,2024-02-14 21:59:27,2024,2,February,14,2,Wednesday,21,0,Late Evening,1,0,0,0,Completed,473.0,15.492957746478872,1,1,1,1,1,1,1
2024-10-14,14:50:47,CNR3391255,Completed,CID1866991,Go Mini,Qutub Minar,Vinobapuri,10.6,29.1,,,,,,,328.0,11.32,3.4,4.9,UPI,2024-10-14 14:50:47,2024,10,October,14,0,Monday,14,0,Afternoon,1,0,0,0,Completed,328.0,28.975265017667844,1,1,1,1,1,1,1
2024-01-25,19:07:39,CNR3394079,Completed,CID8602243,Premier Sedan,MG Road,Botanical Garden,4.7,23.2,,,,,,,384.0,30.74,4.6,4.4,Debit Card,2024-01-25 19:07:39,2024,1,January,25,3,Thursday,19,0,Evening,1,0,0,0,Completed,384.0,12.491867273910215,1,1,1,1,1,1,1
2024-08-05,09:17:43,CNR3394079,Completed,CID5517604,Premier Sedan,Gurgaon Sector 29,Samaypur Badli,5.3,40.2,,,,,,,153.0,21.84,4.1,4.9,Cash,2024-08-05 09:17:43,2024,8,August,5,0,Monday,9,0,Morning,1,0,0,0,Completed,153.0,7.0054945054945055,1,1,1,1,1,1,1
2024-04-29,21:00:09,CNR3395356,Completed,CID9328513,Bike,Panchsheel Park,Ramesh Nagar,4.5,21.1,,,,,,,802.0,25.19,4.4,4.9,Cash,2024-04-29 21:00:09,2024,4,April,29,0,Monday,21,0,Late Evening,1,0,0,0,Completed,802.0,31.83803096466852,1,1,1,1,1,1,1
2024-01-01,20:06:53,CNR3395356,Cancelled by Customer,CID1497988,Auto,Ghaziabad,Lajpat Nagar,15.5,,1.0,Driver asked to cancel,,,,,,,,,,2024-01-01 20:06:53,2024,1,January,1,0,Monday,20,0,Evening,0,1,0,0,Customer Cancelled,0.0,,0,0,0,0,0,1,0
2024-04-12,01:09:08,CNR3397532,Cancelled by Driver,CID6168009,Go Sedan,Mayur Vihar,DLF City Court,4.1,,,,1.0,Personal & Car related issues,,,,,,,,2024-04-12 01:09:08,2024,4,April,12,4,Friday,1,0,Night,0,1,0,0,Driver Cancelled,0.0,,0,0,0,0,0,1,0
2024-10-05,15:35:24,CNR3397532,No Driver Found,CID9512178,Auto,Kanhaiya Nagar,Paharganj,,,,,,,,,,,,,,2024-10-05 15:35:24,2024,10,October,5,5,Saturday,15,1,Afternoon,0,0,0,1,No Driver Found,0.0,,0,0,0,0,0,0,0
2024-04-08,19:17:13,CNR3402189,Completed,CID4037918,Go Sedan,Tilak Nagar,Seelampur,11.8,22.1,,,,,,,735.0,11.96,5.0,4.4,UPI,2024-04-08 19:17:13,2024,4,April,8,0,Monday,19,0,Evening,1,0,0,0,Completed,735.0,61.454849498327754,1,1,1,1,1,1,1
2024-10-11,20:45:01,CNR3402189,Completed,CID7415854,Auto,New Colony,Narsinghpur,10.6,19.9,,,,,,,590.0,7.87,4.9,4.3,UPI,2024-10-11 20:45:01,2024,10,October,11,4,Friday,20,0,Evening,1,0,0,0,Completed,590.0,74.96823379923761,1,1,1,1,1,1,1
2024-03-12,18:11:43,CNR3422356,No Driver Found,CID3596731,Auto,Panchsheel Park,Vaishali,,,,,,,,,,,,,,2024-03-12 18:11:43,2024,3,March,12,1,Tuesday,18,0,Evening,0,0,0,1,No Driver Found,0.0,,0,0,0,0,0,0,0
2024-06-25,18:17:09,CNR3422356,Completed,CID9261507,Bike,Jor Bagh,Moti Nagar,2.5,44.6,,,,,,,66.0,25.52,4.3,4.6,Uber Wallet,2024-06-25 18:17:09,2024,6,June,25,1,Tuesday,18,0,Evening,1,0,0,0,Completed,66.0,2.586206896551724,1,1,1,1,1,1,1
2024-05-23,11:32:25,CNR3430901,Completed,CID3078472,eBike,Jama Masjid,Paharganj,4.8,20.3,,,,,,,411.0,13.77,3.6,4.9,Cash,2024-05-23 11:32:25,2024,5,May,23,3,Thursday,11,0,Morning,1,0,0,0,Completed,411.0,29.847494553376908,1,1,1,1,1,1,1
2024-06-11,16:32:21,CNR3430901,No Driver Found,CID1594095,Bike,Maidan Garhi,Basai Dhankot,,,,,,,,,,,,,,2024-06-11 16:32:21,2024,6,June,11,1,Tuesday,16,0,Afternoon,0,0,0,1,No Driver Found,0.0,,0,0,0,0,0,0,0
2024-12-27,18:33:08,CNR3432381,Completed,CID5502423,Go Mini,Jhilmil,Old Gurgaon,10.4,38.7,,,,,,,368.0,44.51,4.5,4.2,UPI,2024-12-27 18:33:08,2024,12,December,27,4,Friday,18,0,Evening,1,0,0,0,Completed,368.0,8.267804987643226,1,1,1,1,1,1,1
2024-10-25,21:13:00,CNR3432381,Completed,CID5636791,Go Sedan,IGI Airport,Manesar,6.8,21.8,,,,,,,474.0,16.87,3.5,4.5,Debit Card,2024-10-25 21:13:00,2024,10,October,25,4,Friday,21,0,Late Evening,1,0,0,0,Completed,474.0,28.09721398933017,1,1,1,1,1,1,1
2024-02-13,22:37:22,CNR3437256,No Driver Found,CID1131016,Premier Sedan,Indirapuram,Chhatarpur,,,,,,,,,,,,,,2024-02-13 22:37:22,2024,2,February,13,1,Tuesday,22,0,Late Evening,0,0,0,1,No Driver Found,0.0,,0,0,0,0,0,0,0
2024-10-15,17:38:52,CNR3437256,Completed,CID8337785,Go Mini,Welcome,Jhilmil,2.1,30.0,,,,,,,313.0,40.63,4.4,4.9,Uber Wallet,2024-10-15 17:38:52,2024,10,October,15,1,Tuesday,17,0,Evening,1,0,0,0,Completed,313.0,7.7036672409549585,1,1,1,1,1,1,1
2024-02-29,20:44:10,CNR3448057,Completed,CID3914001,Go Mini,IGI Airport,IGNOU Road,3.7,43.2,,,,,,,356.0,2.04,4.3,4.1,UPI,2024-02-29 20:44:10,2024,2,February,29,3,Thursday,20,0,Evening,1,0,0,0,Completed,356.0,174.50980392156862,1,1,1,1,1,1,1
2024-10-31,06:45:38,CNR3448057,Completed,CID2380912,Go Sedan,Welcome,Golf Course Road,11.2,19.0,,,,,,,799.0,26.57,4.1,4.1,UPI,2024-10-31 06:45:38,2024,10,October,31,3,Thursday,6,0,Morning,1,0,0,0,Completed,799.0,30.071509220925854,1,1,1,1,1,1,1
2024-03-30,14:04:05,CNR3453819,Completed,CID2220838,Go Mini,Sikanderpur,New Colony,2.4,23.2,,,,,,,981.0,12.08,3.4,4.6,UPI,2024-03-30 14:04:05,2024,3,March,30,5,Saturday,14,1,Afternoon,1,0,0,0,Completed,981.0,81.20860927152317,1,1,1,1,1,1,1
2024-07-20,11:53:31,CNR3453819,Incomplete,CID1894164,Go Mini,Tagore Garden,Ghitorni,3.3,12.8,,,,,1.0,Other Issue,748.0,11.27,,,UPI,2024-07-20 11:53:31,2024,7,July,20,5,Saturday,11,1,Morning,0,0,1,0,Incomplete,0.0,,1,1,0,0,1,1,1
2024-11-14,15:14:40,CNR3462362,Incomplete,CID1778119,eBike,New Delhi Railway Station,Rajouri Garden,2.2,26.7,,,,,1.0,Vehicle Breakdown,139.0,16.25,,,UPI,2024-11-14 15:14:40,2024,11,November,14,3,Thursday,15,0,Afternoon,0,0,1,0,Incomplete,0.0,,1,1,0,0,1,1,1
2024-09-07,13:06:37,CNR3462362,Cancelled by Customer,CID6749936,Uber XL,Gwal Pahari,Golf Course Road,15.8,,1.0,Change of plans,,,,,,,,,,2024-09-07 13:06:37,2024,9,September,7,5,Saturday,13,1,Afternoon,0,1,0,0,Customer Cancelled,0.0,,0,0,0,0,0,1,0
2024-02-11,17:05:28,CNR3466923,Completed,CID6417399,Go Sedan,Kashmere Gate,Jama Masjid,8.1,24.1,,,,,,,339.0,20.88,4.7,3.0,Cash,2024-02-11 17:05:28,2024,2,February,11,6,Sunday,17,1,Evening,1,0,0,0,Completed,339.0,16.235632183908045,1,1,1,1,1,1,1
2024-03-02,09:28:06,CNR3466923,Completed,CID9701238,Go Mini,Badarpur,India Gate,14.6,33.0,,,,,,,754.0,42.04,4.2,4.9,Uber Wallet,2024-03-02 09:28:06,2024,3,March,2,5,Saturday,9,1,Morning,1,0,0,0,Completed,754.0,17.935299714557566,1,1,1,1,1,1,1
2024-03-28,20:21:18,CNR3468418,Completed,CID2564080,eBike,Kashmere Gate,Rajiv Nagar,7.0,40.9,,,,,,,979.0,49.98,4.1,4.9,Uber Wallet,2024-03-28 20:21:18,2024,3,March,28,3,Thursday,20,0,Evening,1,0,0,0,Completed,979.0,19.587835134053623,1,1,1,1,1,1,1
2024-07-21,20:39:31,CNR3468418,Completed,CID8464346,Bike,Vaishali,Ghitorni Village,5.2,27.3,,,,,,,1310.0,15.52,5.0,4.6,Debit Card,2024-07-21 20:39:31,2024,7,July,21,6,Sunday,20,1,Evening,1,0,0,0,Completed,1310.0,84.40721649484536,1,1,1,1,1,1,1
2024-04-12,06:54:04,CNR3474102,Completed,CID3159904,Premier Sedan,New Colony,Qutub Minar,4.0,33.5,,,,,,,322.0,19.58,4.9,4.6,Uber Wallet,2024-04-12 06:54:04,2024,4,April,12,4,Friday,6,0,Morning,1,0,0,0,Completed,322.0,16.44535240040858,1,1,1,1,1,1,1
2024-02-16,14:27:02,CNR3474102,Cancelled by Driver,CID8956071,Go Mini,DLF City Court,Panchsheel Park,11.0,,,,1.0,The customer was coughing/sick,,,,,,,,2024-02-16 14:27:02,2024,2,February,16,4,Friday,14,0,Afternoon,0,1,0,0,Driver Cancelled,0.0,,0,0,0,0,0,1,0
2024-12-21,10:25:00,CNR3482030,Incomplete,CID8149153,Premier Sedan,Keshav Puram,Ambience Mall,7.6,15.5,,,,,1.0,Other Issue,438.0,11.08,,,Cash,2024-12-21 10:25:00,2024,12,December,21,5,Saturday,10,1,Morning,0,0,1,0,Incomplete,0.0,,1,1,0,0,1,1,1
2024-05-17,17:49:47,CNR3482030,Completed,CID4409429,Go Mini,Jasola,Ramesh Nagar,11.9,34.2,,,,,,,127.0,18.89,3.8,4.7,UPI,2024-05-17 17:49:47,2024,5,May,17,4,Friday,17,0,Evening,1,0,0,0,Completed,127.0,6.723133933298041,1,1,1,1,1,1,1
2024-04-08,19:03:54,CNR3491844,Cancelled by Customer,CID8219310,Auto,Chandni Chowk,Peeragarhi,16.8,,1.0,Driver asked to cancel,,,,,,,,,,2024-04-08 19:03:54,2024,4,April,8,0,Monday,19,0,Evening,0,1,0,0,Customer Cancelled,0.0,,0,0,0,0,0,1,0
2024-10-30,19:14:28,CNR3491844,Completed,CID8572824,Auto,Aya Nagar,Ghitorni,3.9,18.4,,,,,,,635.0,46.78,4.7,3.4,UPI,2024-10-30 19:14:28,2024,10,October,30,2,Wednesday,19,0,Evening,1,0,0,0,Completed,635.0,13.5741769987174,1,1,1,1,1,1,1
2024-04-19,17:37:21,CNR3492330,Completed,CID1154356,Bike,Civil Lines Gurgaon,Mandi House,6.0,30.8,,,,,,,473.0,31.73,3.7,5.0,UPI,2024-04-19 17:37:21,2024,4,April,19,4,Friday,17,0,Evening,1,0,0,0,Completed,473.0,14.907028049164827,1,1,1,1,1,1,1
2024-04-24,00:54:30,CNR3492330,Completed,CID6275484,Bike,Vasant Kunj,Chhatarpur,4.1,34.8,,,,,,,836.0,4.12,4.9,3.8,UPI,2024-04-24 00:54:30,2024,4,April,24,2,Wednesday,0,0,Night,1,0,0,0,Completed,836.0,202.9126213592233,1,1,1,1,1,1,1
2024-12-11,21:45:21,CNR3493452,Completed,CID1265815,Uber XL,Ashram,Jor Bagh,3.9,36.6,,,,,,,424.0,41.04,4.4,5.0,UPI,2024-12-11 21:45:21,2024,12,December,11,2,Wednesday,21,0,Late Evening,1,0,0,0,Completed,424.0,10.331384015594542,1,1,1,1,1,1,1
2024-04-04,19:32:24,CNR3493452,Cancelled by Driver,CID3076765,Go Sedan,Shastri Nagar,Basai Dhankot,6.6,,,,1.0,The customer was coughing/sick,,,,,,,,2024-04-04 19:32:24,2024,4,April,4,3,Thursday,19,0,Evening,0,1,0,0,Driver Cancelled,0.0,,0,0,0,0,0,1,0
2024-06-12,20:27:18,CNR3503242,Completed,CID1423126,Go Sedan,Paschim Vihar,Nirman Vihar,6.0,16.6,,,,,,,443.0,35.1,4.7,3.4,UPI,2024-06-12 20:27:18,2024,6,June,12,2,Wednesday,20,0,Evening,1,0,0,0,Completed,443.0,12.621082621082621,1,1,1,1,1,1,1
2024-10-18,13:32:13,CNR3503242,Cancelled by Driver,CID6553264,eBike,Mundka,Noida Sector 18,5.6,,,,1.0,More than permitted people in there,,,,,,,,2024-10-18 13:32:13,2024,10,October,18,4,Friday,13,0,Afternoon,0,1,0,0,Driver Cancelled,0.0,,0,0,0,0,0,1,0
2024-04-19,20:05:53,CNR3505743,No Driver Found,CID1498838,Go Sedan,Indirapuram,Nawada,,,,,,,,,,,,,,2024-04-19 20:05:53,2024,4,April,19,4,Friday,20,0,Evening,0,0,0,1,No Driver Found,0.0,,0,0,0,0,0,0,0
2024-12-13,13:43:48,CNR3505743,Completed,CID2536200,Uber XL,Azadpur,Subhash Nagar,12.9,35.4,,,,,,,142.0,16.98,4.3,4.2,Cash,2024-12-13 13:43:48,2024,12,December,13,4,Friday,13,0,Afternoon,1,0,0,0,Completed,142.0,8.362779740871613,1,1,1,1,1,1,1
2024-02-10,18:42:20,CNR3516678,Cancelled by Driver,CID2954499,Go Mini,AIIMS,New Delhi Railway Station,9.4,,,,1.0,More than permitted people in there,,,,,,,,2024-02-10 18:42:20,2024,2,February,10,5,Saturday,18,1,Evening,0,1,0,0,Driver Cancelled,0.0,,0,0,0,0,0,1,0
2024-06-03,18:17:31,CNR3516678,Cancelled by Driver,CID9767685,Auto,Punjabi Bagh,Udyog Vihar Phase 4,3.5,,,,1.0,Customer related issue,,,,,,,,2024-06-03 18:17:31,2024,6,June,3,0,Monday,18,0,Evening,0,1,0,0,Driver Cancelled,0.0,,0,0,0,0,0,1,0
2024-09-09,15:27:13,CNR3526559,Completed,CID6830004,Auto,Noida Sector 62,Kanhaiya Nagar,13.9,44.8,,,,,,,262.0,37.75,4.3,3.7,Cash,2024-09-09 15:27:13,2024,9,September,9,0,Monday,15,0,Afternoon,1,0,0,0,Completed,262.0,6.940397350993377,1,1,1,1,1,1,1
2024-02-03,09:41:58,CNR3526559,Completed,CID9873306,Go Mini,Nirman Vihar,Welcome,9.9,40.8,,,,,,,288.0,17.82,4.2,4.9,UPI,2024-02-03 09:41:58,2024,2,February,3,5,Saturday,9,1,Morning,1,0,0,0,Completed,288.0,16.161616161616163,1,1,1,1,1,1,1
2024-07-01,23:30:39,CNR3530013,Cancelled by Driver,CID4322099,Go Mini,Maidan Garhi,Kanhaiya Nagar,12.0,,,,1.0,Personal & Car related issues,,,,,,,,2024-07-01 23:30:39,2024,7,July,1,0,Monday,23,0,Late Evening,0,1,0,0,Driver Cancelled,0.0,,0,0,0,0,0,1,0
2024-04-05,12:26:02,CNR3530013,Completed,CID2141602,Bike,Pataudi Chowk,ITO,3.5,39.3,,,,,,,261.0,49.08,4.7,4.5,UPI,2024-04-05 12:26:02,2024,4,April,5,4,Friday,12,0,Afternoon,1,0,0,0,Completed,261.0,5.3178484107579465,1,1,1,1,1,1,1
2024-10-23,17:03:56,CNR3530187,Completed,CID6398177,Go Sedan,Saket,Bhiwadi,3.0,35.3,,,,,,,401.0,11.74,4.2,4.7,UPI,2024-10-23 17:03:56,2024,10,October,23,2,Wednesday,17,0,Evening,1,0,0,0,Completed,401.0,34.15672913117547,1,1,1,1,1,1,1
2024-12-01,09:07:39,CNR3530187,Completed,CID1676969,Auto,Uttam Nagar,Lal Quila,10.3,34.9,,,,,,,615.0,33.88,4.6,4.2,UPI,2024-12-01 09:07:39,2024,12,December,1,6,Sunday,9,1,Morning,1,0,0,0,Completed,615.0,18.152302243211334,1,1,1,1,1,1,1
2024-01-22,21:43:14,CNR3531201,Completed,CID5531777,Go Sedan,Sonipat,Okhla,4.2,32.8,,,,,,,453.0,19.89,4.2,4.0,Credit Card,2024-01-22 21:43:14,2024,1,January,22,0,Monday,21,0,Late Evening,1,0,0,0,Completed,453.0,22.77526395173454,1,1,1,1,1,1,1
2024-01-06,17:16:59,CNR3531201,Cancelled by Driver,CID7306055,Bike,Madipur,Panipat,3.5,,,,1.0,More than permitted people in there,,,,,,,,2024-01-06 17:16:59,2024,1,January,6,5,Saturday,17,1,Evening,0,1,0,0,Driver Cancelled,0.0,,0,0,0,0,0,1,0
2024-04-15,19:48:36,CNR3535235,Completed,CID8646036,Go Mini,Mansarovar Park,Palam Vihar,2.2,21.1,,,,,,,540.0,25.86,4.7,4.5,Debit Card,2024-04-15 19:48:36,2024,4,April,15,0,Monday,19,0,Evening,1,0,0,0,Completed,540.0,20.88167053364269,1,1,1,1,1,1,1
2024-04-01,07:53:14,CNR3535235,Completed,CID8964764,Go Mini,Mundka,Vidhan Sabha,5.5,23.5,,,,,,,166.0,36.98,4.0,4.6,UPI,2024-04-01 07:53:14,2024,4,April,1,0,Monday,7,0,Morning,1,0,0,0,Completed,166.0,4.488912925905895,1,1,1,1,1,1,1
2024-12-20,09:46:53,CNR3539398,Completed,CID7994199,Go Sedan,Shastri Park,Munirka,13.3,21.5,,,,,,,51.0,5.5,4.1,4.2,UPI,2024-12-20 09:46:53,2024,12,December,20,4,Friday,9,0,Morning,1,0,0,0,Completed,51.0,9.272727272727273,1,1,1,1,1,1,1
2024-02-11,11:23:04,CNR3539398,No Driver Found,CID9270462,Premier Sedan,Kadarpur,Madipur,,,,,,,,,,,,,,2024-02-11 11:23:04,2024,2,February,11,6,Sunday,11,1,Morning,0,0,0,1,No Driver Found,0.0,,0,0,0,0,0,0,0
2024-08-02,19:30:38,CNR3546459,Completed,CID6968234,Auto,Kanhaiya Nagar,Bahadurgarh,9.4,41.4,,,,,,,158.0,7.01,4.2,4.9,Uber Wallet,2024-08-02 19:30:38,2024,8,August,2,4,Friday,19,0,Evening,1,0,0,0,Completed,158.0,22.53922967189729,1,1,1,1,1,1,1
2024-07-25,09:13:37,CNR3546459,Completed,CID4602018,Auto,Sarai Kale Khan,Tis Hazari,10.3,16.4,,,,,,,315.0,8.98,4.8,4.3,Cash,2024-07-25 09:13:37,2024,7,July,25,3,Thursday,9,0,Morning,1,0,0,0,Completed,315.0,35.07795100222717,1,1,1,1,1,1,1
2024-02-19,09:01:27,CNR3551347,Completed,CID2785691,Auto,Ashok Vihar,Sultanpur,12.6,41.7,,,,,,,437.0,34.39,3.2,4.8,Cash,2024-02-19 09:01:27,2024,2,February,19,0,Monday,9,0,Morning,1,0,0,0,Completed,437.0,12.707182320441989,1,1,1,1,1,1,1
2024-01-19,18:57:36,CNR3551347,Completed,CID3326800,Bike,Jama Masjid,Indraprastha,14.5,31.3,,,,,,,432.0,47.65,4.4,4.7,Cash,2024-01-19 18:57:36,2024,1,January,19,4,Friday,18,0,Evening,1,0,0,0,Completed,432.0,9.06610703043022,1,1,1,1,1,1,1
2024-01-22,18:49:27,CNR3553579,Completed,CID3648434,Go Sedan,Govindpuri,Karkarduma,3.4,37.8,,,,,,,2030.0,3.55,4.3,3.1,Cash,2024-01-22 18:49:27,2024,1,January,22,0,Monday,18,0,Evening,1,0,0,0,Completed,2030.0,571.830985915493,1,1,1,1,1,1,1
2024-06-03,17:36:48,CNR3553579,Cancelled by Driver,CID3722543,Auto,Kaushambi,Hauz Khas,7.7,,,,1.0,More than permitted people in there,,,,,,,,2024-06-03 17:36:48,2024,6,June,3,0,Monday,17,0,Evening,0,1,0,0,Driver Cancelled,0.0,,0,0,0,0,0,1,0
2024-08-22,17:46:54,CNR3566562,No Driver Found,CID7019615,Go Mini,IGNOU Road,Pataudi Chowk,,,,,,,,,,,,,,2024-08-22 17:46:54,2024,8,August,22,3,Thursday,17,0,Evening,0,0,0,1,No Driver Found,0.0,,0,0,0,0,0,0,0
2024-07-18,18:25:06,CNR3566562,Completed,CID7421479,Go Sedan,Noida Extension,Adarsh Nagar,13.9,42.0,,,,,,,97.0,28.35,3.8,5.0,UPI,2024-07-18 18:25:06,2024,7,July,18,3,Thursday,18,0,Evening,1,0,0,0,Completed,97.0,3.421516754850088,1,1,1,1,1,1,1
2024-01-18,11:55:28,CNR3571872,No Driver Found,CID3295117,eBike,Tughlakabad,IMT Manesar,,,,,,,,,,,,,,2024-01-18 11:55:28,2024,1,January,18,3,Thursday,11,0,Morning,0,0,0,1,No Driver Found,0.0,,0,0,0,0,0,0,0
2024-03-04,14:32:44,CNR3571872,Completed,CID1583271,Uber XL,Panchsheel Park,Karol Bagh,9.8,15.5,,,,,,,344.0,46.87,4.1,4.9,UPI,2024-03-04 14:32:44,2024,3,March,4,0,Monday,14,0,Afternoon,1,0,0,0,Completed,344.0,7.339449541284404,1,1,1,1,1,1,1
2024-02-10,06:58:13,CNR3577075,Cancelled by Driver,CID2707305,eBike,Botanical Garden,Ghitorni,9.9,,,,1.0,Customer related issue,,,,,,,,2024-02-10 06:58:13,2024,2,February,10,5,Saturday,6,1,Morning,0,1,0,0,Driver Cancelled,0.0,,0,0,0,0,0,1,0
2024-02-29,20:43:12,CNR3577075,Completed,CID3594937,Auto,Pulbangash,Pragati Maidan,6.0,20.6,,,,,,,568.0,27.25,4.4,3.6,UPI,2024-02-29 20:43:12,2024,2,February,29,3,Thursday,20,0,Evening,1,0,0,0,Completed,568.0,20.844036697247706,1,1,1,1,1,1,1
2024-09-05,16:24:07,CNR3588453,Completed,CID6964458,Uber XL,New Delhi Railway Station,Badarpur,5.3,27.9,,,,,,,719.0,6.45,4.0,4.7,Credit Card,2024-09-05 16:24:07,2024,9,September,5,3,Thursday,16,0,Afternoon,1,0,0,0,Completed,719.0,111.47286821705426,1,1,1,1,1,1,1
2024-01-13,17:08:47,CNR3588453,Completed,CID8143238,Bike,Sarai Kale Khan,Chandni Chowk,10.9,43.2,,,,,,,1704.0,36.8,4.6,4.9,UPI,2024-01-13 17:08:47,2024,1,January,13,5,Saturday,17,1,Evening,1,0,0,0,Completed,1704.0,46.30434782608696,1,1,1,1,1,1,1
2024-03-14,07:46:17,CNR3597597,Completed,CID7284055,Premier Sedan,Ghitorni Village,GTB Nagar,14.3,28.3,,,,,,,394.0,9.29,4.5,4.9,UPI,2024-03-14 07:46:17,2024,3,March,14,3,Thursday,7,0,Morning,1,0,0,0,Completed,394.0,42.411194833153935,1,1,1,1,1,1,1
2024-10-26,03:19:17,CNR3597597,Cancelled by Customer,CID2555443,Go Sedan,Karkarduma,Janakpuri,5.3,,1.0,Wrong Address,,,,,,,,,,2024-10-26 03:19:17,2024,10,October,26,5,Saturday,3,1,Night,0,1,0,0,Customer Cancelled,0.0,,0,0,0,0,0,1,0
2024-05-17,09:23:55,CNR3599918,Completed,CID7420120,Auto,Pulbangash,IIT Delhi,13.3,31.9,,,,,,,220.0,39.74,4.4,4.9,Uber Wallet,2024-05-17 09:23:55,2024,5,May,17,4,Friday,9,0,Morning,1,0,0,0,Completed,220.0,5.535983895319577,1,1,1,1,1,1,1
2024-05-23,18:57:54,CNR3599918,Completed,CID3031945,Go Sedan,Shastri Park,Vishwavidyalaya,3.5,32.5,,,,,,,199.0,40.19,4.8,4.2,Cash,2024-05-23 18:57:54,2024,5,May,23,3,Thursday,18,0,Evening,1,0,0,0,Completed,199.0,4.951480467778055,1,1,1,1,1,1,1
2024-04-17,18:05:24,CNR3640503,No Driver Found,CID2345067,Go Sedan,Badshahpur,Chirag Delhi,,,,,,,,,,,,,,2024-04-17 18:05:24,2024,4,April,17,2,Wednesday,18,0,Evening,0,0,0,1,No Driver Found,0.0,,0,0,0,0,0,0,0
2024-05-31,11:56:43,CNR3640503,Cancelled by Customer,CID9846064,Go Sedan,Ambience Mall,Central Secretariat,19.4,,1.0,Driver is not moving towards pickup location,,,,,,,,,,2024-05-31 11:56:43,2024,5,May,31,4,Friday,11,0,Morning,0,1,0,0,Customer Cancelled,0.0,,0,0,0,0,0,1,0
2024-09-10,08:00:56,CNR3648160,Completed,CID2719444,Bike,Mayur Vihar,Rajiv Chowk,12.8,37.5,,,,,,,712.0,40.6,4.9,4.9,Cash,2024-09-10 08:00:56,2024,9,September,10,1,Tuesday,8,0,Morning,1,0,0,0,Completed,712.0,17.536945812807883,1,1,1,1,1,1,1
2024-05-24,11:43:35,CNR3648160,Completed,CID4111396,Bike,IGI Airport,Kashmere Gate,4.2,22.8,,,,,,,496.0,49.11,4.2,4.8,UPI,2024-05-24 11:43:35,2024,5,May,24,4,Friday,11,0,Morning,1,0,0,0,Completed,496.0,10.099776013031969,1,1,1,1,1,1,1
2024-06-13,04:26:17,CNR3648267,Completed,CID1753108,Auto,Yamuna Bank,Ashram,13.6,43.6,,,,,,,426.0,46.91,3.9,4.2,UPI,2024-06-13 04:26:17,2024,6,June,13,3,Thursday,4,0,Night,1,0,0,0,Completed,426.0,9.081219356214028,1,1,1,1,1,1,1
2024-10-30,09:59:12,CNR3648267,Completed,CID2936917,Auto,Madipur,Vinobapuri,3.2,24.3,,,,,,,268.0,32.42,4.2,4.9,UPI,2024-10-30 09:59:12,2024,10,October,30,2,Wednesday,9,0,Morning,1,0,0,0,Completed,268.0,8.26650215916101,1,1,1,1,1,1,1
2024-11-07,12:04:55,CNR3648267,Completed,CID4806406,Go Mini,Greater Kailash,Vatika Chowk,10.9,24.9,,,,,,,200.0,28.2,3.7,4.6,UPI,2024-11-07 12:04:55,2024,11,November,7,3,Thursday,12,0,Afternoon,1,0,0,0,Completed,200.0,7.092198581560284,1,1,1,1,1,1,1
2024-03-02,18:17:38,CNR3650041,Completed,CID8517405,Go Sedan,Kashmere Gate,Samaypur Badli,4.9,42.0,,,,,,,680.0,45.21,4.2,4.4,UPI,2024-03-02 18:17:38,2024,3,March,2,5,Saturday,18,1,Evening,1,0,0,0,Completed,680.0,15.040920150409201,1,1,1,1,1,1,1
2024-04-10,07:29:20,CNR3650041,Incomplete,CID9482352,Go Mini,Tagore Garden,Golf Course Road,9.2,20.2,,,,,1.0,Vehicle Breakdown,51.0,13.8,,,Uber Wallet,2024-04-10 07:29:20,2024,4,April,10,2,Wednesday,7,0,Morning,0,0,1,0,Incomplete,0.0,,1,1,0,0,1,1,1
2024-10-18,08:31:36,CNR3658146,Completed,CID6963426,Auto,Anand Vihar,Mansarovar Park,5.9,16.8,,,,,,,103.0,47.11,3.1,4.8,Uber Wallet,2024-10-18 08:31:36,2024,10,October,18,4,Friday,8,0,Morning,1,0,0,0,Completed,103.0,2.1863723201018894,1,1,1,1,1,1,1
2024-07-25,06:21:36,CNR3658146,Cancelled by Customer,CID3452228,Bike,Nirman Vihar,Nawada,7.4,,1.0,Driver is not moving towards pickup location,,,,,,,,,,2024-07-25 06:21:36,2024,7,July,25,3,Thursday,6,0,Morning,0,1,0,0,Customer Cancelled,0.0,,0,0,0,0,0,1,0
2024-10-25,16:02:32,CNR3658168,Completed,CID1990802,Premier Sedan,Rajouri Garden,Nirman Vihar,8.1,34.7,,,,,,,804.0,48.68,4.6,4.6,UPI,2024-10-25 16:02:32,2024,10,October,25,4,Friday,16,0,Afternoon,1,0,0,0,Completed,804.0,16.516023007395233,1,1,1,1,1,1,1
2024-07-31,20:39:37,CNR3658168,Incomplete,CID8986815,Go Sedan,Vasant Kunj,Panipat,9.8,12.6,,,,,1.0,Other Issue,469.0,19.68,,,Credit Card,2024-07-31 20:39:37,2024,7,July,31,2,Wednesday,20,0,Evening,0,0,1,0,Incomplete,0.0,,1,1,0,0,1,1,1
2024-04-09,15:57:09,CNR3687483,Cancelled by Driver,CID3699035,Bike,Khandsa,Dwarka Sector 21,5.1,,,,1.0,Personal & Car related issues,,,,,,,,2024-04-09 15:57:09,2024,4,April,9,1,Tuesday,15,0,Afternoon,0,1,0,0,Driver Cancelled,0.0,,0,0,0,0,0,1,0
2024-11-01,09:25:11,CNR3687483,Completed,CID9613654,Auto,Civil Lines Gurgaon,Kirti Nagar,12.8,26.5,,,,,,,895.0,40.14,4.7,4.1,Uber Wallet,2024-11-01 09:25:11,2024,11,November,1,4,Friday,9,0,Morning,1,0,0,0,Completed,895.0,22.296960637767814,1,1,1,1,1,1,1
2024-07-16,10:40:48,CNR3692972,Completed,CID9949510,Go Sedan,Vasant Kunj,Aya Nagar,11.9,41.4,,,,,,,630.0,32.53,5.0,4.6,Cash,2024-07-16 10:40:48,2024,7,July,16,1,Tuesday,10,0,Morning,1,0,0,0,Completed,630.0,19.36673839532739,1,1,1,1,1,1,1
2024-01-12,20:37:05,CNR3692972,Cancelled by Driver,CID9086482,Auto,Meerut,Chanakyapuri,6.3,,,,1.0,More than permitted people in there,,,,,,,,2024-01-12 20:37:05,2024,1,January,12,4,Friday,20,0,Evening,0,1,0,0,Driver Cancelled,0.0,,0,0,0,0,0,1,0
2024-04-15,12:30:37,CNR3697099,Completed,CID2828092,Auto,Rajiv Chowk,Malviya Nagar,6.3,27.5,,,,,,,311.0,20.22,3.7,3.7,Cash,2024-04-15 12:30:37,2024,4,April,15,0,Monday,12,0,Afternoon,1,0,0,0,Completed,311.0,15.380811078140455,1,1,1,1,1,1,1
2024-10-29,22:30:06,CNR3697099,Completed,CID4311300,Go Mini,Civil Lines Gurgaon,Mayur Vihar,10.1,15.5,,,,,,,667.0,22.42,4.5,4.2,Debit Card,2024-10-29 22:30:06,2024,10,October,29,1,Tuesday,22,0,Late Evening,1,0,0,0,Completed,667.0,29.75022301516503,1,1,1,1,1,1,1
2024-06-04,19:12:34,CNR3704263,Completed,CID9790803,Go Mini,Noida Sector 62,Subhash Chowk,8.6,28.4,,,,,,,288.0,42.26,4.1,4.9,Cash,2024-06-04 19:12:34,2024,6,June,4,1,Tuesday,19,0,Evening,1,0,0,0,Completed,288.0,6.814955040227166,1,1,1,1,1,1,1
2024-05-25,13:02:24,CNR3704263,Completed,CID8113817,Go Mini,Sonipat,Vaishali,13.4,17.4,,,,,,,609.0,36.95,4.3,4.3,Debit Card,2024-05-25 13:02:24,2024,5,May,25,5,Saturday,13,1,Afternoon,1,0,0,0,Completed,609.0,16.481732070365357,1,1,1,1,1,1,1
2024-12-01,13:39:14,CNR3705367,Incomplete,CID5239530,Premier Sedan,Rajouri Garden,Mehrauli,9.1,12.9,,,,,1.0,Other Issue,3148.0,1.0,,,Uber Wallet,2024-12-01 13:39:14,2024,12,December,1,6,Sunday,13,1,Afternoon,0,0,1,0,Incomplete,0.0,,1,1,0,0,1,1,1
2024-05-14,10:42:49,CNR3705367,Completed,CID7253290,Go Sedan,Satguru Ram Singh Marg,Cyber Hub,2.3,39.5,,,,,,,624.0,23.62,4.2,4.2,Debit Card,2024-05-14 10:42:49,2024,5,May,14,1,Tuesday,10,0,Morning,1,0,0,0,Completed,624.0,26.418289585097373,1,1,1,1,1,1,1
2024-06-17,21:17:00,CNR3709505,Cancelled by Driver,CID6137961,Bike,AIIMS,Hauz Rani,6.7,,,,1.0,More than permitted people in there,,,,,,,,2024-06-17 21:17:00,2024,6,June,17,0,Monday,21,0,Late Evening,0,1,0,0,Driver Cancelled,0.0,,0,0,0,0,0,1,0
2024-10-02,19:56:23,CNR3709505,Cancelled by Driver,CID5391371,Uber XL,Kirti Nagar,Rithala,10.3,,,,1.0,Customer related issue,,,,,,,,2024-10-02 19:56:23,2024,10,October,2,2,Wednesday,19,0,Evening,0,1,0,0,Driver Cancelled,0.0,,0,0,0,0,0,1,0
2024-03-05,18:28:39,CNR3716348,Cancelled by Driver,CID9489061,Bike,Punjabi Bagh,Rohini West,4.8,,,,1.0,The customer was coughing/sick,,,,,,,,2024-03-05 18:28:39,2024,3,March,5,1,Tuesday,18,0,Evening,0,1,0,0,Driver Cancelled,0.0,,0,0,0,0,0,1,0
2024-01-26,14:47:25,CNR3716348,Completed,CID8281477,Go Sedan,Jama Masjid,Pataudi Chowk,9.4,28.3,,,,,,,556.0,26.94,3.3,4.9,Cash,2024-01-26 14:47:25,2024,1,January,26,4,Friday,14,0,Afternoon,1,0,0,0,Completed,556.0,20.638455827765405,1,1,1,1,1,1,1
2024-03-18,10:45:18,CNR3731716,Completed,CID4831900,Premier Sedan,Vasant Kunj,Rohini East,3.9,36.8,,,,,,,141.0,37.65,4.1,4.1,Uber Wallet,2024-03-18 10:45:18,2024,3,March,18,0,Monday,10,0,Morning,1,0,0,0,Completed,141.0,3.7450199203187253,1,1,1,1,1,1,1
2024-12-03,19:52:35,CNR3731716,Completed,CID4824042,eBike,Noida Film City,Indirapuram,3.1,44.6,,,,,,,853.0,18.18,4.6,4.2,Credit Card,2024-12-03 19:52:35,2024,12,December,3,1,Tuesday,19,0,Evening,1,0,0,0,Completed,853.0,46.91969196919692,1,1,1,1,1,1,1
2024-07-31,15:05:52,CNR3741443,Completed,CID3918974,Go Sedan,Arjangarh,Chandni Chowk,5.2,38.8,,,,,,,472.0,43.57,4.4,4.9,Uber Wallet,2024-07-31 15:05:52,2024,7,July,31,2,Wednesday,15,0,Afternoon,1,0,0,0,Completed,472.0,10.83314207023181,1,1,1,1,1,1,1
2024-03-03,18:47:09,CNR3741443,Incomplete,CID1625371,Auto,Tagore Garden,Sultanpur,6.8,18.1,,,,,1.0,Other Issue,575.0,3.54,,,Credit Card,2024-03-03 18:47:09,2024,3,March,3,6,Sunday,18,1,Evening,0,0,1,0,Incomplete,0.0,,1,1,0,0,1,1,1
2024-09-27,10:26:54,CNR3745834,Completed,CID5789818,Auto,Gurgaon Sector 29,Old Gurgaon,14.0,15.4,,,,,,,56.0,39.73,4.6,4.4,Credit Card,2024-09-27 10:26:54,2024,9,September,27,4,Friday,10,0,Morning,1,0,0,0,Completed,56.0,1.409514220991694,1,1,1,1,1,1,1
2024-03-28,17:34:12,CNR3745834,Cancelled by Customer,CID1011546,Bike,Punjabi Bagh,Tilak Nagar,5.0,,1.0,Change of plans,,,,,,,,,,2024-03-28 17:34:12,2024,3,March,28,3,Thursday,17,0,Evening,0,1,0,0,Customer Cancelled,0.0,,0,0,0,0,0,1,0
2024-05-01,20:55:36,CNR3759345,Cancelled by Driver,CID9130011,Auto,Udyog Vihar Phase 4,Laxmi Nagar,10.4,,,,1.0,The customer was coughing/sick,,,,,,,,2024-05-01 20:55:36,2024,5,May,1,2,Wednesday,20,0,Evening,0,1,0,0,Driver Cancelled,0.0,,0,0,0,0,0,1,0
2024-05-14,21:33:57,CNR3759345,Cancelled by Driver,CID3796489,Go Mini,Sushant Lok,Patel Chowk,9.4,,,,1.0,Personal & Car related issues,,,,,,,,2024-05-14 21:33:57,2024,5,May,14,1,Tuesday,21,0,Late Evening,0,1,0,0,Driver Cancelled,0.0,,0,0,0,0,0,1,0
2024-10-06,21:29:13,CNR3772756,Cancelled by Driver,CID9167923,Go Sedan,Dwarka Mor,Sarai Kale Khan,6.3,,,,1.0,The customer was coughing/sick,,,,,,,,2024-10-06 21:29:13,2024,10,October,6,6,Sunday,21,1,Late Evening,0,1,0,0,Driver Cancelled,0.0,,0,0,0,0,0,1,0
2024-02-06,19:07:35,CNR3772756,Incomplete,CID6842397,Premier Sedan,Nirman Vihar,Tagore Garden,7.1,13.3,,,,,1.0,Other Issue,389.0,10.46,,,UPI,2024-02-06 19:07:35,2024,2,February,6,1,Tuesday,19,0,Evening,0,0,1,0,Incomplete,0.0,,1,1,0,0,1,1,1
2024-05-11,11:52:54,CNR3777988,Incomplete,CID6089723,Bike,Yamuna Bank,Sushant Lok,6.2,23.9,,,,,1.0,Other Issue,1168.0,8.12,,,UPI,2024-05-11 11:52:54,2024,5,May,11,5,Saturday,11,1,Morning,0,0,1,0,Incomplete,0.0,,1,1,0,0,1,1,1
2024-04-13,18:03:02,CNR3777988,Completed,CID2402278,Go Sedan,Adarsh Nagar,Jasola,10.3,40.9,,,,,,,915.0,33.03,4.4,4.6,Uber Wallet,2024-04-13 18:03:02,2024,4,April,13,5,Saturday,18,1,Evening,1,0,0,0,Completed,915.0,27.702089009990917,1,1,1,1,1,1,1
2024-06-05,11:57:16,CNR3787401,Cancelled by Driver,CID1628605,Go Sedan,Sultanpur,Mandi House,8.6,,,,1.0,The customer was coughing/sick,,,,,,,,2024-06-05 11:57:16,2024,6,June,5,2,Wednesday,11,0,Morning,0,1,0,0,Driver Cancelled,0.0,,0,0,0,0,0,1,0
2024-03-19,14:04:40,CNR3787401,Completed,CID4691586,Auto,Munirka,Keshav Puram,5.0,40.3,,,,,,,74.0,9.76,5.0,3.4,UPI,2024-03-19 14:04:40,2024,3,March,19,1,Tuesday,14,0,Afternoon,1,0,0,0,Completed,74.0,7.581967213114754,1,1,1,1,1,1,1
2024-05-13,15:28:30,CNR3791245,Completed,CID3722035,Auto,Shahdara,Karol Bagh,8.7,22.2,,,,,,,134.0,21.21,4.0,4.7,Debit Card,2024-05-13 15:28:30,2024,5,May,13,0,Monday,15,0,Afternoon,1,0,0,0,Completed,134.0,6.317774634606318,1,1,1,1,1,1,1
2024-08-26,10:34:47,CNR3791245,Completed,CID4521021,Go Mini,Bhiwadi,Pitampura,10.8,43.8,,,,,,,692.0,37.98,3.4,3.6,Uber Wallet,2024-08-26 10:34:47,2024,8,August,26,0,Monday,10,0,Morning,1,0,0,0,Completed,692.0,18.220115850447606,1,1,1,1,1,1,1
2024-07-10,06:39:12,CNR3802447,Cancelled by Driver,CID9373432,Auto,Pitampura,Jor Bagh,11.6,,,,1.0,Personal & Car related issues,,,,,,,,2024-07-10 06:39:12,2024,7,July,10,2,Wednesday,6,0,Morning,0,1,0,0,Driver Cancelled,0.0,,0,0,0,0,0,1,0
2024-11-13,10:49:53,CNR3802447,Completed,CID4047398,Bike,Bahadurgarh,Uttam Nagar,11.8,36.5,,,,,,,63.0,18.49,4.6,4.9,UPI,2024-11-13 10:49:53,2024,11,November,13,2,Wednesday,10,0,Morning,1,0,0,0,Completed,63.0,3.4072471606273664,1,1,1,1,1,1,1
2024-05-21,13:44:29,CNR3803227,Cancelled by Customer,CID5566126,Bike,Bahadurgarh,Hero Honda Chowk,11.9,,1.0,Change of plans,,,,,,,,,,2024-05-21 13:44:29,2024,5,May,21,1,Tuesday,13,0,Afternoon,0,1,0,0,Customer Cancelled,0.0,,0,0,0,0,0,1,0
2024-11-29,17:53:52,CNR3803227,Completed,CID2733797,Go Sedan,Gurgaon Sector 29,Hauz Rani,2.2,38.3,,,,,,,241.0,30.4,4.8,4.9,UPI,2024-11-29 17:53:52,2024,11,November,29,4,Friday,17,0,Evening,1,0,0,0,Completed,241.0,7.927631578947369,1,1,1,1,1,1,1
2024-02-23,19:55:31,CNR3826271,Cancelled by Driver,CID9675113,Auto,Udyog Vihar,Jor Bagh,10.8,,,,1.0,The customer was coughing/sick,,,,,,,,2024-02-23 19:55:31,2024,2,February,23,4,Friday,19,0,Evening,0,1,0,0,Driver Cancelled,0.0,,0,0,0,0,0,1,0
2024-02-23,07:17:20,CNR3826271,Completed,CID1946596,Auto,Patel Chowk,Delhi Gate,4.7,15.1,,,,,,,230.0,47.48,4.2,3.4,UPI,2024-02-23 07:17:20,2024,2,February,23,4,Friday,7,0,Morning,1,0,0,0,Completed,230.0,4.844144903117102,1,1,1,1,1,1,1
2024-03-09,09:58:33,CNR3831091,No Driver Found,CID2294812,Go Mini,South Extension,DLF City Court,,,,,,,,,,,,,,2024-03-09 09:58:33,2024,3,March,9,5,Saturday,9,1,Morning,0,0,0,1,No Driver Found,0.0,,0,0,0,0,0,0,0
2024-05-29,18:35:57,CNR3831091,Incomplete,CID2014166,Auto,ITO,Shahdara,4.8,21.5,,,,,1.0,Vehicle Breakdown,238.0,4.15,,,Credit Card,2024-05-29 18:35:57,2024,5,May,29,2,Wednesday,18,0,Evening,0,0,1,0,Incomplete,0.0,,1,1,0,0,1,1,1
2024-01-02,21:31:44,CNR3837379,Incomplete,CID5045660,Go Mini,Faridabad Sector 15,Keshav Puram,8.9,15.9,,,,,1.0,Vehicle Breakdown,610.0,1.95,,,Cash,2024-01-02 21:31:44,2024,1,January,2,1,Tuesday,21,0,Late Evening,0,0,1,0,Incomplete,0.0,,1,1,0,0,1,1,1
2024-09-13,18:24:18,CNR3837379,No Driver Found,CID4831893,Bike,Aya Nagar,Welcome,,,,,,,,,,,,,,2024-09-13 18:24:18,2024,9,September,13,4,Friday,18,0,Evening,0,0,0,1,No Driver Found,0.0,,0,0,0,0,0,0,0
2024-09-17,13:48:41,CNR3838734,Completed,CID3853305,Go Mini,Jor Bagh,Indraprastha,2.7,15.3,,,,,,,321.0,9.23,4.3,4.7,Credit Card,2024-09-17 13:48:41,2024,9,September,17,1,Tuesday,13,0,Afternoon,1,0,0,0,Completed,321.0,34.777898158179845,1,1,1,1,1,1,1
2024-08-12,12:51:03,CNR3838734,Cancelled by Customer,CID9020338,Bike,Vinobapuri,Vatika Chowk,13.4,,1.0,Change of plans,,,,,,,,,,2024-08-12 12:51:03,2024,8,August,12,0,Monday,12,0,Afternoon,0,1,0,0,Customer Cancelled,0.0,,0,0,0,0,0,1,0
2024-11-06,19:23:05,CNR3860451,Incomplete,CID6892963,Auto,Tughlakabad,Gurgaon Railway Station,3.8,25.2,,,,,1.0,Vehicle Breakdown,263.0,11.07,,,UPI,2024-11-06 19:23:05,2024,11,November,6,2,Wednesday,19,0,Evening,0,0,1,0,Incomplete,0.0,,1,1,0,0,1,1,1
2024-05-15,12:54:27,CNR3860451,Incomplete,CID3199511,Auto,Sohna Road,Rohini East,6.8,24.8,,,,,1.0,Customer Demand,84.0,19.64,,,UPI,2024-05-15 12:54:27,2024,5,May,15,2,Wednesday,12,0,Afternoon,0,0,1,0,Incomplete,0.0,,1,1,0,0,1,1,1
2024-12-05,15:18:01,CNR3866225,Incomplete,CID4232093,Bike,Khandsa,Chandni Chowk,3.4,26.3,,,,,1.0,Other Issue,401.0,8.32,,,Debit Card,2024-12-05 15:18:01,2024,12,December,5,3,Thursday,15,0,Afternoon,0,0,1,0,Incomplete,0.0,,1,1,0,0,1,1,1
2024-11-05,19:00:17,CNR3866225,Completed,CID6139952,Auto,Noida Extension,Noida Film City,10.4,19.1,,,,,,,968.0,27.96,4.2,3.4,UPI,2024-11-05 19:00:17,2024,11,November,5,1,Tuesday,19,0,Evening,1,0,0,0,Completed,968.0,34.620886981402,1,1,1,1,1,1,1
2024-04-03,20:14:08,CNR3876858,Completed,CID8970891,Go Mini,Jasola,Dwarka Mor,6.6,34.4,,,,,,,287.0,29.77,4.3,4.3,UPI,2024-04-03 20:14:08,2024,4,April,3,2,Wednesday,20,0,Evening,1,0,0,0,Completed,287.0,9.640577762848505,1,1,1,1,1,1,1
2024-01-06,18:20:01,CNR3876858,No Driver Found,CID5136653,Go Sedan,Manesar,Ambience Mall,,,,,,,,,,,,,,2024-01-06 18:20:01,2024,1,January,6,5,Saturday,18,1,Evening,0,0,0,1,No Driver Found,0.0,,0,0,0,0,0,0,0
2024-04-23,16:28:30,CNR3877735,Completed,CID5888501,Go Mini,Ambience Mall,Noida Film City,8.0,30.8,,,,,,,780.0,33.6,4.4,4.4,Uber Wallet,2024-04-23 16:28:30,2024,4,April,23,1,Tuesday,16,0,Afternoon,1,0,0,0,Completed,780.0,23.21428571428571,1,1,1,1,1,1,1
2024-10-03,09:07:19,CNR3877735,Completed,CID1155566,eBike,Okhla,Mehrauli,10.1,34.2,,,,,,,830.0,43.95,4.2,4.3,UPI,2024-10-03 09:07:19,2024,10,October,3,3,Thursday,9,0,Morning,1,0,0,0,Completed,830.0,18.885096700796357,1,1,1,1,1,1,1
2024-05-26,06:11:17,CNR3882659,Completed,CID8224188,Auto,Panipat,Jama Masjid,7.3,41.2,,,,,,,377.0,28.48,3.9,4.5,UPI,2024-05-26 06:11:17,2024,5,May,26,6,Sunday,6,1,Morning,1,0,0,0,Completed,377.0,13.237359550561797,1,1,1,1,1,1,1
2024-01-29,16:02:21,CNR3882659,Completed,CID6865903,Go Mini,Satguru Ram Singh Marg,Jama Masjid,4.0,27.5,,,,,,,320.0,17.28,4.4,3.8,Credit Card,2024-01-29 16:02:21,2024,1,January,29,0,Monday,16,0,Afternoon,1,0,0,0,Completed,320.0,18.51851851851852,1,1,1,1,1,1,1
2024-12-28,20:44:19,CNR3886367,Completed,CID3315636,Auto,Malviya Nagar,Vatika Chowk,10.2,19.1,,,,,,,551.0,27.58,4.3,4.6,Credit Card,2024-12-28 20:44:19,2024,12,December,28,5,Saturday,20,1,Evening,1,0,0,0,Completed,551.0,19.97824510514866,1,1,1,1,1,1,1
2024-02-21,14:46:26,CNR3886367,Completed,CID4837623,Premier Sedan,Saket A Block,Lajpat Nagar,8.9,41.0,,,,,,,470.0,32.54,4.3,4.7,Credit Card,2024-02-21 14:46:26,2024,2,February,21,2,Wednesday,14,0,Afternoon,1,0,0,0,Completed,470.0,14.443761524277813,1,1,1,1,1,1,1
2024-07-04,17:31:30,CNR3894496,Cancelled by Customer,CID3835812,Go Sedan,Shahdara,Pulbangash,6.1,,1.0,Driver is not moving towards pickup location,,,,,,,,,,2024-07-04 17:31:30,2024,7,July,4,3,Thursday,17,0,Evening,0,1,0,0,Customer Cancelled,0.0,,0,0,0,0,0,1,0
2024-01-15,16:57:00,CNR3894496,Cancelled by Driver,CID9889791,Go Mini,IFFCO Chowk,Palam Vihar,6.6,,,,1.0,More than permitted people in there,,,,,,,,2024-01-15 16:57:00,2024,1,January,15,0,Monday,16,0,Afternoon,0,1,0,0,Driver Cancelled,0.0,,0,0,0,0,0,1,0
2024-03-06,16:35:16,CNR3901166,Completed,CID9007263,Auto,Ghaziabad,Manesar,10.3,27.2,,,,,,,899.0,35.97,3.8,4.2,Debit Card,2024-03-06 16:35:16,2024,3,March,6,2,Wednesday,16,0,Afternoon,1,0,0,0,Completed,899.0,24.993049763691968,1,1,1,1,1,1,1
2024-02-16,15:16:20,CNR3901166,Cancelled by Customer,CID3830515,eBike,Tilak Nagar,Rohini East,19.4,,1.0,Driver asked to cancel,,,,,,,,,,2024-02-16 15:16:20,2024,2,February,16,4,Friday,15,0,Afternoon,0,1,0,0,Customer Cancelled,0.0,,0,0,0,0,0,1,0
2024-06-15,18:43:23,CNR3903989,Completed,CID1005242,Go Sedan,Adarsh Nagar,Connaught Place,6.2,29.1,,,,,,,526.0,10.93,4.3,3.6,UPI,2024-06-15 18:43:23,2024,6,June,15,5,Saturday,18,1,Evening,1,0,0,0,Completed,526.0,48.12442817932297,1,1,1,1,1,1,1
2024-04-26,22:57:15,CNR3903989,Cancelled by Customer,CID3817858,Bike,Noida Extension,Pragati Maidan,10.5,,1.0,Driver is not moving towards pickup location,,,,,,,,,,2024-04-26 22:57:15,2024,4,April,26,4,Friday,22,0,Late Evening,0,1,0,0,Customer Cancelled,0.0,,0,0,0,0,0,1,0
2024-09-25,02:02:26,CNR3905893,Completed,CID1087439,Premier Sedan,Vatika Chowk,Akshardham,11.9,35.4,,,,,,,596.0,17.24,4.5,4.4,UPI,2024-09-25 02:02:26,2024,9,September,25,2,Wednesday,2,0,Night,1,0,0,0,Completed,596.0,34.570765661252906,1,1,1,1,1,1,1
2024-06-22,11:14:07,CNR3905893,Incomplete,CID2925140,Bike,Madipur,Anand Vihar,5.5,29.6,,,,,1.0,Customer Demand,602.0,1.57,,,Cash,2024-06-22 11:14:07,2024,6,June,22,5,Saturday,11,1,Morning,0,0,1,0,Incomplete,0.0,,1,1,0,0,1,1,1
2024-06-02,22:45:41,CNR3907930,Incomplete,CID4445001,Auto,Moti Nagar,Samaypur Badli,5.6,19.8,,,,,1.0,Vehicle Breakdown,435.0,1.49,,,UPI,2024-06-02 22:45:41,2024,6,June,2,6,Sunday,22,1,Late Evening,0,0,1,0,Incomplete,0.0,,1,1,0,0,1,1,1
2024-02-19,16:12:44,CNR3907930,Incomplete,CID9804761,Go Sedan,Tagore Garden,Kashmere Gate,8.2,23.8,,,,,1.0,Other Issue,362.0,11.82,,,Credit Card,2024-02-19 16:12:44,2024,2,February,19,0,Monday,16,0,Afternoon,0,0,1,0,Incomplete,0.0,,1,1,0,0,1,1,1
2024-12-18,20:45:12,CNR3910833,Completed,CID7615965,Go Mini,DLF Phase 3,Botanical Garden,8.2,30.2,,,,,,,431.0,41.24,4.3,4.9,Credit Card,2024-12-18 20:45:12,2024,12,December,18,2,Wednesday,20,0,Evening,1,0,0,0,Completed,431.0,10.45101842870999,1,1,1,1,1,1,1
2024-02-02,15:22:06,CNR3910833,Completed,CID5420226,Go Mini,Mayur Vihar,Rithala,8.2,39.0,,,,,,,923.0,14.01,4.6,4.8,Cash,2024-02-02 15:22:06,2024,2,February,2,4,Friday,15,0,Afternoon,1,0,0,0,Completed,923.0,65.88151320485368,1,1,1,1,1,1,1
2024-12-18,01:20:24,CNR3915708,Cancelled by Customer,CID1957327,Bike,Greater Noida,IIT Delhi,6.5,,1.0,Change of plans,,,,,,,,,,2024-12-18 01:20:24,2024,12,December,18,2,Wednesday,1,0,Night,0,1,0,0,Customer Cancelled,0.0,,0,0,0,0,0,1,0
2024-12-02,10:53:40,CNR3915708,Completed,CID1149830,eBike,Bahadurgarh,Badshahpur,9.1,35.7,,,,,,,690.0,31.38,3.5,5.0,Cash,2024-12-02 10:53:40,2024,12,December,2,0,Monday,10,0,Morning,1,0,0,0,Completed,690.0,21.988527724665392,1,1,1,1,1,1,1
2024-03-23,11:35:50,CNR3933449,Completed,CID7139716,Bike,Udyog Bhawan,Chanakyapuri,6.8,42.3,,,,,,,1136.0,4.14,3.3,3.8,Cash,2024-03-23 11:35:50,2024,3,March,23,5,Saturday,11,1,Morning,1,0,0,0,Completed,1136.0,274.3961352657005,1,1,1,1,1,1,1
2024-10-10,12:52:41,CNR3933449,Incomplete,CID6780907,eBike,Tilak Nagar,Peeragarhi,3.0,22.3,,,,,1.0,Other Issue,121.0,9.37,,,UPI,2024-10-10 12:52:41,2024,10,October,10,3,Thursday,12,0,Afternoon,0,0,1,0,Incomplete,0.0,,1,1,0,0,1,1,1
2024-11-23,13:02:57,CNR3957232,Cancelled by Driver,CID4163510,Auto,DLF City Court,Sushant Lok,3.2,,,,1.0,Customer related issue,,,,,,,,2024-11-23 13:02:57,2024,11,November,23,5,Saturday,13,1,Afternoon,0,1,0,0,Driver Cancelled,0.0,,0,0,0,0,0,1,0
2024-03-14,02:06:52,CNR3957232,Completed,CID8748395,Go Mini,DLF City Court,Aya Nagar,12.9,17.3,,,,,,,221.0,14.9,4.2,5.0,Cash,2024-03-14 02:06:52,2024,3,March,14,3,Thursday,2,0,Night,1,0,0,0,Completed,221.0,14.832214765100671,1,1,1,1,1,1,1
2024-11-25,11:50:32,CNR3976342,Completed,CID1419148,Premier Sedan,Rajiv Nagar,Botanical Garden,4.1,34.4,,,,,,,599.0,10.14,3.6,3.2,Debit Card,2024-11-25 11:50:32,2024,11,November,25,0,Monday,11,0,Morning,1,0,0,0,Completed,599.0,59.07297830374753,1,1,1,1,1,1,1
2024-11-02,10:59:17,CNR3976342,Incomplete,CID2241538,Go Sedan,Govindpuri,Vinobapuri,8.7,20.9,,,,,1.0,Other Issue,678.0,7.89,,,Cash,2024-11-02 10:59:17,2024,11,November,2,5,Saturday,10,1,Morning,0,0,1,0,Incomplete,0.0,,1,1,0,0,1,1,1
2024-09-05,12:45:28,CNR3977259,Completed,CID6368193,Bike,Yamuna Bank,Lal Quila,12.9,19.9,,,,,,,877.0,49.32,4.5,5.0,UPI,2024-09-05 12:45:28,2024,9,September,5,3,Thursday,12,0,Afternoon,1,0,0,0,Completed,877.0,17.78183292781833,1,1,1,1,1,1,1
2024-06-11,11:57:08,CNR3977259,Completed,CID6827345,Uber XL,Sohna Road,Mayur Vihar,9.3,16.0,,,,,,,869.0,22.51,4.4,3.9,Cash,2024-06-11 11:57:08,2024,6,June,11,1,Tuesday,11,0,Morning,1,0,0,0,Completed,869.0,38.60506441581519,1,1,1,1,1,1,1
2024-08-08,20:36:07,CNR3980037,Completed,CID8263224,Go Sedan,Subhash Chowk,IGNOU Road,10.2,41.2,,,,,,,540.0,16.67,4.4,4.3,Cash,2024-08-08 20:36:07,2024,8,August,8,3,Thursday,20,0,Evening,1,0,0,0,Completed,540.0,32.39352129574085,1,1,1,1,1,1,1
2024-05-24,21:20:53,CNR3980037,Completed,CID6890109,Premier Sedan,Kashmere Gate,Hero Honda Chowk,12.2,35.4,,,,,,,621.0,45.9,4.6,4.9,UPI,2024-05-24 21:20:53,2024,5,May,24,4,Friday,21,0,Late Evening,1,0,0,0,Completed,621.0,13.529411764705882,1,1,1,1,1,1,1
2024-05-25,11:44:56,CNR3985867,Cancelled by Driver,CID1393938,Auto,Panchsheel Park,Ashok Park Main,5.4,,,,1.0,Personal & Car related issues,,,,,,,,2024-05-25 11:44:56,2024,5,May,25,5,Saturday,11,1,Morning,0,1,0,0,Driver Cancelled,0.0,,0,0,0,0,0,1,0
2024-10-01,22:47:30,CNR3985867,Cancelled by Driver,CID1983091,Bike,Vishwavidyalaya,Old Gurgaon,7.8,,,,1.0,More than permitted people in there,,,,,,,,2024-10-01 22:47:30,2024,10,October,1,1,Tuesday,22,0,Late Evening,0,1,0,0,Driver Cancelled,0.0,,0,0,0,0,0,1,0
2024-05-06,19:54:01,CNR3985969,Cancelled by Customer,CID4469798,Go Mini,Lal Quila,Munirka,9.6,,1.0,Change of plans,,,,,,,,,,2024-05-06 19:54:01,2024,5,May,6,0,Monday,19,0,Evening,0,1,0,0,Customer Cancelled,0.0,,0,0,0,0,0,1,0
2024-06-15,20:46:12,CNR3985969,Cancelled by Driver,CID6050184,Auto,Laxmi Nagar,Vishwavidyalaya,8.1,,,,1.0,Personal & Car related issues,,,,,,,,2024-06-15 20:46:12,2024,6,June,15,5,Saturday,20,1,Evening,0,1,0,0,Driver Cancelled,0.0,,0,0,0,0,0,1,0
2024-06-09,09:46:58,CNR3991259,Cancelled by Driver,CID8329577,Go Mini,Connaught Place,Udyog Vihar,9.0,,,,1.0,Personal & Car related issues,,,,,,,,2024-06-09 09:46:58,2024,6,June,9,6,Sunday,9,1,Morning,0,1,0,0,Driver Cancelled,0.0,,0,0,0,0,0,1,0
2024-08-25,17:17:25,CNR3991259,Completed,CID7276057,Auto,Ashok Vihar,Pulbangash,4.0,35.9,,,,,,,567.0,27.45,4.6,4.9,Cash,2024-08-25 17:17:25,2024,8,August,25,6,Sunday,17,1,Evening,1,0,0,0,Completed,567.0,20.65573770491803,1,1,1,1,1,1,1
2024-05-24,12:02:00,CNR4005672,Completed,CID8902963,Go Mini,Aya Nagar,Chirag Delhi,3.6,33.5,,,,,,,103.0,10.9,4.3,4.3,Cash,2024-05-24 12:02:00,2024,5,May,24,4,Friday,12,0,Afternoon,1,0,0,0,Completed,103.0,9.449541284403669,1,1,1,1,1,1,1
2024-01-14,07:13:40,CNR4005672,Cancelled by Driver,CID5111333,Go Mini,Udyog Vihar,Patel Chowk,9.3,,,,1.0,More than permitted people in there,,,,,,,,2024-01-14 07:13:40,2024,1,January,14,6,Sunday,7,1,Morning,0,1,0,0,Driver Cancelled,0.0,,0,0,0,0,0,1,0
2024-01-04,19:22:13,CNR4006286,Completed,CID9479390,Premier Sedan,Moolchand,Paharganj,12.3,29.6,,,,,,,235.0,16.9,4.3,5.0,UPI,2024-01-04 19:22:13,2024,1,January,4,3,Thursday,19,0,Evening,1,0,0,0,Completed,235.0,13.905325443786984,1,1,1,1,1,1,1
2024-09-06,05:19:08,CNR4006286,Completed,CID2691887,Bike,IMT Manesar,Palam Vihar,4.6,40.3,,,,,,,832.0,4.46,4.7,4.4,UPI,2024-09-06 05:19:08,2024,9,September,6,4,Friday,5,0,Night,1,0,0,0,Completed,832.0,186.54708520179372,1,1,1,1,1,1,1
2024-07-27,20:25:37,CNR4006852,Completed,CID2727590,Go Mini,Narsinghpur,Jahangirpuri,12.7,18.7,,,,,,,258.0,40.53,4.8,4.8,Cash,2024-07-27 20:25:37,2024,7,July,27,5,Saturday,20,1,Evening,1,0,0,0,Completed,258.0,6.365655070318282,1,1,1,1,1,1,1
2024-12-14,04:40:44,CNR4006852,Completed,CID3473741,eBike,Ghitorni,Tagore Garden,4.0,31.7,,,,,,,622.0,16.2,4.5,4.8,UPI,2024-12-14 04:40:44,2024,12,December,14,5,Saturday,4,1,Night,1,0,0,0,Completed,622.0,38.39506172839506,1,1,1,1,1,1,1
2024-12-01,21:12:54,CNR4016813,Cancelled by Driver,CID2859411,Go Mini,Palam Vihar,Arjangarh,11.1,,,,1.0,The customer was coughing/sick,,,,,,,,2024-12-01 21:12:54,2024,12,December,1,6,Sunday,21,1,Late Evening,0,1,0,0,Driver Cancelled,0.0,,0,0,0,0,0,1,0
2024-12-21,20:56:40,CNR4016813,No Driver Found,CID4690312,Premier Sedan,South Extension,Kaushambi,,,,,,,,,,,,,,2024-12-21 20:56:40,2024,12,December,21,5,Saturday,20,1,Evening,0,0,0,1,No Driver Found,0.0,,0,0,0,0,0,0,0
2024-04-06,10:16:30,CNR4040714,Completed,CID3516188,Bike,Badarpur,Noida Sector 62,7.6,36.9,,,,,,,634.0,34.22,3.2,4.2,Uber Wallet,2024-04-06 10:16:30,2024,4,April,6,5,Saturday,10,1,Morning,1,0,0,0,Completed,634.0,18.527177089421393,1,1,1,1,1,1,1
2024-09-28,17:55:32,CNR4040714,Completed,CID5420478,Auto,Sultanpur,Noida Extension,6.7,29.3,,,,,,,1269.0,35.93,3.8,5.0,Cash,2024-09-28 17:55:32,2024,9,September,28,5,Saturday,17,1,Evening,1,0,0,0,Completed,1269.0,35.31867520178124,1,1,1,1,1,1,1
2024-08-23,21:59:41,CNR4042457,Incomplete,CID7312035,Go Mini,Sadar Bazar Gurgaon,Kaushambi,9.0,24.6,,,,,1.0,Customer Demand,968.0,1.36,,,Debit Card,2024-08-23 21:59:41,2024,8,August,23,4,Friday,21,0,Late Evening,0,0,1,0,Incomplete,0.0,,1,1,0,0,1,1,1
2024-09-11,19:06:41,CNR4042457,Completed,CID9806447,Auto,AIIMS,Kalkaji,12.3,42.9,,,,,,,988.0,7.59,4.3,4.1,Uber Wallet,2024-09-11 19:06:41,2024,9,September,11,2,Wednesday,19,0,Evening,1,0,0,0,Completed,988.0,130.17127799736497,1,1,1,1,1,1,1
2024-04-18,21:49:16,CNR4043534,Completed,CID2692873,Premier Sedan,Vatika Chowk,Hauz Rani,4.7,22.0,,,,,,,167.0,23.28,4.7,4.6,Cash,2024-04-18 21:49:16,2024,4,April,18,3,Thursday,21,0,Late Evening,1,0,0,0,Completed,167.0,7.173539518900343,1,1,1,1,1,1,1
2024-07-28,18:32:18,CNR4043534,Completed,CID2230238,Go Sedan,Hero Honda Chowk,IFFCO Chowk,9.1,31.2,,,,,,,1408.0,39.32,4.4,3.8,Cash,2024-07-28 18:32:18,2024,7,July,28,6,Sunday,18,1,Evening,1,0,0,0,Completed,1408.0,35.808748728382504,1,1,1,1,1,1,1
2024-04-09,15:59:53,CNR4046562,Cancelled by Driver,CID3099314,Premier Sedan,GTB Nagar,Peeragarhi,11.4,,,,1.0,Customer related issue,,,,,,,,2024-04-09 15:59:53,2024,4,April,9,1,Tuesday,15,0,Afternoon,0,1,0,0,Driver Cancelled,0.0,,0,0,0,0,0,1,0
2024-05-17,22:41:17,CNR4046562,No Driver Found,CID8201438,Bike,Malviya Nagar,Chirag Delhi,,,,,,,,,,,,,,2024-05-17 22:41:17,2024,5,May,17,4,Friday,22,0,Late Evening,0,0,0,1,No Driver Found,0.0,,0,0,0,0,0,0,0
2024-04-07,14:13:32,CNR4052727,Incomplete,CID9963516,Auto,DLF Phase 3,Pulbangash,3.2,14.9,,,,,1.0,Vehicle Breakdown,528.0,16.54,,,UPI,2024-04-07 14:13:32,2024,4,April,7,6,Sunday,14,1,Afternoon,0,0,1,0,Incomplete,0.0,,1,1,0,0,1,1,1
2024-10-26,20:43:36,CNR4052727,Completed,CID8115804,Bike,Kaushambi,Adarsh Nagar,12.0,24.8,,,,,,,157.0,42.15,4.6,4.6,Cash,2024-10-26 20:43:36,2024,10,October,26,5,Saturday,20,1,Evening,1,0,0,0,Completed,157.0,3.7247924080664294,1,1,1,1,1,1,1
2024-10-17,18:13:18,CNR4070516,Cancelled by Customer,CID1520703,eBike,Greater Kailash,Narsinghpur,7.5,,1.0,Wrong Address,,,,,,,,,,2024-10-17 18:13:18,2024,10,October,17,3,Thursday,18,0,Evening,0,1,0,0,Customer Cancelled,0.0,,0,0,0,0,0,1,0
2024-06-12,06:37:58,CNR4070516,Completed,CID9364961,Auto,Aya Nagar,Udyog Vihar Phase 4,13.2,30.2,,,,,,,543.0,40.11,3.3,4.6,Cash,2024-06-12 06:37:58,2024,6,June,12,2,Wednesday,6,0,Morning,1,0,0,0,Completed,543.0,13.537771129394166,1,1,1,1,1,1,1
2024-04-29,23:07:39,CNR4073086,Completed,CID6419292,Bike,Vinobapuri,Narsinghpur,14.4,17.2,,,,,,,224.0,6.78,3.9,4.8,Debit Card,2024-04-29 23:07:39,2024,4,April,29,0,Monday,23,0,Late Evening,1,0,0,0,Completed,224.0,33.03834808259587,1,1,1,1,1,1,1
2024-04-07,20:35:25,CNR4073086,No Driver Found,CID7623549,Go Sedan,Rohini East,Nawada,,,,,,,,,,,,,,2024-04-07 20:35:25,2024,4,April,7,6,Sunday,20,1,Evening,0,0,0,1,No Driver Found,0.0,,0,0,0,0,0,0,0
2024-07-13,17:14:45,CNR4080172,Completed,CID4527025,Go Mini,Jasola,Tilak Nagar,11.8,38.8,,,,,,,134.0,11.83,4.5,4.3,UPI,2024-07-13 17:14:45,2024,7,July,13,5,Saturday,17,1,Evening,1,0,0,0,Completed,134.0,11.327134404057482,1,1,1,1,1,1,1
2024-05-22,07:14:51,CNR4080172,Completed,CID7267465,Go Sedan,Rohini,Old Gurgaon,12.8,44.0,,,,,,,117.0,15.13,4.5,4.9,Cash,2024-05-22 07:14:51,2024,5,May,22,2,Wednesday,7,0,Morning,1,0,0,0,Completed,117.0,7.732980832782551,1,1,1,1,1,1,1
2024-09-10,16:59:13,CNR4100420,Completed,CID8016854,Premier Sedan,Moolchand,Shastri Park,6.2,44.9,,,,,,,338.0,45.55,4.3,4.9,UPI,2024-09-10 16:59:13,2024,9,September,10,1,Tuesday,16,0,Afternoon,1,0,0,0,Completed,338.0,7.420417124039518,1,1,1,1,1,1,1
2024-11-04,07:42:44,CNR4100420,Completed,CID5868842,eBike,Chirag Delhi,Arjangarh,10.6,26.1,,,,,,,727.0,41.3,3.2,3.9,UPI,2024-11-04 07:42:44,2024,11,November,4,0,Monday,7,0,Morning,1,0,0,0,Completed,727.0,17.602905569007266,1,1,1,1,1,1,1
2024-06-30,16:01:14,CNR4100861,Cancelled by Customer,CID8298564,Auto,Gurgaon Sector 56,Bhikaji Cama Place,9.5,,1.0,Change of plans,,,,,,,,,,2024-06-30 16:01:14,2024,6,June,30,6,Sunday,16,1,Afternoon,0,1,0,0,Customer Cancelled,0.0,,0,0,0,0,0,1,0
2024-09-12,20:47:26,CNR4100861,Cancelled by Driver,CID8402934,Go Sedan,Dwarka Mor,Noida Sector 62,11.6,,,,1.0,More than permitted people in there,,,,,,,,2024-09-12 20:47:26,2024,9,September,12,3,Thursday,20,0,Evening,0,1,0,0,Driver Cancelled,0.0,,0,0,0,0,0,1,0
2024-12-24,17:07:22,CNR4101898,Completed,CID4867852,Auto,Sohna Road,Satguru Ram Singh Marg,12.8,37.8,,,,,,,918.0,2.05,4.2,4.3,Cash,2024-12-24 17:07:22,2024,12,December,24,1,Tuesday,17,0,Evening,1,0,0,0,Completed,918.0,447.80487804878055,1,1,1,1,1,1,1
2024-08-21,18:57:21,CNR4101898,Completed,CID4136675,Premier Sedan,Delhi Gate,Gurgaon Railway Station,8.7,28.9,,,,,,,840.0,14.26,4.1,4.1,UPI,2024-08-21 18:57:21,2024,8,August,21,2,Wednesday,18,0,Evening,1,0,0,0,Completed,840.0,58.906030855539974,1,1,1,1,1,1,1
2024-10-23,18:03:58,CNR4121915,Completed,CID4537081,Premier Sedan,Uttam Nagar,Kadarpur,9.2,36.4,,,,,,,191.0,5.04,4.0,3.4,UPI,2024-10-23 18:03:58,2024,10,October,23,2,Wednesday,18,0,Evening,1,0,0,0,Completed,191.0,37.8968253968254,1,1,1,1,1,1,1
2024-03-19,20:52:15,CNR4121915,Cancelled by Driver,CID1885492,Go Mini,Jahangirpuri,Cyber Hub,6.6,,,,1.0,More than permitted people in there,,,,,,,,2024-03-19 20:52:15,2024,3,March,19,1,Tuesday,20,0,Evening,0,1,0,0,Driver Cancelled,0.0,,0,0,0,0,0,1,0
2024-09-11,15:00:05,CNR4126371,Completed,CID7413067,Go Mini,Kanhaiya Nagar,Karkarduma,9.1,16.5,,,,,,,330.0,25.1,4.3,4.7,Credit Card,2024-09-11 15:00:05,2024,9,September,11,2,Wednesday,15,0,Afternoon,1,0,0,0,Completed,330.0,13.147410358565736,1,1,1,1,1,1,1
2024-09-04,06:19:08,CNR4126371,Completed,CID2956687,Go Mini,Sohna Road,Golf Course Road,3.2,32.9,,,,,,,546.0,12.36,4.7,4.3,Credit Card,2024-09-04 06:19:08,2024,9,September,4,2,Wednesday,6,0,Morning,1,0,0,0,Completed,546.0,44.1747572815534,1,1,1,1,1,1,1
2024-06-14,14:49:43,CNR4126978,Cancelled by Driver,CID4355915,Auto,Badshahpur,Sushant Lok,5.2,,,,1.0,Customer related issue,,,,,,,,2024-06-14 14:49:43,2024,6,June,14,4,Friday,14,0,Afternoon,0,1,0,0,Driver Cancelled,0.0,,0,0,0,0,0,1,0
2024-11-06,08:37:30,CNR4126978,No Driver Found,CID8315013,Go Sedan,Anand Vihar,Sonipat,,,,,,,,,,,,,,2024-11-06 08:37:30,2024,11,November,6,2,Wednesday,8,0,Morning,0,0,0,1,No Driver Found,0.0,,0,0,0,0,0,0,0
2024-11-21,14:59:55,CNR4128745,Completed,CID7523103,Bike,Dwarka Mor,Green Park,3.7,24.0,,,,,,,900.0,27.69,3.1,4.6,UPI,2024-11-21 14:59:55,2024,11,November,21,3,Thursday,14,0,Afternoon,1,0,0,0,Completed,900.0,32.50270855904659,1,1,1,1,1,1,1
2024-12-13,07:26:18,CNR4128745,Cancelled by Customer,CID2268242,Go Mini,Malviya Nagar,Chandni Chowk,10.0,,1.0,Wrong Address,,,,,,,,,,2024-12-13 07:26:18,2024,12,December,13,4,Friday,7,0,Morning,0,1,0,0,Customer Cancelled,0.0,,0,0,0,0,0,1,0
2024-03-06,21:23:02,CNR4149315,Completed,CID6748593,Auto,IGNOU Road,Vatika Chowk,3.6,35.4,,,,,,,292.0,27.37,4.4,4.2,UPI,2024-03-06 21:23:02,2024,3,March,6,2,Wednesday,21,0,Late Evening,1,0,0,0,Completed,292.0,10.668615272195835,1,1,1,1,1,1,1
2024-05-27,07:19:10,CNR4149315,Completed,CID8206128,Auto,Janakpuri,Uttam Nagar,10.0,37.2,,,,,,,424.0,14.55,3.7,4.8,Cash,2024-05-27 07:19:10,2024,5,May,27,0,Monday,7,0,Morning,1,0,0,0,Completed,424.0,29.140893470790378,1,1,1,1,1,1,1
2024-01-01,15:54:12,CNR4156724,Cancelled by Driver,CID4908411,Bike,Panipat,Gurgaon Sector 29,5.6,,,,1.0,Personal & Car related issues,,,,,,,,2024-01-01 15:54:12,2024,1,January,1,0,Monday,15,0,Afternoon,0,1,0,0,Driver Cancelled,0.0,,0,0,0,0,0,1,0
2024-09-01,11:43:03,CNR4156724,No Driver Found,CID2007067,Go Mini,Model Town,Madipur,,,,,,,,,,,,,,2024-09-01 11:43:03,2024,9,September,1,6,Sunday,11,1,Morning,0,0,0,1,No Driver Found,0.0,,0,0,0,0,0,0,0
2024-04-10,07:31:59,CNR4159617,Completed,CID5998795,Premier Sedan,Sohna Road,Akshardham,13.2,19.8,,,,,,,164.0,49.3,4.4,4.6,Cash,2024-04-10 07:31:59,2024,4,April,10,2,Wednesday,7,0,Morning,1,0,0,0,Completed,164.0,3.3265720081135903,1,1,1,1,1,1,1
2024-09-08,09:49:48,CNR4159617,Completed,CID6140334,Auto,Barakhamba Road,Paharganj,13.8,39.2,,,,,,,184.0,30.24,4.8,4.9,Debit Card,2024-09-08 09:49:48,2024,9,September,8,6,Sunday,9,1,Morning,1,0,0,0,Completed,184.0,6.084656084656085,1,1,1,1,1,1,1
2024-02-21,13:43:47,CNR4174823,Cancelled by Driver,CID9204022,Go Mini,Pragati Maidan,Jhilmil,6.6,,,,1.0,More than permitted people in there,,,,,,,,2024-02-21 13:43:47,2024,2,February,21,2,Wednesday,13,0,Afternoon,0,1,0,0,Driver Cancelled,0.0,,0,0,0,0,0,1,0
2024-12-22,19:53:56,CNR4174823,Completed,CID5623690,Go Mini,Khandsa,Qutub Minar,6.1,24.4,,,,,,,510.0,45.04,4.1,4.9,UPI,2024-12-22 19:53:56,2024,12,December,22,6,Sunday,19,1,Evening,1,0,0,0,Completed,510.0,11.323268206039076,1,1,1,1,1,1,1
2024-10-13,21:32:57,CNR4184593,Completed,CID6056828,Premier Sedan,Gurgaon Sector 56,Ambience Mall,6.8,28.4,,,,,,,157.0,12.52,4.3,4.5,UPI,2024-10-13 21:32:57,2024,10,October,13,6,Sunday,21,1,Late Evening,1,0,0,0,Completed,157.0,12.539936102236423,1,1,1,1,1,1,1
2024-02-16,20:51:10,CNR4184593,Completed,CID1793481,Bike,Khan Market,Ramesh Nagar,10.0,27.7,,,,,,,338.0,6.08,4.4,4.8,Cash,2024-02-16 20:51:10,2024,2,February,16,4,Friday,20,0,Evening,1,0,0,0,Completed,338.0,55.5921052631579,1,1,1,1,1,1,1
2024-03-15,11:03:34,CNR4196076,Cancelled by Customer,CID5001585,eBike,Indirapuram,Adarsh Nagar,7.8,,1.0,Driver asked to cancel,,,,,,,,,,2024-03-15 11:03:34,2024,3,March,15,4,Friday,11,0,Morning,0,1,0,0,Customer Cancelled,0.0,,0,0,0,0,0,1,0
2024-05-08,20:40:12,CNR4196076,Completed,CID7688530,Go Sedan,Anand Vihar ISBT,RK Puram,14.1,15.3,,,,,,,222.0,20.66,4.2,4.2,UPI,2024-05-08 20:40:12,2024,5,May,8,2,Wednesday,20,0,Evening,1,0,0,0,Completed,222.0,10.74540174249758,1,1,1,1,1,1,1
2024-09-21,01:00:26,CNR4201475,Cancelled by Driver,CID5511756,Premier Sedan,Azadpur,Kanhaiya Nagar,5.7,,,,1.0,Personal & Car related issues,,,,,,,,2024-09-21 01:00:26,2024,9,September,21,5,Saturday,1,1,Night,0,1,0,0,Driver Cancelled,0.0,,0,0,0,0,0,1,0
2024-03-06,18:19:16,CNR4201475,Cancelled by Customer,CID9117451,Auto,Jhilmil,Tilak Nagar,11.1,,1.0,Wrong Address,,,,,,,,,,2024-03-06 18:19:16,2024,3,March,6,2,Wednesday,18,0,Evening,0,1,0,0,Customer Cancelled,0.0,,0,0,0,0,0,1,0
2024-11-15,15:28:47,CNR4221302,Cancelled by Driver,CID4023587,Go Mini,Vaishali,Basai Dhankot,5.4,,,,1.0,Personal & Car related issues,,,,,,,,2024-11-15 15:28:47,2024,11,November,15,4,Friday,15,0,Afternoon,0,1,0,0,Driver Cancelled,0.0,,0,0,0,0,0,1,0
2024-01-15,02:33:30,CNR4221302,Cancelled by Driver,CID5626356,Go Sedan,Kalkaji,Saket A Block,10.6,,,,1.0,Customer related issue,,,,,,,,2024-01-15 02:33:30,2024,1,January,15,0,Monday,2,0,Night,0,1,0,0,Driver Cancelled,0.0,,0,0,0,0,0,1,0
2024-01-07,15:34:51,CNR4225990,Completed,CID4046984,Bike,Manesar,Kanhaiya Nagar,12.2,39.6,,,,,,,238.0,31.83,4.2,4.8,Cash,2024-01-07 15:34:51,2024,1,January,7,6,Sunday,15,1,Afternoon,1,0,0,0,Completed,238.0,7.477222745837261,1,1,1,1,1,1,1
2024-10-07,16:13:15,CNR4225990,Cancelled by Customer,CID1338199,Go Sedan,Maidan Garhi,INA Market,17.3,,1.0,Driver asked to cancel,,,,,,,,,,2024-10-07 16:13:15,2024,10,October,7,0,Monday,16,0,Afternoon,0,1,0,0,Customer Cancelled,0.0,,0,0,0,0,0,1,0
2024-05-15,18:35:47,CNR4236741,Cancelled by Driver,CID2847625,eBike,Hauz Khas,Khandsa,6.9,,,,1.0,The customer was coughing/sick,,,,,,,,2024-05-15 18:35:47,2024,5,May,15,2,Wednesday,18,0,Evening,0,1,0,0,Driver Cancelled,0.0,,0,0,0,0,0,1,0
2024-02-25,10:23:31,CNR4236741,Completed,CID3176600,Premier Sedan,Model Town,Rithala,5.4,44.3,,,,,,,173.0,2.73,5.0,4.9,UPI,2024-02-25 10:23:31,2024,2,February,25,6,Sunday,10,1,Morning,1,0,0,0,Completed,173.0,63.36996336996337,1,1,1,1,1,1,1
2024-06-02,11:24:30,CNR4240122,Completed,CID5060427,Go Sedan,Chirag Delhi,Keshav Puram,10.1,23.0,,,,,,,315.0,23.91,3.9,4.9,UPI,2024-06-02 11:24:30,2024,6,June,2,6,Sunday,11,1,Morning,1,0,0,0,Completed,315.0,13.174404015056462,1,1,1,1,1,1,1
2024-04-16,21:03:52,CNR4240122,Completed,CID4833329,Auto,Jhilmil,Saket,11.3,43.5,,,,,,,526.0,24.37,4.2,4.3,UPI,2024-04-16 21:03:52,2024,4,April,16,1,Tuesday,21,0,Late Evening,1,0,0,0,Completed,526.0,21.5839146491588,1,1,1,1,1,1,1
2024-05-24,18:02:57,CNR4262353,Completed,CID3047005,Go Sedan,Palam Vihar,Rajouri Garden,12.8,40.3,,,,,,,865.0,16.41,4.4,4.5,Uber Wallet,2024-05-24 18:02:57,2024,5,May,24,4,Friday,18,0,Evening,1,0,0,0,Completed,865.0,52.71176112126752,1,1,1,1,1,1,1
2024-10-29,17:10:23,CNR4262353,Completed,CID8935449,eBike,Patel Chowk,Central Secretariat,6.4,19.0,,,,,,,269.0,43.82,3.9,4.9,Uber Wallet,2024-10-29 17:10:23,2024,10,October,29,1,Tuesday,17,0,Evening,1,0,0,0,Completed,269.0,6.138749429484253,1,1,1,1,1,1,1
2024-02-14,13:29:26,CNR4265407,Completed,CID1677842,Premier Sedan,IGNOU Road,Shastri Nagar,10.5,25.2,,,,,,,1495.0,4.06,4.5,4.8,UPI,2024-02-14 13:29:26,2024,2,February,14,2,Wednesday,13,0,Afternoon,1,0,0,0,Completed,1495.0,368.2266009852217,1,1,1,1,1,1,1
2024-12-08,06:03:23,CNR4265407,Completed,CID4580968,Go Sedan,Tis Hazari,Vasant Kunj,5.8,18.6,,,,,,,224.0,46.93,4.9,4.2,UPI,2024-12-08 06:03:23,2024,12,December,8,6,Sunday,6,1,Morning,1,0,0,0,Completed,224.0,4.773066268911144,1,1,1,1,1,1,1
2024-01-27,19:20:53,CNR4273755,Completed,CID6880546,Bike,Faridabad Sector 15,Chirag Delhi,6.8,15.2,,,,,,,877.0,19.08,4.6,4.9,UPI,2024-01-27 19:20:53,2024,1,January,27,5,Saturday,19,1,Evening,1,0,0,0,Completed,877.0,45.9643605870021,1,1,1,1,1,1,1
2024-12-10,15:19:36,CNR4273755,Completed,CID1256826,Auto,Arjangarh,Kashmere Gate,10.4,40.6,,,,,,,431.0,25.67,4.2,4.3,UPI,2024-12-10 15:19:36,2024,12,December,10,1,Tuesday,15,0,Afternoon,1,0,0,0,Completed,431.0,16.79002726918582,1,1,1,1,1,1,1
2024-09-26,05:39:27,CNR4281719,Incomplete,CID4386793,Bike,Dwarka Mor,Qutub Minar,9.5,18.5,,,,,1.0,Vehicle Breakdown,653.0,2.88,,,Cash,2024-09-26 05:39:27,2024,9,September,26,3,Thursday,5,0,Night,0,0,1,0,Incomplete,0.0,,1,1,0,0,1,1,1
2024-02-07,23:49:03,CNR4281719,Incomplete,CID2629461,Go Mini,Okhla,INA Market,3.6,16.0,,,,,1.0,Customer Demand,313.0,14.56,,,Credit Card,2024-02-07 23:49:03,2024,2,February,7,2,Wednesday,23,0,Late Evening,0,0,1,0,Incomplete,0.0,,1,1,0,0,1,1,1
2024-12-02,11:41:52,CNR4281975,Completed,CID6405906,eBike,Rajiv Chowk,Anand Vihar,6.8,27.4,,,,,,,266.0,4.89,3.8,4.9,Uber Wallet,2024-12-02 11:41:52,2024,12,December,2,0,Monday,11,0,Morning,1,0,0,0,Completed,266.0,54.39672801635992,1,1,1,1,1,1,1
2024-05-02,08:00:49,CNR4281975,No Driver Found,CID6298094,Go Mini,Shivaji Park,Rajouri Garden,,,,,,,,,,,,,,2024-05-02 08:00:49,2024,5,May,2,3,Thursday,8,0,Morning,0,0,0,1,No Driver Found,0.0,,0,0,0,0,0,0,0
2024-04-03,17:09:16,CNR4310694,Completed,CID5293268,Go Sedan,Noida Film City,Sarojini Nagar,8.6,42.4,,,,,,,939.0,8.61,4.1,4.9,UPI,2024-04-03 17:09:16,2024,4,April,3,2,Wednesday,17,0,Evening,1,0,0,0,Completed,939.0,109.05923344947736,1,1,1,1,1,1,1
2024-10-12,17:19:28,CNR4310694,Completed,CID9292768,Go Mini,Pataudi Chowk,Tagore Garden,11.0,17.4,,,,,,,683.0,42.51,4.8,4.7,Credit Card,2024-10-12 17:19:28,2024,10,October,12,5,Saturday,17,1,Evening,1,0,0,0,Completed,683.0,16.066807809927077,1,1,1,1,1,1,1
2024-12-16,05:04:21,CNR4315596,Completed,CID1035469,eBike,Nawada,Kirti Nagar,12.1,35.0,,,,,,,69.0,24.24,4.5,4.3,Debit Card,2024-12-16 05:04:21,2024,12,December,16,0,Monday,5,0,Night,1,0,0,0,Completed,69.0,2.846534653465347,1,1,1,1,1,1,1
2024-08-17,19:36:57,CNR4315596,Completed,CID8048707,Auto,Sushant Lok,Vasant Kunj,3.3,34.5,,,,,,,1367.0,20.43,3.4,4.8,Credit Card,2024-08-17 19:36:57,2024,8,August,17,5,Saturday,19,1,Evening,1,0,0,0,Completed,1367.0,66.91140479686736,1,1,1,1,1,1,1
2024-07-12,08:16:52,CNR4315981,Completed,CID8111607,Go Sedan,Malviya Nagar,Janakpuri,11.2,18.5,,,,,,,231.0,4.16,4.2,4.6,Uber Wallet,2024-07-12 08:16:52,2024,7,July,12,4,Friday,8,0,Morning,1,0,0,0,Completed,231.0,55.52884615384615,1,1,1,1,1,1,1
2024-06-28,14:13:28,CNR4315981,Completed,CID5535830,Go Mini,IGNOU Road,Gwal Pahari,2.8,42.7,,,,,,,949.0,30.65,3.9,5.0,Credit Card,2024-06-28 14:13:28,2024,6,June,28,4,Friday,14,0,Afternoon,1,0,0,0,Completed,949.0,30.962479608482873,1,1,1,1,1,1,1
2024-04-08,17:57:28,CNR4321929,Cancelled by Driver,CID1287513,Uber XL,Hero Honda Chowk,Mehrauli,7.1,,,,1.0,The customer was coughing/sick,,,,,,,,2024-04-08 17:57:28,2024,4,April,8,0,Monday,17,0,Evening,0,1,0,0,Driver Cancelled,0.0,,0,0,0,0,0,1,0
2024-10-02,12:39:48,CNR4321929,Cancelled by Driver,CID9058350,Go Mini,Laxmi Nagar,Tagore Garden,10.8,,,,1.0,Personal & Car related issues,,,,,,,,2024-10-02 12:39:48,2024,10,October,2,2,Wednesday,12,0,Afternoon,0,1,0,0,Driver Cancelled,0.0,,0,0,0,0,0,1,0
2024-04-19,11:36:53,CNR4331849,No Driver Found,CID3881534,Uber XL,Hauz Khas,Pragati Maidan,,,,,,,,,,,,,,2024-04-19 11:36:53,2024,4,April,19,4,Friday,11,0,Morning,0,0,0,1,No Driver Found,0.0,,0,0,0,0,0,0,0
2024-01-16,18:54:56,CNR4331849,Completed,CID6673800,Auto,IFFCO Chowk,Chandni Chowk,8.7,38.7,,,,,,,259.0,32.86,3.4,4.1,Debit Card,2024-01-16 18:54:56,2024,1,January,16,1,Tuesday,18,0,Evening,1,0,0,0,Completed,259.0,7.8819233110164335,1,1,1,1,1,1,1
2024-04-14,09:00:07,CNR4332027,Completed,CID4133979,Go Mini,Netaji Subhash Place,Karkarduma,7.3,40.5,,,,,,,97.0,5.81,4.2,5.0,Debit Card,2024-04-14 09:00:07,2024,4,April,14,6,Sunday,9,1,Morning,1,0,0,0,Completed,97.0,16.695352839931154,1,1,1,1,1,1,1
2024-05-16,19:17:17,CNR4332027,Cancelled by Driver,CID1817684,Auto,Chandni Chowk,Greater Kailash,9.2,,,,1.0,More than permitted people in there,,,,,,,,2024-05-16 19:17:17,2024,5,May,16,3,Thursday,19,0,Evening,0,1,0,0,Driver Cancelled,0.0,,0,0,0,0,0,1,0
2024-03-10,17:56:35,CNR4339889,Completed,CID6872796,Uber XL,Kirti Nagar,Udyog Vihar Phase 4,5.0,15.8,,,,,,,738.0,33.49,4.2,4.8,UPI,2024-03-10 17:56:35,2024,3,March,10,6,Sunday,17,1,Evening,1,0,0,0,Completed,738.0,22.036428784711852,1,1,1,1,1,1,1
2024-07-31,07:07:14,CNR4339889,Completed,CID1653657,Auto,Golf Course Road,Model Town,4.4,42.9,,,,,,,416.0,3.52,4.2,4.7,UPI,2024-07-31 07:07:14,2024,7,July,31,2,Wednesday,7,0,Morning,1,0,0,0,Completed,416.0,118.18181818181819,1,1,1,1,1,1,1
2024-05-19,17:20:15,CNR4369153,Completed,CID9620334,Auto,Indirapuram,Samaypur Badli,3.2,39.8,,,,,,,505.0,7.57,4.2,4.1,Cash,2024-05-19 17:20:15,2024,5,May,19,6,Sunday,17,1,Evening,1,0,0,0,Completed,505.0,66.7107001321004,1,1,1,1,1,1,1
2024-09-08,18:19:19,CNR4369153,Completed,CID7057677,Go Sedan,Lal Quila,Ashok Vihar,7.0,38.7,,,,,,,2785.0,6.35,4.2,4.3,Debit Card,2024-09-08 18:19:19,2024,9,September,8,6,Sunday,18,1,Evening,1,0,0,0,Completed,2785.0,438.58267716535437,1,1,1,1,1,1,1
2024-08-05,15:32:36,CNR4379398,Incomplete,CID9727442,Go Sedan,Jama Masjid,New Delhi Railway Station,7.2,28.1,,,,,1.0,Vehicle Breakdown,576.0,6.12,,,Uber Wallet,2024-08-05 15:32:36,2024,8,August,5,0,Monday,15,0,Afternoon,0,0,1,0,Incomplete,0.0,,1,1,0,0,1,1,1
2024-09-19,11:40:04,CNR4379398,Completed,CID9692995,Go Sedan,Ramesh Nagar,Sarai Kale Khan,10.0,36.2,,,,,,,201.0,22.56,4.3,3.0,UPI,2024-09-19 11:40:04,2024,9,September,19,3,Thursday,11,0,Morning,1,0,0,0,Completed,201.0,8.909574468085108,1,1,1,1,1,1,1
2024-03-05,20:07:09,CNR4380563,Completed,CID5714392,Go Mini,Badshahpur,Hauz Rani,8.7,39.5,,,,,,,148.0,13.91,4.2,4.2,UPI,2024-03-05 20:07:09,2024,3,March,5,1,Tuesday,20,0,Evening,1,0,0,0,Completed,148.0,10.639827462257369,1,1,1,1,1,1,1
2024-12-22,09:41:03,CNR4380563,No Driver Found,CID4818021,eBike,Mundka,ITO,,,,,,,,,,,,,,2024-12-22 09:41:03,2024,12,December,22,6,Sunday,9,1,Morning,0,0,0,1,No Driver Found,0.0,,0,0,0,0,0,0,0
2024-04-26,21:06:03,CNR4386336,Cancelled by Customer,CID7829208,Go Sedan,IMT Manesar,Khan Market,10.1,,1.0,AC is not working,,,,,,,,,,2024-04-26 21:06:03,2024,4,April,26,4,Friday,21,0,Late Evening,0,1,0,0,Customer Cancelled,0.0,,0,0,0,0,0,1,0
2024-07-30,14:01:14,CNR4386336,Incomplete,CID3906171,Go Sedan,Adarsh Nagar,Kherki Daula Toll,8.6,21.6,,,,,1.0,Other Issue,550.0,18.38,,,Debit Card,2024-07-30 14:01:14,2024,7,July,30,1,Tuesday,14,0,Afternoon,0,0,1,0,Incomplete,0.0,,1,1,0,0,1,1,1
2024-07-19,20:51:26,CNR4423961,Completed,CID5772004,Uber XL,Rajiv Chowk,ITO,3.0,26.3,,,,,,,993.0,30.92,3.3,4.9,UPI,2024-07-19 20:51:26,2024,7,July,19,4,Friday,20,0,Evening,1,0,0,0,Completed,993.0,32.11513583441138,1,1,1,1,1,1,1
2024-08-15,14:37:46,CNR4423961,Cancelled by Customer,CID5688096,Premier Sedan,Inderlok,ITO,17.0,,1.0,AC is not working,,,,,,,,,,2024-08-15 14:37:46,2024,8,August,15,3,Thursday,14,0,Afternoon,0,1,0,0,Customer Cancelled,0.0,,0,0,0,0,0,1,0
2024-10-21,19:40:48,CNR4424109,Completed,CID7495126,Auto,Dwarka Sector 21,Noida Sector 18,14.9,20.9,,,,,,,1435.0,17.31,4.7,4.2,UPI,2024-10-21 19:40:48,2024,10,October,21,0,Monday,19,0,Evening,1,0,0,0,Completed,1435.0,82.90005777007511,1,1,1,1,1,1,1
2024-11-16,15:32:47,CNR4424109,Cancelled by Driver,CID7009818,Go Mini,Chirag Delhi,Kherki Daula Toll,7.2,,,,1.0,The customer was coughing/sick,,,,,,,,2024-11-16 15:32:47,2024,11,November,16,5,Saturday,15,1,Afternoon,0,1,0,0,Driver Cancelled,0.0,,0,0,0,0,0,1,0
2024-07-25,19:26:34,CNR4434969,Completed,CID1595148,Auto,Shastri Park,Rajiv Chowk,4.1,42.5,,,,,,,453.0,44.48,4.7,4.3,Uber Wallet,2024-07-25 19:26:34,2024,7,July,25,3,Thursday,19,0,Evening,1,0,0,0,Completed,453.0,10.184352517985612,1,1,1,1,1,1,1
2024-11-28,08:00:20,CNR4434969,Completed,CID5999208,Premier Sedan,Basai Dhankot,RK Puram,8.5,40.4,,,,,,,620.0,19.73,4.9,4.3,UPI,2024-11-28 08:00:20,2024,11,November,28,3,Thursday,8,0,Morning,1,0,0,0,Completed,620.0,31.424227065382667,1,1,1,1,1,1,1
2024-06-16,07:14:03,CNR4451441,Completed,CID9111897,Go Mini,Gurgaon Railway Station,Ghitorni,12.2,41.7,,,,,,,237.0,17.22,4.9,4.1,UPI,2024-06-16 07:14:03,2024,6,June,16,6,Sunday,7,1,Morning,1,0,0,0,Completed,237.0,13.763066202090593,1,1,1,1,1,1,1
2024-12-16,21:15:17,CNR4451441,Completed,CID4990126,Go Mini,Govindpuri,Ardee City,9.1,19.2,,,,,,,230.0,39.31,4.7,4.5,UPI,2024-12-16 21:15:17,2024,12,December,16,0,Monday,21,0,Late Evening,1,0,0,0,Completed,230.0,5.850928516916815,1,1,1,1,1,1,1
2024-04-01,08:47:41,CNR4451541,Completed,CID6025787,Auto,Hauz Rani,Meerut,6.1,36.2,,,,,,,474.0,32.33,4.3,4.6,UPI,2024-04-01 08:47:41,2024,4,April,1,0,Monday,8,0,Morning,1,0,0,0,Completed,474.0,14.661305289205073,1,1,1,1,1,1,1
2024-09-18,12:50:53,CNR4451541,No Driver Found,CID9801160,Go Sedan,Shivaji Park,Shastri Nagar,,,,,,,,,,,,,,2024-09-18 12:50:53,2024,9,September,18,2,Wednesday,12,0,Afternoon,0,0,0,1,No Driver Found,0.0,,0,0,0,0,0,0,0
2024-04-24,08:44:18,CNR4463057,Completed,CID6356040,Premier Sedan,Saket A Block,Arjangarh,15.0,23.5,,,,,,,535.0,20.91,4.4,4.6,Credit Card,2024-04-24 08:44:18,2024,4,April,24,2,Wednesday,8,0,Morning,1,0,0,0,Completed,535.0,25.585844093735055,1,1,1,1,1,1,1
2024-08-19,16:40:40,CNR4463057,No Driver Found,CID7762291,Bike,IGI Airport,Rajouri Garden,,,,,,,,,,,,,,2024-08-19 16:40:40,2024,8,August,19,0,Monday,16,0,Afternoon,0,0,0,1,No Driver Found,0.0,,0,0,0,0,0,0,0
2024-12-18,14:27:54,CNR4481165,Completed,CID5080276,Auto,Panipat,Civil Lines Gurgaon,11.9,29.7,,,,,,,302.0,34.48,4.2,4.9,Cash,2024-12-18 14:27:54,2024,12,December,18,2,Wednesday,14,0,Afternoon,1,0,0,0,Completed,302.0,8.758700696055685,1,1,1,1,1,1,1
2024-07-29,19:10:36,CNR4481165,Completed,CID3181204,eBike,Kashmere Gate,Rohini West,8.9,27.8,,,,,,,432.0,41.54,4.5,4.5,UPI,2024-07-29 19:10:36,2024,7,July,29,0,Monday,19,0,Evening,1,0,0,0,Completed,432.0,10.399614829080404,1,1,1,1,1,1,1
2024-09-28,19:06:47,CNR4501731,Completed,CID4714881,Go Sedan,Okhla,Jahangirpuri,6.5,18.3,,,,,,,156.0,7.01,4.9,4.8,UPI,2024-09-28 19:06:47,2024,9,September,28,5,Saturday,19,1,Evening,1,0,0,0,Completed,156.0,22.25392296718973,1,1,1,1,1,1,1
2024-07-24,07:18:20,CNR4501731,Completed,CID6672109,Premier Sedan,Panchsheel Park,Udyog Vihar,5.4,43.7,,,,,,,69.0,36.42,3.8,4.6,UPI,2024-07-24 07:18:20,2024,7,July,24,2,Wednesday,7,0,Morning,1,0,0,0,Completed,69.0,1.8945634266886324,1,1,1,1,1,1,1
2024-10-12,13:12:00,CNR4506394,Completed,CID1907704,Go Mini,New Colony,Malviya Nagar,2.8,34.9,,,,,,,191.0,40.19,3.3,4.9,UPI,2024-10-12 13:12:00,2024,10,October,12,5,Saturday,13,1,Afternoon,1,0,0,0,Completed,191.0,4.7524259766110974,1,1,1,1,1,1,1
2024-05-29,21:08:23,CNR4506394,Completed,CID5615193,Go Sedan,Aya Nagar,Noida Film City,2.4,19.9,,,,,,,93.0,12.05,4.4,4.2,Uber Wallet,2024-05-29 21:08:23,2024,5,May,29,2,Wednesday,21,0,Late Evening,1,0,0,0,Completed,93.0,7.7178423236514515,1,1,1,1,1,1,1
2024-07-22,14:22:12,CNR4510395,Completed,CID4602089,Premier Sedan,Jor Bagh,Udyog Bhawan,8.9,21.4,,,,,,,657.0,3.52,4.5,4.8,UPI,2024-07-22 14:22:12,2024,7,July,22,0,Monday,14,0,Afternoon,1,0,0,0,Completed,657.0,186.64772727272728,1,1,1,1,1,1,1
2024-05-01,19:13:34,CNR4510395,Completed,CID7760825,Go Sedan,Punjabi Bagh,Mayur Vihar,13.7,24.3,,,,,,,405.0,48.46,4.2,4.1,UPI,2024-05-01 19:13:34,2024,5,May,1,2,Wednesday,19,0,Evening,1,0,0,0,Completed,405.0,8.35740817168799,1,1,1,1,1,1,1
2024-12-03,19:04:14,CNR4511495,Completed,CID8638991,Go Mini,Ghaziabad,Samaypur Badli,13.6,29.2,,,,,,,52.0,18.11,4.4,3.7,UPI,2024-12-03 19:04:14,2024,12,December,3,1,Tuesday,19,0,Evening,1,0,0,0,Completed,52.0,2.8713418001104363,1,1,1,1,1,1,1
2024-07-18,18:03:34,CNR4511495,Cancelled by Driver,CID3308432,Auto,Anand Vihar,INA Market,5.9,,,,1.0,The customer was coughing/sick,,,,,,,,2024-07-18 18:03:34,2024,7,July,18,3,Thursday,18,0,Evening,0,1,0,0,Driver Cancelled,0.0,,0,0,0,0,0,1,0
2024-05-14,20:14:22,CNR4534970,Cancelled by Driver,CID8317400,Uber XL,Gurgaon Sector 56,Badarpur,8.1,,,,1.0,Personal & Car related issues,,,,,,,,2024-05-14 20:14:22,2024,5,May,14,1,Tuesday,20,0,Evening,0,1,0,0,Driver Cancelled,0.0,,0,0,0,0,0,1,0
2024-01-09,16:48:19,CNR4534970,Cancelled by Driver,CID6894550,Auto,AIIMS,Gurgaon Railway Station,11.7,,,,1.0,The customer was coughing/sick,,,,,,,,2024-01-09 16:48:19,2024,1,January,9,1,Tuesday,16,0,Afternoon,0,1,0,0,Driver Cancelled,0.0,,0,0,0,0,0,1,0
2024-06-17,10:32:56,CNR4546398,No Driver Found,CID2310894,Auto,Welcome,Okhla,,,,,,,,,,,,,,2024-06-17 10:32:56,2024,6,June,17,0,Monday,10,0,Morning,0,0,0,1,No Driver Found,0.0,,0,0,0,0,0,0,0
2024-02-06,13:58:00,CNR4546398,Completed,CID5682117,Go Mini,Lok Kalyan Marg,Noida Extension,6.1,44.0,,,,,,,812.0,16.68,4.2,4.7,Uber Wallet,2024-02-06 13:58:00,2024,2,February,6,1,Tuesday,13,0,Afternoon,1,0,0,0,Completed,812.0,48.6810551558753,1,1,1,1,1,1,1
2024-11-27,21:19:30,CNR4555234,Cancelled by Driver,CID7122972,Go Mini,Satguru Ram Singh Marg,New Delhi Railway Station,9.5,,,,1.0,More than permitted people in there,,,,,,,,2024-11-27 21:19:30,2024,11,November,27,2,Wednesday,21,0,Late Evening,0,1,0,0,Driver Cancelled,0.0,,0,0,0,0,0,1,0
2024-10-26,19:10:22,CNR4555234,Completed,CID2594911,Go Sedan,Sarai Kale Khan,Delhi Gate,4.4,44.1,,,,,,,295.0,44.11,4.1,4.7,Credit Card,2024-10-26 19:10:22,2024,10,October,26,5,Saturday,19,1,Evening,1,0,0,0,Completed,295.0,6.687825889820902,1,1,1,1,1,1,1
2024-10-19,18:39:11,CNR4578411,Cancelled by Driver,CID9420982,Go Mini,Old Gurgaon,DLF Phase 3,11.8,,,,1.0,Personal & Car related issues,,,,,,,,2024-10-19 18:39:11,2024,10,October,19,5,Saturday,18,1,Evening,0,1,0,0,Driver Cancelled,0.0,,0,0,0,0,0,1,0
2024-11-15,21:12:12,CNR4578411,Completed,CID7994875,Bike,Qutub Minar,Anand Vihar ISBT,14.1,15.2,,,,,,,237.0,21.86,4.2,5.0,UPI,2024-11-15 21:12:12,2024,11,November,15,4,Friday,21,0,Late Evening,1,0,0,0,Completed,237.0,10.841720036596524,1,1,1,1,1,1,1
2024-02-26,16:24:03,CNR4587545,Completed,CID4065625,Go Sedan,Tughlakabad,Sultanpur,6.2,34.0,,,,,,,352.0,17.31,3.3,5.0,Cash,2024-02-26 16:24:03,2024,2,February,26,0,Monday,16,0,Afternoon,1,0,0,0,Completed,352.0,20.335066435586366,1,1,1,1,1,1,1
2024-06-01,10:39:03,CNR4587545,Completed,CID9632530,Auto,Sadar Bazar Gurgaon,Palam Vihar,4.0,18.3,,,,,,,805.0,27.67,4.8,4.5,Cash,2024-06-01 10:39:03,2024,6,June,1,5,Saturday,10,1,Morning,1,0,0,0,Completed,805.0,29.09288037585833,1,1,1,1,1,1,1
2024-07-10,19:08:57,CNR4592123,No Driver Found,CID5047291,Bike,Sikanderpur,IGNOU Road,,,,,,,,,,,,,,2024-07-10 19:08:57,2024,7,July,10,2,Wednesday,19,0,Evening,0,0,0,1,No Driver Found,0.0,,0,0,0,0,0,0,0
2024-04-20,06:13:25,CNR4592123,Completed,CID9243814,eBike,Sohna Road,Jahangirpuri,4.3,23.2,,,,,,,418.0,32.5,4.4,4.4,UPI,2024-04-20 06:13:25,2024,4,April,20,5,Saturday,6,1,Morning,1,0,0,0,Completed,418.0,12.861538461538462,1,1,1,1,1,1,1
2024-08-06,16:19:23,CNR4596837,Completed,CID4622996,Bike,Netaji Subhash Place,Patel Chowk,9.9,24.1,,,,,,,617.0,3.92,3.2,4.2,Credit Card,2024-08-06 16:19:23,2024,8,August,6,1,Tuesday,16,0,Afternoon,1,0,0,0,Completed,617.0,157.39795918367346,1,1,1,1,1,1,1
2024-11-27,17:36:13,CNR4596837,Completed,CID1614262,Uber XL,Jhilmil,South Extension,14.6,44.9,,,,,,,442.0,16.18,4.9,4.4,UPI,2024-11-27 17:36:13,2024,11,November,27,2,Wednesday,17,0,Evening,1,0,0,0,Completed,442.0,27.317676143386898,1,1,1,1,1,1,1
2024-03-13,10:42:16,CNR4600527,Completed,CID4957417,Go Sedan,Malviya Nagar,Kaushambi,4.4,27.5,,,,,,,189.0,22.84,4.3,4.7,Uber Wallet,2024-03-13 10:42:16,2024,3,March,13,2,Wednesday,10,0,Morning,1,0,0,0,Completed,189.0,8.274956217162872,1,1,1,1,1,1,1
2024-09-20,13:48:23,CNR4600527,Completed,CID6475660,Bike,Pragati Maidan,Vidhan Sabha,7.1,15.1,,,,,,,911.0,33.44,4.5,4.6,Cash,2024-09-20 13:48:23,2024,9,September,20,4,Friday,13,0,Afternoon,1,0,0,0,Completed,911.0,27.24282296650718,1,1,1,1,1,1,1
2024-07-27,07:12:39,CNR4610304,Completed,CID1801124,eBike,Noida Film City,Mayur Vihar,10.4,18.2,,,,,,,449.0,33.09,3.7,4.6,UPI,2024-07-27 07:12:39,2024,7,July,27,5,Saturday,7,1,Morning,1,0,0,0,Completed,449.0,13.569054094892715,1,1,1,1,1,1,1
2024-03-18,14:20:04,CNR4610304,Completed,CID3091865,eBike,Golf Course Road,Kanhaiya Nagar,8.2,20.5,,,,,,,351.0,26.54,4.5,4.6,Cash,2024-03-18 14:20:04,2024,3,March,18,0,Monday,14,0,Afternoon,1,0,0,0,Completed,351.0,13.225320271288622,1,1,1,1,1,1,1
2024-10-11,11:28:06,CNR4616369,Completed,CID7513234,Go Mini,Inderlok,Mayur Vihar,2.8,42.9,,,,,,,312.0,15.93,4.6,4.6,Debit Card,2024-10-11 11:28:06,2024,10,October,11,4,Friday,11,0,Morning,1,0,0,0,Completed,312.0,19.585687382297554,1,1,1,1,1,1,1
2024-04-01,14:12:57,CNR4616369,Cancelled by Customer,CID6797376,Go Mini,Jhilmil,Mundka,6.5,,1.0,Wrong Address,,,,,,,,,,2024-04-01 14:12:57,2024,4,April,1,0,Monday,14,0,Afternoon,0,1,0,0,Customer Cancelled,0.0,,0,0,0,0,0,1,0
2024-10-22,20:17:13,CNR4621832,Cancelled by Driver,CID7395476,Go Sedan,Azadpur,Indraprastha,5.4,,,,1.0,Customer related issue,,,,,,,,2024-10-22 20:17:13,2024,10,October,22,1,Tuesday,20,0,Evening,0,1,0,0,Driver Cancelled,0.0,,0,0,0,0,0,1,0
2024-08-12,17:54:55,CNR4621832,Completed,CID7765172,Bike,Noida Film City,Punjabi Bagh,8.6,26.2,,,,,,,381.0,41.95,4.1,4.5,Credit Card,2024-08-12 17:54:55,2024,8,August,12,0,Monday,17,0,Evening,1,0,0,0,Completed,381.0,9.082240762812871,1,1,1,1,1,1,1
2024-04-28,10:36:30,CNR4622749,Completed,CID3708964,Go Mini,Lal Quila,Yamuna Bank,8.0,36.7,,,,,,,721.0,45.0,4.0,4.3,Uber Wallet,2024-04-28 10:36:30,2024,4,April,28,6,Sunday,10,1,Morning,1,0,0,0,Completed,721.0,16.022222222222222,1,1,1,1,1,1,1
2024-08-17,06:59:14,CNR4622749,Completed,CID1459850,Auto,Mayur Vihar,Vidhan Sabha,12.5,36.5,,,,,,,521.0,2.11,4.9,4.9,Cash,2024-08-17 06:59:14,2024,8,August,17,5,Saturday,6,1,Morning,1,0,0,0,Completed,521.0,246.91943127962088,1,1,1,1,1,1,1
2024-08-04,18:26:16,CNR4624554,Cancelled by Driver,CID3238132,Go Sedan,Faridabad Sector 15,Vasant Kunj,9.8,,,,1.0,Personal & Car related issues,,,,,,,,2024-08-04 18:26:16,2024,8,August,4,6,Sunday,18,1,Evening,0,1,0,0,Driver Cancelled,0.0,,0,0,0,0,0,1,0
2024-04-28,20:38:39,CNR4624554,Completed,CID9456751,Bike,MG Road,Delhi Gate,5.9,20.2,,,,,,,590.0,27.47,4.5,4.9,Cash,2024-04-28 20:38:39,2024,4,April,28,6,Sunday,20,1,Evening,1,0,0,0,Completed,590.0,21.47797597378959,1,1,1,1,1,1,1
2024-12-26,23:10:00,CNR4630824,Cancelled by Customer,CID3236678,Go Mini,Inderlok,Bhikaji Cama Place,19.9,,1.0,Driver asked to cancel,,,,,,,,,,2024-12-26 23:10:00,2024,12,December,26,3,Thursday,23,0,Late Evening,0,1,0,0,Customer Cancelled,0.0,,0,0,0,0,0,1,0
2024-10-15,17:48:12,CNR4630824,Cancelled by Customer,CID3883539,Bike,Old Gurgaon,Sikanderpur,10.7,,1.0,Driver is not moving towards pickup location,,,,,,,,,,2024-10-15 17:48:12,2024,10,October,15,1,Tuesday,17,0,Evening,0,1,0,0,Customer Cancelled,0.0,,0,0,0,0,0,1,0
2024-11-11,16:15:55,CNR4641152,Completed,CID6958731,Premier Sedan,Barakhamba Road,Botanical Garden,10.7,24.2,,,,,,,364.0,38.46,4.2,4.9,UPI,2024-11-11 16:15:55,2024,11,November,11,0,Monday,16,0,Afternoon,1,0,0,0,Completed,364.0,9.464378575143005,1,1,1,1,1,1,1
2024-05-25,06:34:58,CNR4641152,Cancelled by Driver,CID9509490,Go Sedan,Vasant Kunj,Keshav Puram,10.3,,,,1.0,More than permitted people in there,,,,,,,,2024-05-25 06:34:58,2024,5,May,25,5,Saturday,6,1,Morning,0,1,0,0,Driver Cancelled,0.0,,0,0,0,0,0,1,0
2024-02-17,18:02:49,CNR4642054,Cancelled by Driver,CID9979915,Go Mini,Connaught Place,Satguru Ram Singh Marg,11.5,,,,1.0,Customer related issue,,,,,,,,2024-02-17 18:02:49,2024,2,February,17,5,Saturday,18,1,Evening,0,1,0,0,Driver Cancelled,0.0,,0,0,0,0,0,1,0
2024-10-31,10:37:25,CNR4642054,Completed,CID6897011,Go Mini,Kherki Daula Toll,GTB Nagar,5.3,36.9,,,,,,,2406.0,11.65,3.9,5.0,UPI,2024-10-31 10:37:25,2024,10,October,31,3,Thursday,10,0,Morning,1,0,0,0,Completed,2406.0,206.5236051502146,1,1,1,1,1,1,1
2024-04-28,09:56:21,CNR4649800,Completed,CID5068925,Go Mini,Azadpur,Jor Bagh,4.8,34.4,,,,,,,152.0,4.53,3.7,4.6,Debit Card,2024-04-28 09:56:21,2024,4,April,28,6,Sunday,9,1,Morning,1,0,0,0,Completed,152.0,33.554083885209714,1,1,1,1,1,1,1
2024-08-05,14:10:41,CNR4649800,Completed,CID4175071,Auto,Netaji Subhash Place,Greater Kailash,6.3,34.0,,,,,,,447.0,6.07,3.0,4.2,Uber Wallet,2024-08-05 14:10:41,2024,8,August,5,0,Monday,14,0,Afternoon,1,0,0,0,Completed,447.0,73.64085667215815,1,1,1,1,1,1,1
2024-07-03,17:24:52,CNR4650757,Completed,CID5239511,Go Sedan,Ashram,Panipat,10.1,43.2,,,,,,,201.0,32.87,4.9,4.6,UPI,2024-07-03 17:24:52,2024,7,July,3,2,Wednesday,17,0,Evening,1,0,0,0,Completed,201.0,6.1149984788561005,1,1,1,1,1,1,1
2024-01-14,10:46:23,CNR4650757,Completed,CID4973138,Premier Sedan,Rohini East,Noida Sector 18,10.2,21.8,,,,,,,557.0,33.67,4.3,4.8,Cash,2024-01-14 10:46:23,2024,1,January,14,6,Sunday,10,1,Morning,1,0,0,0,Completed,557.0,16.542916542916544,1,1,1,1,1,1,1
2024-02-24,19:15:39,CNR4652448,Completed,CID7492152,Go Sedan,New Colony,Jhilmil,3.0,29.4,,,,,,,323.0,6.9,4.4,4.2,UPI,2024-02-24 19:15:39,2024,2,February,24,5,Saturday,19,1,Evening,1,0,0,0,Completed,323.0,46.81159420289855,1,1,1,1,1,1,1
2024-09-03,13:28:36,CNR4652448,Completed,CID5082459,Auto,Kalkaji,Vidhan Sabha,7.6,42.4,,,,,,,285.0,3.54,4.4,4.2,Credit Card,2024-09-03 13:28:36,2024,9,September,3,1,Tuesday,13,0,Afternoon,1,0,0,0,Completed,285.0,80.50847457627118,1,1,1,1,1,1,1
2024-12-24,17:04:48,CNR4659246,Completed,CID2546021,Go Mini,Bahadurgarh,Hauz Khas,4.4,24.1,,,,,,,88.0,4.14,4.6,4.2,Cash,2024-12-24 17:04:48,2024,12,December,24,1,Tuesday,17,0,Evening,1,0,0,0,Completed,88.0,21.256038647342997,1,1,1,1,1,1,1
2024-06-20,03:18:33,CNR4659246,Completed,CID1020383,Go Mini,India Gate,Subhash Nagar,4.5,33.9,,,,,,,166.0,28.53,5.0,3.9,Uber Wallet,2024-06-20 03:18:33,2024,6,June,20,3,Thursday,3,0,Night,1,0,0,0,Completed,166.0,5.818436733263232,1,1,1,1,1,1,1
2024-10-13,14:33:33,CNR4661233,Completed,CID1642055,Go Mini,Kashmere Gate ISBT,ITO,8.6,28.9,,,,,,,137.0,39.27,4.2,5.0,UPI,2024-10-13 14:33:33,2024,10,October,13,6,Sunday,14,1,Afternoon,1,0,0,0,Completed,137.0,3.4886681945505473,1,1,1,1,1,1,1
2024-04-05,16:55:00,CNR4661233,Cancelled by Driver,CID3905994,Premier Sedan,Netaji Subhash Place,Anand Vihar,6.7,,,,1.0,Customer related issue,,,,,,,,2024-04-05 16:55:00,2024,4,April,5,4,Friday,16,0,Afternoon,0,1,0,0,Driver Cancelled,0.0,,0,0,0,0,0,1,0
2024-10-25,18:48:18,CNR4661541,Completed,CID2336119,Bike,INA Market,Vishwavidyalaya,14.8,43.4,,,,,,,377.0,30.82,4.2,4.6,Cash,2024-10-25 18:48:18,2024,10,October,25,4,Friday,18,0,Evening,1,0,0,0,Completed,377.0,12.232316677482155,1,1,1,1,1,1,1
2024-09-02,23:52:40,CNR4661541,Cancelled by Driver,CID3302890,Go Mini,Faridabad Sector 15,Nehru Place,10.3,,,,1.0,The customer was coughing/sick,,,,,,,,2024-09-02 23:52:40,2024,9,September,2,0,Monday,23,0,Late Evening,0,1,0,0,Driver Cancelled,0.0,,0,0,0,0,0,1,0
2024-10-22,06:29:36,CNR4679825,Completed,CID5560938,Go Mini,Moolchand,Shivaji Park,8.7,23.5,,,,,,,614.0,19.86,3.9,4.6,Debit Card,2024-10-22 06:29:36,2024,10,October,22,1,Tuesday,6,0,Morning,1,0,0,0,Completed,614.0,30.916414904330313,1,1,1,1,1,1,1
2024-10-28,17:16:06,CNR4679825,Completed,CID7909434,Auto,Vatika Chowk,Sarojini Nagar,8.5,36.4,,,,,,,84.0,49.65,4.5,4.7,UPI,2024-10-28 17:16:06,2024,10,October,28,0,Monday,17,0,Evening,1,0,0,0,Completed,84.0,1.691842900302115,1,1,1,1,1,1,1
2024-03-28,17:34:38,CNR4689275,Cancelled by Driver,CID5900431,Auto,Patel Chowk,Lajpat Nagar,6.8,,,,1.0,Personal & Car related issues,,,,,,,,2024-03-28 17:34:38,2024,3,March,28,3,Thursday,17,0,Evening,0,1,0,0,Driver Cancelled,0.0,,0,0,0,0,0,1,0
2024-09-12,21:09:55,CNR4689275,Incomplete,CID5416975,Bike,Paschim Vihar,DLF City Court,5.8,20.9,,,,,1.0,Customer Demand,487.0,13.89,,,UPI,2024-09-12 21:09:55,2024,9,September,12,3,Thursday,21,0,Late Evening,0,0,1,0,Incomplete,0.0,,1,1,0,0,1,1,1
2024-12-13,20:29:20,CNR4694585,Completed,CID8352268,Bike,DLF City Court,Chirag Delhi,14.0,28.7,,,,,,,424.0,42.65,4.3,3.3,Uber Wallet,2024-12-13 20:29:20,2024,12,December,13,4,Friday,20,0,Evening,1,0,0,0,Completed,424.0,9.941383352872217,1,1,1,1,1,1,1
2024-12-09,20:41:31,CNR4694585,Cancelled by Driver,CID6584383,Go Sedan,Dwarka Mor,Old Gurgaon,7.3,,,,1.0,The customer was coughing/sick,,,,,,,,2024-12-09 20:41:31,2024,12,December,9,0,Monday,20,0,Evening,0,1,0,0,Driver Cancelled,0.0,,0,0,0,0,0,1,0
2024-12-09,19:41:18,CNR4698264,Cancelled by Driver,CID4186233,Go Sedan,Samaypur Badli,Sarai Kale Khan,6.9,,,,1.0,Personal & Car related issues,,,,,,,,2024-12-09 19:41:18,2024,12,December,9,0,Monday,19,0,Evening,0,1,0,0,Driver Cancelled,0.0,,0,0,0,0,0,1,0
2024-09-21,20:00:45,CNR4698264,Completed,CID5977437,Auto,Noida Film City,Rajiv Nagar,2.9,27.3,,,,,,,203.0,47.24,3.8,4.9,Cash,2024-09-21 20:00:45,2024,9,September,21,5,Saturday,20,1,Evening,1,0,0,0,Completed,203.0,4.297205757832345,1,1,1,1,1,1,1
2024-06-20,21:20:53,CNR4709290,Completed,CID9541099,Bike,Yamuna Bank,Noida Extension,10.0,39.9,,,,,,,336.0,19.01,4.6,4.6,Uber Wallet,2024-06-20 21:20:53,2024,6,June,20,3,Thursday,21,0,Late Evening,1,0,0,0,Completed,336.0,17.674907943187794,1,1,1,1,1,1,1
2024-08-26,12:22:07,CNR4709290,Completed,CID6052024,Go Sedan,Lajpat Nagar,Chirag Delhi,2.6,21.6,,,,,,,323.0,20.21,4.3,4.3,UPI,2024-08-26 12:22:07,2024,8,August,26,0,Monday,12,0,Afternoon,1,0,0,0,Completed,323.0,15.982187036120731,1,1,1,1,1,1,1
2024-03-12,15:06:09,CNR4712041,Completed,CID6420020,Go Sedan,Mayur Vihar,Kalkaji,14.8,22.4,,,,,,,703.0,38.1,4.0,4.9,UPI,2024-03-12 15:06:09,2024,3,March,12,1,Tuesday,15,0,Afternoon,1,0,0,0,Completed,703.0,18.451443569553806,1,1,1,1,1,1,1
2024-03-08,00:31:48,CNR4712041,Cancelled by Driver,CID4374443,Go Sedan,RK Puram,Bhiwadi,6.3,,,,1.0,More than permitted people in there,,,,,,,,2024-03-08 00:31:48,2024,3,March,8,4,Friday,0,0,Night,0,1,0,0,Driver Cancelled,0.0,,0,0,0,0,0,1,0
2024-06-05,19:47:57,CNR4712257,No Driver Found,CID7951732,Go Mini,Dilshad Garden,Ashram,,,,,,,,,,,,,,2024-06-05 19:47:57,2024,6,June,5,2,Wednesday,19,0,Evening,0,0,0,1,No Driver Found,0.0,,0,0,0,0,0,0,0
2024-03-29,10:38:57,CNR4712257,Completed,CID3074258,eBike,Civil Lines Gurgaon,Mansarovar Park,12.3,42.4,,,,,,,575.0,15.15,3.3,4.3,Cash,2024-03-29 10:38:57,2024,3,March,29,4,Friday,10,0,Morning,1,0,0,0,Completed,575.0,37.95379537953795,1,1,1,1,1,1,1
2024-09-04,08:18:10,CNR4714962,Completed,CID4120095,Go Sedan,Noida Sector 18,Indirapuram,2.5,42.1,,,,,,,510.0,19.46,4.9,3.6,UPI,2024-09-04 08:18:10,2024,9,September,4,2,Wednesday,8,0,Morning,1,0,0,0,Completed,510.0,26.20760534429599,1,1,1,1,1,1,1
2024-12-07,11:43:09,CNR4714962,Completed,CID5535783,Auto,Pragati Maidan,Noida Sector 62,3.5,29.5,,,,,,,140.0,13.4,4.3,4.9,Uber Wallet,2024-12-07 11:43:09,2024,12,December,7,5,Saturday,11,1,Morning,1,0,0,0,Completed,140.0,10.44776119402985,1,1,1,1,1,1,1
2024-02-26,14:02:11,CNR4728051,Completed,CID2468412,Premier Sedan,Gurgaon Sector 56,Noida Sector 62,5.4,35.9,,,,,,,481.0,11.45,4.3,3.7,Credit Card,2024-02-26 14:02:11,2024,2,February,26,0,Monday,14,0,Afternoon,1,0,0,0,Completed,481.0,42.00873362445415,1,1,1,1,1,1,1
2024-10-03,14:02:00,CNR4728051,Completed,CID4819873,Go Mini,Uttam Nagar,Ashok Vihar,3.1,34.5,,,,,,,255.0,31.84,4.4,3.8,Uber Wallet,2024-10-03 14:02:00,2024,10,October,3,3,Thursday,14,0,Afternoon,1,0,0,0,Completed,255.0,8.008793969849247,1,1,1,1,1,1,1
2024-02-19,13:51:54,CNR4731350,Completed,CID9714814,Premier Sedan,Basai Dhankot,Inderlok,9.6,24.9,,,,,,,758.0,29.74,4.4,4.3,Cash,2024-02-19 13:51:54,2024,2,February,19,0,Monday,13,0,Afternoon,1,0,0,0,Completed,758.0,25.487558843308676,1,1,1,1,1,1,1
2024-08-17,15:27:32,CNR4731350,No Driver Found,CID4774514,eBike,Saket,Ghitorni Village,,,,,,,,,,,,,,2024-08-17 15:27:32,2024,8,August,17,5,Saturday,15,1,Afternoon,0,0,0,1,No Driver Found,0.0,,0,0,0,0,0,0,0
2024-12-24,08:23:28,CNR4738169,Completed,CID1211363,Auto,Patel Chowk,Hauz Rani,12.6,36.2,,,,,,,325.0,14.75,4.3,4.4,Cash,2024-12-24 08:23:28,2024,12,December,24,1,Tuesday,8,0,Morning,1,0,0,0,Completed,325.0,22.033898305084747,1,1,1,1,1,1,1
2024-02-28,20:30:28,CNR4738169,Completed,CID5572684,Uber XL,Nehru Place,Hauz Rani,9.0,38.6,,,,,,,282.0,14.7,4.6,4.1,UPI,2024-02-28 20:30:28,2024,2,February,28,2,Wednesday,20,0,Evening,1,0,0,0,Completed,282.0,19.183673469387756,1,1,1,1,1,1,1
2024-11-18,15:59:04,CNR4750594,Completed,CID7360041,Go Sedan,Hauz Rani,Barakhamba Road,9.3,20.0,,,,,,,471.0,16.75,4.3,4.9,Debit Card,2024-11-18 15:59:04,2024,11,November,18,0,Monday,15,0,Afternoon,1,0,0,0,Completed,471.0,28.119402985074625,1,1,1,1,1,1,1
2024-04-08,12:20:56,CNR4750594,Cancelled by Driver,CID6459470,Auto,Dwarka Sector 21,Subhash Nagar,7.0,,,,1.0,The customer was coughing/sick,,,,,,,,2024-04-08 12:20:56,2024,4,April,8,0,Monday,12,0,Afternoon,0,1,0,0,Driver Cancelled,0.0,,0,0,0,0,0,1,0
2024-04-16,13:05:02,CNR4764802,Completed,CID7668350,Go Sedan,Govindpuri,Vinobapuri,5.5,34.6,,,,,,,152.0,41.68,4.5,3.5,UPI,2024-04-16 13:05:02,2024,4,April,16,1,Tuesday,13,0,Afternoon,1,0,0,0,Completed,152.0,3.6468330134357005,1,1,1,1,1,1,1
2024-09-06,18:10:25,CNR4764802,Completed,CID7995450,Go Sedan,Kashmere Gate,Vinobapuri,8.9,27.9,,,,,,,669.0,24.04,4.7,4.5,Cash,2024-09-06 18:10:25,2024,9,September,6,4,Friday,18,0,Evening,1,0,0,0,Completed,669.0,27.828618968386024,1,1,1,1,1,1,1
2024-07-11,03:59:08,CNR4767660,Cancelled by Driver,CID6943921,Go Sedan,Paschim Vihar,RK Puram,3.8,,,,1.0,The customer was coughing/sick,,,,,,,,2024-07-11 03:59:08,2024,7,July,11,3,Thursday,3,0,Night,0,1,0,0,Driver Cancelled,0.0,,0,0,0,0,0,1,0
2024-07-11,08:49:14,CNR4767660,No Driver Found,CID5913869,Go Mini,Ramesh Nagar,Paharganj,,,,,,,,,,,,,,2024-07-11 08:49:14,2024,7,July,11,3,Thursday,8,0,Morning,0,0,0,1,No Driver Found,0.0,,0,0,0,0,0,0,0
2024-01-23,09:41:24,CNR4780811,Completed,CID2327363,Auto,INA Market,Noida Extension,13.6,35.7,,,,,,,288.0,45.51,3.9,5.0,UPI,2024-01-23 09:41:24,2024,1,January,23,1,Tuesday,9,0,Morning,1,0,0,0,Completed,288.0,6.328279499011207,1,1,1,1,1,1,1
2024-05-26,19:59:42,CNR4780811,Cancelled by Driver,CID5007983,Go Sedan,Rohini,Karkarduma,4.5,,,,1.0,The customer was coughing/sick,,,,,,,,2024-05-26 19:59:42,2024,5,May,26,6,Sunday,19,1,Evening,0,1,0,0,Driver Cancelled,0.0,,0,0,0,0,0,1,0
2024-05-18,19:31:13,CNR4782327,Cancelled by Driver,CID5612724,Auto,Jor Bagh,Ashram,6.0,,,,1.0,Customer related issue,,,,,,,,2024-05-18 19:31:13,2024,5,May,18,5,Saturday,19,1,Evening,0,1,0,0,Driver Cancelled,0.0,,0,0,0,0,0,1,0
2024-07-15,11:00:44,CNR4782327,Completed,CID6494605,Premier Sedan,Anand Vihar,Gurgaon Railway Station,10.6,19.4,,,,,,,134.0,23.01,4.3,4.6,UPI,2024-07-15 11:00:44,2024,7,July,15,0,Monday,11,0,Morning,1,0,0,0,Completed,134.0,5.823554976097348,1,1,1,1,1,1,1
2024-01-27,17:28:25,CNR4792480,Completed,CID2876714,Premier Sedan,Old Gurgaon,Uttam Nagar,12.4,39.2,,,,,,,915.0,32.13,4.4,4.3,UPI,2024-01-27 17:28:25,2024,1,January,27,5,Saturday,17,1,Evening,1,0,0,0,Completed,915.0,28.478057889822594,1,1,1,1,1,1,1
2024-02-12,13:21:33,CNR4792480,Incomplete,CID6302690,Bike,Rajiv Nagar,Civil Lines Gurgaon,7.8,23.0,,,,,1.0,Other Issue,345.0,3.69,,,Cash,2024-02-12 13:21:33,2024,2,February,12,0,Monday,13,0,Afternoon,0,0,1,0,Incomplete,0.0,,1,1,0,0,1,1,1
2024-09-13,21:57:40,CNR4794159,Completed,CID3517527,Go Mini,Khan Market,Hauz Rani,6.4,25.7,,,,,,,630.0,44.62,4.7,4.8,UPI,2024-09-13 21:57:40,2024,9,September,13,4,Friday,21,0,Late Evening,1,0,0,0,Completed,630.0,14.11922904527118,1,1,1,1,1,1,1
2024-11-15,06:40:17,CNR4794159,Completed,CID8492209,Go Sedan,Okhla,AIIMS,12.7,37.0,,,,,,,191.0,31.0,4.7,4.4,Cash,2024-11-15 06:40:17,2024,11,November,15,4,Friday,6,0,Morning,1,0,0,0,Completed,191.0,6.161290322580645,1,1,1,1,1,1,1
2024-11-03,17:15:50,CNR4795192,Completed,CID9394039,Bike,Badarpur,Sikanderpur,9.9,42.4,,,,,,,476.0,12.78,4.5,4.7,UPI,2024-11-03 17:15:50,2024,11,November,3,6,Sunday,17,1,Evening,1,0,0,0,Completed,476.0,37.24569640062598,1,1,1,1,1,1,1
2024-03-11,17:13:03,CNR4795192,Cancelled by Driver,CID6762621,Go Mini,ITO,Ghitorni,11.8,,,,1.0,Customer related issue,,,,,,,,2024-03-11 17:13:03,2024,3,March,11,0,Monday,17,0,Evening,0,1,0,0,Driver Cancelled,0.0,,0,0,0,0,0,1,0
2024-07-10,22:03:23,CNR4801612,Completed,CID5378154,Go Sedan,Peeragarhi,New Colony,8.4,44.6,,,,,,,328.0,17.9,4.1,4.1,Cash,2024-07-10 22:03:23,2024,7,July,10,2,Wednesday,22,0,Late Evening,1,0,0,0,Completed,328.0,18.324022346368718,1,1,1,1,1,1,1
2024-01-07,16:23:51,CNR4801612,Completed,CID3958588,Auto,Tilak Nagar,Nirman Vihar,6.5,35.2,,,,,,,676.0,38.35,3.8,3.7,Credit Card,2024-01-07 16:23:51,2024,1,January,7,6,Sunday,16,1,Afternoon,1,0,0,0,Completed,676.0,17.627118644067796,1,1,1,1,1,1,1
2024-09-07,13:23:36,CNR4803138,Completed,CID2027870,Go Mini,Shahdara,Saket A Block,7.2,39.7,,,,,,,1401.0,16.67,4.8,4.7,UPI,2024-09-07 13:23:36,2024,9,September,7,5,Saturday,13,1,Afternoon,1,0,0,0,Completed,1401.0,84.04319136172765,1,1,1,1,1,1,1
2024-09-30,16:25:11,CNR4803138,Completed,CID4429882,Auto,Central Secretariat,Chirag Delhi,7.3,23.6,,,,,,,73.0,43.35,4.2,4.7,Cash,2024-09-30 16:25:11,2024,9,September,30,0,Monday,16,0,Afternoon,1,0,0,0,Completed,73.0,1.6839677047289503,1,1,1,1,1,1,1
2024-08-29,17:19:42,CNR4808858,Completed,CID6805075,Premier Sedan,IGI Airport,Bhikaji Cama Place,6.8,19.2,,,,,,,793.0,34.49,3.9,4.0,Cash,2024-08-29 17:19:42,2024,8,August,29,3,Thursday,17,0,Evening,1,0,0,0,Completed,793.0,22.99217164395477,1,1,1,1,1,1,1
2024-09-02,14:26:07,CNR4808858,Completed,CID7581294,Go Mini,Rajiv Nagar,Sushant Lok,3.4,16.1,,,,,,,59.0,2.04,4.3,4.6,UPI,2024-09-02 14:26:07,2024,9,September,2,0,Monday,14,0,Afternoon,1,0,0,0,Completed,59.0,28.92156862745098,1,1,1,1,1,1,1
2024-06-26,02:06:08,CNR4819089,Cancelled by Customer,CID2879080,Bike,Rohini East,Vasant Kunj,10.4,,1.0,Driver is not moving towards pickup location,,,,,,,,,,2024-06-26 02:06:08,2024,6,June,26,2,Wednesday,2,0,Night,0,1,0,0,Customer Cancelled,0.0,,0,0,0,0,0,1,0
2024-11-08,20:27:37,CNR4819089,Completed,CID2933376,Premier Sedan,Kherki Daula Toll,Rithala,2.0,21.2,,,,,,,372.0,26.98,3.8,4.8,UPI,2024-11-08 20:27:37,2024,11,November,8,4,Friday,20,0,Evening,1,0,0,0,Completed,372.0,13.787991104521868,1,1,1,1,1,1,1
2024-10-09,16:47:31,CNR4819787,Completed,CID1403091,Auto,Kadarpur,Udyog Bhawan,4.3,27.3,,,,,,,771.0,33.29,4.2,4.6,Debit Card,2024-10-09 16:47:31,2024,10,October,9,2,Wednesday,16,0,Afternoon,1,0,0,0,Completed,771.0,23.160108140582757,1,1,1,1,1,1,1
2024-07-05,02:23:31,CNR4819787,Completed,CID9412528,Go Mini,Mandi House,Model Town,6.3,41.2,,,,,,,780.0,3.61,4.3,4.9,Cash,2024-07-05 02:23:31,2024,7,July,5,4,Friday,2,0,Night,1,0,0,0,Completed,780.0,216.06648199445985,1,1,1,1,1,1,1
2024-12-05,18:33:54,CNR4822810,Completed,CID5460075,Go Mini,Sushant Lok,Sarai Kale Khan,10.3,44.4,,,,,,,429.0,14.92,4.4,5.0,UPI,2024-12-05 18:33:54,2024,12,December,5,3,Thursday,18,0,Evening,1,0,0,0,Completed,429.0,28.753351206434317,1,1,1,1,1,1,1
2024-03-23,03:43:49,CNR4822810,Completed,CID7699116,Go Sedan,Ashram,Rajiv Chowk,8.9,27.7,,,,,,,3476.0,23.91,5.0,5.0,Uber Wallet,2024-03-23 03:43:49,2024,3,March,23,5,Saturday,3,1,Night,1,0,0,0,Completed,3476.0,145.3785027185278,1,1,1,1,1,1,1
2024-05-28,10:50:06,CNR4835117,Incomplete,CID4371278,Auto,Shastri Nagar,Chirag Delhi,3.5,29.8,,,,,1.0,Vehicle Breakdown,801.0,1.4,,,Uber Wallet,2024-05-28 10:50:06,2024,5,May,28,1,Tuesday,10,0,Morning,0,0,1,0,Incomplete,0.0,,1,1,0,0,1,1,1
2024-10-22,14:49:37,CNR4835117,Cancelled by Driver,CID4554911,Premier Sedan,Ashram,New Colony,11.5,,,,1.0,Customer related issue,,,,,,,,2024-10-22 14:49:37,2024,10,October,22,1,Tuesday,14,0,Afternoon,0,1,0,0,Driver Cancelled,0.0,,0,0,0,0,0,1,0
2024-06-08,08:43:09,CNR4847290,Cancelled by Driver,CID2384489,Go Mini,Chirag Delhi,Kashmere Gate,7.7,,,,1.0,Customer related issue,,,,,,,,2024-06-08 08:43:09,2024,6,June,8,5,Saturday,8,1,Morning,0,1,0,0,Driver Cancelled,0.0,,0,0,0,0,0,1,0
2024-04-25,14:32:22,CNR4847290,Completed,CID2733141,Go Mini,Vidhan Sabha,IGI Airport,6.7,32.7,,,,,,,349.0,5.35,4.5,4.3,UPI,2024-04-25 14:32:22,2024,4,April,25,3,Thursday,14,0,Afternoon,1,0,0,0,Completed,349.0,65.23364485981308,1,1,1,1,1,1,1
2024-06-18,21:23:18,CNR4866059,No Driver Found,CID6614675,Auto,Malviya Nagar,Pragati Maidan,,,,,,,,,,,,,,2024-06-18 21:23:18,2024,6,June,18,1,Tuesday,21,0,Late Evening,0,0,0,1,No Driver Found,0.0,,0,0,0,0,0,0,0
2024-03-24,06:59:26,CNR4866059,Cancelled by Customer,CID9957939,Go Mini,Sushant Lok,Gurgaon Sector 56,16.2,,1.0,AC is not working,,,,,,,,,,2024-03-24 06:59:26,2024,3,March,24,6,Sunday,6,1,Morning,0,1,0,0,Customer Cancelled,0.0,,0,0,0,0,0,1,0
2024-04-01,09:54:59,CNR4869371,Incomplete,CID1257034,Bike,Maidan Garhi,Adarsh Nagar,7.8,16.3,,,,,1.0,Customer Demand,450.0,10.19,,,Debit Card,2024-04-01 09:54:59,2024,4,April,1,0,Monday,9,0,Morning,0,0,1,0,Incomplete,0.0,,1,1,0,0,1,1,1
2024-10-16,19:30:32,CNR4869371,No Driver Found,CID7299299,Go Mini,Cyber Hub,Chhatarpur,,,,,,,,,,,,,,2024-10-16 19:30:32,2024,10,October,16,2,Wednesday,19,0,Evening,0,0,0,1,No Driver Found,0.0,,0,0,0,0,0,0,0
2024-07-24,22:32:26,CNR4873270,Completed,CID8157885,Go Mini,Arjangarh,Chhatarpur,5.0,33.9,,,,,,,103.0,12.1,3.8,4.3,Cash,2024-07-24 22:32:26,2024,7,July,24,2,Wednesday,22,0,Late Evening,1,0,0,0,Completed,103.0,8.512396694214877,1,1,1,1,1,1,1
2024-09-09,03:26:41,CNR4873270,Incomplete,CID1286074,Premier Sedan,South Extension,Kaushambi,5.3,28.8,,,,,1.0,Vehicle Breakdown,730.0,18.87,,,UPI,2024-09-09 03:26:41,2024,9,September,9,0,Monday,3,0,Night,0,0,1,0,Incomplete,0.0,,1,1,0,0,1,1,1
2024-04-20,13:38:53,CNR4873828,Completed,CID7420755,Go Mini,Sadar Bazar Gurgaon,Faridabad Sector 15,10.1,28.5,,,,,,,90.0,41.94,4.3,4.8,Cash,2024-04-20 13:38:53,2024,4,April,20,5,Saturday,13,1,Afternoon,1,0,0,0,Completed,90.0,2.145922746781116,1,1,1,1,1,1,1
2024-02-28,14:55:05,CNR4873828,Completed,CID2572155,Auto,Laxmi Nagar,Sikanderpur,8.3,19.6,,,,,,,819.0,25.39,3.0,5.0,Credit Card,2024-02-28 14:55:05,2024,2,February,28,2,Wednesday,14,0,Afternoon,1,0,0,0,Completed,819.0,32.2567940133911,1,1,1,1,1,1,1
2024-02-03,19:13:12,CNR4876828,Completed,CID7180284,Premier Sedan,Punjabi Bagh,Okhla,2.2,36.1,,,,,,,449.0,16.26,3.0,4.6,UPI,2024-02-03 19:13:12,2024,2,February,3,5,Saturday,19,1,Evening,1,0,0,0,Completed,449.0,27.613776137761374,1,1,1,1,1,1,1
2024-07-14,18:59:58,CNR4876828,Incomplete,CID2118941,Go Sedan,Okhla,Noida Sector 18,3.8,11.9,,,,,1.0,Other Issue,610.0,14.86,,,UPI,2024-07-14 18:59:58,2024,7,July,14,6,Sunday,18,1,Evening,0,0,1,0,Incomplete,0.0,,1,1,0,0,1,1,1
2024-04-22,21:46:02,CNR4892221,Completed,CID3400033,Auto,Green Park,Chhatarpur,14.3,31.7,,,,,,,867.0,46.53,4.3,3.1,Cash,2024-04-22 21:46:02,2024,4,April,22,0,Monday,21,0,Late Evening,1,0,0,0,Completed,867.0,18.633139909735654,1,1,1,1,1,1,1
2024-06-02,18:02:31,CNR4892221,Cancelled by Driver,CID6501124,Go Sedan,Vishwavidyalaya,Panchsheel Park,9.6,,,,1.0,Customer related issue,,,,,,,,2024-06-02 18:02:31,2024,6,June,2,6,Sunday,18,1,Evening,0,1,0,0,Driver Cancelled,0.0,,0,0,0,0,0,1,0
2024-03-12,18:01:56,CNR4910258,Completed,CID4429009,Go Sedan,Ashram,Yamuna Bank,12.1,27.0,,,,,,,357.0,27.76,3.8,4.5,UPI,2024-03-12 18:01:56,2024,3,March,12,1,Tuesday,18,0,Evening,1,0,0,0,Completed,357.0,12.860230547550431,1,1,1,1,1,1,1
2024-04-14,05:05:10,CNR4910258,Completed,CID8915081,Go Sedan,Sarai Kale Khan,Sarojini Nagar,9.3,37.0,,,,,,,267.0,45.87,3.2,5.0,Credit Card,2024-04-14 05:05:10,2024,4,April,14,6,Sunday,5,1,Night,1,0,0,0,Completed,267.0,5.820797907128843,1,1,1,1,1,1,1
2024-12-30,11:33:04,CNR4925969,Completed,CID8916592,Bike,Malviya Nagar,Indirapuram,11.4,43.9,,,,,,,458.0,44.21,4.2,4.1,Cash,2024-12-30 11:33:04,2024,12,December,30,0,Monday,11,0,Morning,1,0,0,0,Completed,458.0,10.359647138656412,1,1,1,1,1,1,1
2024-10-14,22:17:58,CNR4925969,Completed,CID1544133,Go Mini,AIIMS,New Colony,12.9,18.0,,,,,,,486.0,9.85,4.3,4.6,UPI,2024-10-14 22:17:58,2024,10,October,14,0,Monday,22,0,Late Evening,1,0,0,0,Completed,486.0,49.340101522842644,1,1,1,1,1,1,1
2024-03-18,17:01:21,CNR4944693,Completed,CID1372899,eBike,Palam Vihar,Subhash Chowk,2.8,24.7,,,,,,,674.0,38.26,4.2,4.2,Cash,2024-03-18 17:01:21,2024,3,March,18,0,Monday,17,0,Evening,1,0,0,0,Completed,674.0,17.616309461578673,1,1,1,1,1,1,1
2024-11-05,07:41:20,CNR4944693,Completed,CID1579152,Auto,South Extension,Kashmere Gate,2.4,22.4,,,,,,,139.0,2.82,4.2,4.6,Debit Card,2024-11-05 07:41:20,2024,11,November,5,1,Tuesday,7,0,Morning,1,0,0,0,Completed,139.0,49.290780141843975,1,1,1,1,1,1,1
2024-09-25,11:45:39,CNR4945901,Completed,CID1464986,Go Mini,Vasant Kunj,IGI Airport,2.6,36.1,,,,,,,484.0,34.05,5.0,4.6,UPI,2024-09-25 11:45:39,2024,9,September,25,2,Wednesday,11,0,Morning,1,0,0,0,Completed,484.0,14.2143906020558,1,1,1,1,1,1,1
2024-12-19,15:22:08,CNR4945901,Completed,CID2837584,Bike,Indirapuram,IFFCO Chowk,13.9,42.9,,,,,,,468.0,39.29,3.1,4.6,Debit Card,2024-12-19 15:22:08,2024,12,December,19,3,Thursday,15,0,Afternoon,1,0,0,0,Completed,468.0,11.911427844235174,1,1,1,1,1,1,1
2024-06-08,20:44:34,CNR4947074,Completed,CID4223129,Bike,Noida Extension,Uttam Nagar,8.1,43.9,,,,,,,234.0,5.78,3.7,4.3,Debit Card,2024-06-08 20:44:34,2024,6,June,8,5,Saturday,20,1,Evening,1,0,0,0,Completed,234.0,40.484429065743946,1,1,1,1,1,1,1
2024-10-28,01:22:05,CNR4947074,Cancelled by Driver,CID3477773,Auto,Pulbangash,Vaishali,3.7,,,,1.0,The customer was coughing/sick,,,,,,,,2024-10-28 01:22:05,2024,10,October,28,0,Monday,1,0,Night,0,1,0,0,Driver Cancelled,0.0,,0,0,0,0,0,1,0
2024-04-24,09:30:18,CNR4949688,Completed,CID1992572,Uber XL,Greater Kailash,Aya Nagar,8.7,32.5,,,,,,,963.0,18.15,4.6,4.9,Credit Card,2024-04-24 09:30:18,2024,4,April,24,2,Wednesday,9,0,Morning,1,0,0,0,Completed,963.0,53.057851239669425,1,1,1,1,1,1,1
2024-03-17,10:52:18,CNR4949688,Cancelled by Driver,CID6598315,Go Mini,Narsinghpur,Sultanpur,11.9,,,,1.0,Customer related issue,,,,,,,,2024-03-17 10:52:18,2024,3,March,17,6,Sunday,10,1,Morning,0,1,0,0,Driver Cancelled,0.0,,0,0,0,0,0,1,0
2024-10-26,05:17:22,CNR4953949,Completed,CID8489602,Go Mini,Noida Film City,Jahangirpuri,8.8,31.7,,,,,,,715.0,40.16,4.4,4.1,UPI,2024-10-26 05:17:22,2024,10,October,26,5,Saturday,5,1,Night,1,0,0,0,Completed,715.0,17.80378486055777,1,1,1,1,1,1,1
2024-05-01,20:17:20,CNR4953949,Completed,CID1188560,Auto,Dilshad Garden,Satguru Ram Singh Marg,12.7,20.0,,,,,,,695.0,3.63,3.0,4.9,UPI,2024-05-01 20:17:20,2024,5,May,1,2,Wednesday,20,0,Evening,1,0,0,0,Completed,695.0,191.46005509641873,1,1,1,1,1,1,1
2024-10-10,11:07:11,CNR4958728,Completed,CID2867751,Bike,Old Gurgaon,Ghitorni,6.4,17.1,,,,,,,467.0,30.47,3.8,3.7,UPI,2024-10-10 11:07:11,2024,10,October,10,3,Thursday,11,0,Morning,1,0,0,0,Completed,467.0,15.326550705612078,1,1,1,1,1,1,1
2024-12-21,15:31:22,CNR4958728,Completed,CID9545867,Go Sedan,Green Park,Kherki Daula Toll,3.7,29.0,,,,,,,686.0,14.03,3.9,4.0,Cash,2024-12-21 15:31:22,2024,12,December,21,5,Saturday,15,1,Afternoon,1,0,0,0,Completed,686.0,48.8952245188881,1,1,1,1,1,1,1
2024-08-10,09:31:25,CNR4962456,Completed,CID5110315,Auto,Sadar Bazar Gurgaon,Kalkaji,2.2,15.4,,,,,,,271.0,21.5,4.2,4.9,UPI,2024-08-10 09:31:25,2024,8,August,10,5,Saturday,9,1,Morning,1,0,0,0,Completed,271.0,12.604651162790697,1,1,1,1,1,1,1
2024-12-06,11:49:56,CNR4962456,Completed,CID3674253,Go Mini,Nehru Place,Rajouri Garden,13.3,17.5,,,,,,,565.0,5.21,4.9,3.9,UPI,2024-12-06 11:49:56,2024,12,December,6,4,Friday,11,0,Morning,1,0,0,0,Completed,565.0,108.44529750479846,1,1,1,1,1,1,1
2024-02-02,22:33:00,CNR4973036,No Driver Found,CID6854886,Bike,Okhla,Hauz Khas,,,,,,,,,,,,,,2024-02-02 22:33:00,2024,2,February,2,4,Friday,22,0,Late Evening,0,0,0,1,No Driver Found,0.0,,0,0,0,0,0,0,0
2024-09-27,10:47:06,CNR4973036,Cancelled by Driver,CID6007028,Go Sedan,IGNOU Road,Rohini West,3.2,,,,1.0,Customer related issue,,,,,,,,2024-09-27 10:47:06,2024,9,September,27,4,Friday,10,0,Morning,0,1,0,0,Driver Cancelled,0.0,,0,0,0,0,0,1,0
2024-06-24,13:26:12,CNR4981751,Completed,CID8595069,Bike,INA Market,Nawada,4.3,28.8,,,,,,,617.0,35.98,4.4,4.8,Cash,2024-06-24 13:26:12,2024,6,June,24,0,Monday,13,0,Afternoon,1,0,0,0,Completed,617.0,17.148415786548085,1,1,1,1,1,1,1
2024-09-07,18:03:50,CNR4981751,Completed,CID7230188,Go Sedan,Saidulajab,Indraprastha,5.7,22.7,,,,,,,1135.0,49.08,4.9,3.7,UPI,2024-09-07 18:03:50,2024,9,September,7,5,Saturday,18,1,Evening,1,0,0,0,Completed,1135.0,23.125509372453138,1,1,1,1,1,1,1
2024-07-24,07:31:36,CNR4984145,Cancelled by Driver,CID6092277,Go Sedan,Sultanpur,Mandi House,6.6,,,,1.0,The customer was coughing/sick,,,,,,,,2024-07-24 07:31:36,2024,7,July,24,2,Wednesday,7,0,Morning,0,1,0,0,Driver Cancelled,0.0,,0,0,0,0,0,1,0
2024-08-24,17:19:30,CNR4984145,Cancelled by Driver,CID6335271,Go Mini,Ashok Park Main,Munirka,9.5,,,,1.0,Personal & Car related issues,,,,,,,,2024-08-24 17:19:30,2024,8,August,24,5,Saturday,17,1,Evening,0,1,0,0,Driver Cancelled,0.0,,0,0,0,0,0,1,0
2024-05-18,11:03:15,CNR4993227,Completed,CID8291494,Go Sedan,Vaishali,Connaught Place,8.5,19.8,,,,,,,326.0,18.58,3.9,4.4,Cash,2024-05-18 11:03:15,2024,5,May,18,5,Saturday,11,1,Morning,1,0,0,0,Completed,326.0,17.54574811625404,1,1,1,1,1,1,1
2024-02-10,10:42:52,CNR4993227,Completed,CID7923107,Bike,Hauz Khas,Rajouri Garden,13.7,37.6,,,,,,,328.0,34.25,4.1,4.5,UPI,2024-02-10 10:42:52,2024,2,February,10,5,Saturday,10,1,Morning,1,0,0,0,Completed,328.0,9.576642335766424,1,1,1,1,1,1,1
2024-03-24,18:59:40,CNR5029282,Completed,CID7816276,Auto,Ambience Mall,Subhash Nagar,12.8,24.0,,,,,,,524.0,22.36,4.6,4.2,Cash,2024-03-24 18:59:40,2024,3,March,24,6,Sunday,18,1,Evening,1,0,0,0,Completed,524.0,23.43470483005367,1,1,1,1,1,1,1
2024-07-23,10:30:56,CNR5029282,Completed,CID8554501,Bike,MG Road,Ghaziabad,9.2,38.5,,,,,,,409.0,16.71,4.9,4.6,Debit Card,2024-07-23 10:30:56,2024,7,July,23,1,Tuesday,10,0,Morning,1,0,0,0,Completed,409.0,24.47636146020347,1,1,1,1,1,1,1
2024-09-19,12:11:34,CNR5031373,No Driver Found,CID1187952,Auto,Aya Nagar,Gwal Pahari,,,,,,,,,,,,,,2024-09-19 12:11:34,2024,9,September,19,3,Thursday,12,0,Afternoon,0,0,0,1,No Driver Found,0.0,,0,0,0,0,0,0,0
2024-03-21,11:30:19,CNR5031373,Completed,CID3242394,Go Sedan,Badshahpur,IMT Manesar,4.7,22.5,,,,,,,77.0,31.4,3.9,4.8,UPI,2024-03-21 11:30:19,2024,3,March,21,3,Thursday,11,0,Morning,1,0,0,0,Completed,77.0,2.4522292993630574,1,1,1,1,1,1,1
2024-05-01,15:50:49,CNR5052308,Completed,CID9239935,Go Mini,Madipur,Kadarpur,11.0,26.6,,,,,,,375.0,11.61,5.0,4.9,UPI,2024-05-01 15:50:49,2024,5,May,1,2,Wednesday,15,0,Afternoon,1,0,0,0,Completed,375.0,32.299741602067186,1,1,1,1,1,1,1
2024-11-04,21:15:53,CNR5052308,Completed,CID4661613,Bike,Model Town,Mansarovar Park,3.0,17.9,,,,,,,401.0,36.55,4.2,3.7,Cash,2024-11-04 21:15:53,2024,11,November,4,0,Monday,21,0,Late Evening,1,0,0,0,Completed,401.0,10.971272229822162,1,1,1,1,1,1,1
2024-07-13,08:57:52,CNR5057484,Completed,CID2574590,Auto,Noida Extension,Vaishali,4.2,20.6,,,,,,,345.0,9.99,4.9,3.7,Credit Card,2024-07-13 08:57:52,2024,7,July,13,5,Saturday,8,1,Morning,1,0,0,0,Completed,345.0,34.53453453453454,1,1,1,1,1,1,1
2024-12-24,13:16:00,CNR5057484,Cancelled by Driver,CID1233056,Bike,Lajpat Nagar,Yamuna Bank,7.9,,,,1.0,More than permitted people in there,,,,,,,,2024-12-24 13:16:00,2024,12,December,24,1,Tuesday,13,0,Afternoon,0,1,0,0,Driver Cancelled,0.0,,0,0,0,0,0,1,0
2024-07-02,19:09:44,CNR5059748,Cancelled by Customer,CID6838417,Auto,Gurgaon Railway Station,Udyog Bhawan,15.2,,1.0,Change of plans,,,,,,,,,,2024-07-02 19:09:44,2024,7,July,2,1,Tuesday,19,0,Evening,0,1,0,0,Customer Cancelled,0.0,,0,0,0,0,0,1,0
2024-01-31,14:00:07,CNR5059748,Cancelled by Driver,CID3437325,Go Sedan,Dwarka Sector 21,Maidan Garhi,8.1,,,,1.0,The customer was coughing/sick,,,,,,,,2024-01-31 14:00:07,2024,1,January,31,2,Wednesday,14,0,Afternoon,0,1,0,0,Driver Cancelled,0.0,,0,0,0,0,0,1,0
2024-01-23,19:45:13,CNR5070304,Completed,CID5824455,Go Sedan,Okhla,Barakhamba Road,12.0,23.1,,,,,,,265.0,7.34,4.8,4.6,Credit Card,2024-01-23 19:45:13,2024,1,January,23,1,Tuesday,19,0,Evening,1,0,0,0,Completed,265.0,36.10354223433242,1,1,1,1,1,1,1
2024-10-27,08:41:36,CNR5070304,Completed,CID9889120,Auto,Lajpat Nagar,Anand Vihar,4.7,30.0,,,,,,,276.0,35.8,4.2,4.8,UPI,2024-10-27 08:41:36,2024,10,October,27,6,Sunday,8,1,Morning,1,0,0,0,Completed,276.0,7.709497206703912,1,1,1,1,1,1,1
2024-10-10,03:56:19,CNR5071968,Completed,CID7384045,Go Sedan,Panchsheel Park,Yamuna Bank,4.7,42.5,,,,,,,473.0,48.35,4.7,3.8,Cash,2024-10-10 03:56:19,2024,10,October,10,3,Thursday,3,0,Night,1,0,0,0,Completed,473.0,9.782833505687694,1,1,1,1,1,1,1
2024-03-10,19:55:06,CNR5071968,No Driver Found,CID6309096,Auto,Kanhaiya Nagar,India Gate,,,,,,,,,,,,,,2024-03-10 19:55:06,2024,3,March,10,6,Sunday,19,1,Evening,0,0,0,1,No Driver Found,0.0,,0,0,0,0,0,0,0
2024-02-27,17:38:59,CNR5081399,Completed,CID8467794,Go Mini,Greater Kailash,Nirman Vihar,7.0,23.6,,,,,,,379.0,13.69,3.7,4.9,Uber Wallet,2024-02-27 17:38:59,2024,2,February,27,1,Tuesday,17,0,Evening,1,0,0,0,Completed,379.0,27.684441197954712,1,1,1,1,1,1,1
2024-09-19,23:13:58,CNR5081399,Completed,CID4670300,Bike,Badarpur,Cyber Hub,6.1,39.1,,,,,,,442.0,19.93,4.3,4.1,Uber Wallet,2024-09-19 23:13:58,2024,9,September,19,3,Thursday,23,0,Late Evening,1,0,0,0,Completed,442.0,22.17762167586553,1,1,1,1,1,1,1
2024-10-25,17:16:25,CNR5084111,Completed,CID4820819,Go Sedan,Indraprastha,Rajouri Garden,9.1,43.6,,,,,,,807.0,36.57,3.3,4.6,Uber Wallet,2024-10-25 17:16:25,2024,10,October,25,4,Friday,17,0,Evening,1,0,0,0,Completed,807.0,22.06726825266612,1,1,1,1,1,1,1
2024-03-28,09:57:33,CNR5084111,Completed,CID5682530,Go Mini,Hauz Rani,Uttam Nagar,4.8,34.7,,,,,,,231.0,2.99,3.9,4.1,Cash,2024-03-28 09:57:33,2024,3,March,28,3,Thursday,9,0,Morning,1,0,0,0,Completed,231.0,77.25752508361204,1,1,1,1,1,1,1
2024-03-30,05:19:45,CNR5085569,Cancelled by Driver,CID6905369,Go Mini,Akshardham,Noida Sector 18,4.9,,,,1.0,Personal & Car related issues,,,,,,,,2024-03-30 05:19:45,2024,3,March,30,5,Saturday,5,1,Night,0,1,0,0,Driver Cancelled,0.0,,0,0,0,0,0,1,0
2024-07-28,19:11:26,CNR5085569,Completed,CID1528407,Auto,Chandni Chowk,Inderlok,11.7,16.6,,,,,,,906.0,29.03,4.0,4.6,Debit Card,2024-07-28 19:11:26,2024,7,July,28,6,Sunday,19,1,Evening,1,0,0,0,Completed,906.0,31.209094040647603,1,1,1,1,1,1,1
2024-03-16,09:20:45,CNR5091818,Completed,CID5014155,Bike,IIT Delhi,Kherki Daula Toll,12.4,38.2,,,,,,,264.0,32.24,4.9,5.0,UPI,2024-03-16 09:20:45,2024,3,March,16,5,Saturday,9,1,Morning,1,0,0,0,Completed,264.0,8.188585607940446,1,1,1,1,1,1,1
2024-02-24,18:27:21,CNR5091818,No Driver Found,CID7598911,Premier Sedan,Faridabad Sector 15,Panchsheel Park,,,,,,,,,,,,,,2024-02-24 18:27:21,2024,2,February,24,5,Saturday,18,1,Evening,0,0,0,1,No Driver Found,0.0,,0,0,0,0,0,0,0
2024-02-28,22:06:59,CNR5094265,Completed,CID1022318,Go Mini,Samaypur Badli,Palam Vihar,4.6,18.5,,,,,,,2240.0,35.75,4.5,4.5,Debit Card,2024-02-28 22:06:59,2024,2,February,28,2,Wednesday,22,0,Late Evening,1,0,0,0,Completed,2240.0,62.65734265734266,1,1,1,1,1,1,1
2024-05-11,12:26:27,CNR5094265,Incomplete,CID8309395,Go Mini,Punjabi Bagh,Chanakyapuri,2.4,21.0,,,,,1.0,Vehicle Breakdown,2300.0,4.19,,,UPI,2024-05-11 12:26:27,2024,5,May,11,5,Saturday,12,1,Afternoon,0,0,1,0,Incomplete,0.0,,1,1,0,0,1,1,1
2024-06-07,19:32:03,CNR5097780,Completed,CID4469546,Go Mini,Jhilmil,Ghaziabad,2.4,15.5,,,,,,,475.0,27.42,4.3,4.9,Debit Card,2024-06-07 19:32:03,2024,6,June,7,4,Friday,19,0,Evening,1,0,0,0,Completed,475.0,17.323121808898613,1,1,1,1,1,1,1
2024-03-29,18:09:10,CNR5097780,Cancelled by Driver,CID4880255,Go Sedan,Dwarka Sector 21,Kashmere Gate ISBT,10.4,,,,1.0,Customer related issue,,,,,,,,2024-03-29 18:09:10,2024,3,March,29,4,Friday,18,0,Evening,0,1,0,0,Driver Cancelled,0.0,,0,0,0,0,0,1,0
2024-11-13,22:13:47,CNR5098022,Completed,CID7886613,Auto,Shahdara,Barakhamba Road,4.4,17.1,,,,,,,489.0,6.72,4.3,3.6,Debit Card,2024-11-13 22:13:47,2024,11,November,13,2,Wednesday,22,0,Late Evening,1,0,0,0,Completed,489.0,72.76785714285714,1,1,1,1,1,1,1
2024-07-13,16:08:23,CNR5098022,Cancelled by Driver,CID5307235,Bike,Ardee City,Qutub Minar,7.4,,,,1.0,Personal & Car related issues,,,,,,,,2024-07-13 16:08:23,2024,7,July,13,5,Saturday,16,1,Afternoon,0,1,0,0,Driver Cancelled,0.0,,0,0,0,0,0,1,0
2024-10-20,21:33:02,CNR5099890,Completed,CID9475150,Auto,Sultanpur,Noida Sector 62,14.9,27.7,,,,,,,398.0,2.44,3.9,4.7,Cash,2024-10-20 21:33:02,2024,10,October,20,6,Sunday,21,1,Late Evening,1,0,0,0,Completed,398.0,163.11475409836066,1,1,1,1,1,1,1
2024-06-14,08:26:46,CNR5099890,Completed,CID6557043,Go Sedan,Rajiv Chowk,Arjangarh,10.2,15.1,,,,,,,358.0,40.16,4.7,4.6,UPI,2024-06-14 08:26:46,2024,6,June,14,4,Friday,8,0,Morning,1,0,0,0,Completed,358.0,8.914342629482073,1,1,1,1,1,1,1
2024-02-01,19:22:19,CNR5113165,Completed,CID4199512,Go Sedan,Model Town,Dilshad Garden,13.3,43.3,,,,,,,584.0,8.96,3.4,4.6,UPI,2024-02-01 19:22:19,2024,2,February,1,3,Thursday,19,0,Evening,1,0,0,0,Completed,584.0,65.17857142857142,1,1,1,1,1,1,1
2024-11-20,07:32:47,CNR5113165,Completed,CID2855233,eBike,Gurgaon Railway Station,Satguru Ram Singh Marg,7.3,17.8,,,,,,,180.0,28.83,4.9,4.3,Credit Card,2024-11-20 07:32:47,2024,11,November,20,2,Wednesday,7,0,Morning,1,0,0,0,Completed,180.0,6.243496357960458,1,1,1,1,1,1,1
2024-01-09,10:49:25,CNR5114000,Completed,CID2539632,Go Mini,Uttam Nagar,Hauz Rani,7.1,24.9,,,,,,,327.0,17.53,3.6,4.6,Uber Wallet,2024-01-09 10:49:25,2024,1,January,9,1,Tuesday,10,0,Morning,1,0,0,0,Completed,327.0,18.653736451796917,1,1,1,1,1,1,1
2024-11-01,14:36:49,CNR5114000,Completed,CID8900122,Go Sedan,Rohini East,Karol Bagh,8.6,30.3,,,,,,,330.0,33.37,3.5,4.9,Cash,2024-11-01 14:36:49,2024,11,November,1,4,Friday,14,0,Afternoon,1,0,0,0,Completed,330.0,9.88912196583758,1,1,1,1,1,1,1
2024-10-03,18:10:20,CNR5126304,Completed,CID2046416,Auto,Subhash Chowk,Gurgaon Sector 56,10.3,43.9,,,,,,,790.0,15.8,3.5,4.3,Cash,2024-10-03 18:10:20,2024,10,October,3,3,Thursday,18,0,Evening,1,0,0,0,Completed,790.0,50.0,1,1,1,1,1,1,1
2024-03-27,17:52:45,CNR5126304,Completed,CID6831851,Bike,Rohini East,Jor Bagh,14.6,32.4,,,,,,,415.0,40.43,3.1,4.6,UPI,2024-03-27 17:52:45,2024,3,March,27,2,Wednesday,17,0,Evening,1,0,0,0,Completed,415.0,10.264654959188722,1,1,1,1,1,1,1
2024-06-19,08:57:20,CNR5137684,Completed,CID6858984,Auto,Akshardham,Moti Nagar,14.5,33.7,,,,,,,153.0,10.24,4.7,4.9,Cash,2024-06-19 08:57:20,2024,6,June,19,2,Wednesday,8,0,Morning,1,0,0,0,Completed,153.0,14.94140625,1,1,1,1,1,1,1
2024-09-24,16:46:40,CNR5137684,Cancelled by Driver,CID1251494,Auto,Aya Nagar,Indraprastha,11.6,,,,1.0,Personal & Car related issues,,,,,,,,2024-09-24 16:46:40,2024,9,September,24,1,Tuesday,16,0,Afternoon,0,1,0,0,Driver Cancelled,0.0,,0,0,0,0,0,1,0
2024-06-19,15:12:15,CNR5141113,No Driver Found,CID6052040,Bike,Connaught Place,Meerut,,,,,,,,,,,,,,2024-06-19 15:12:15,2024,6,June,19,2,Wednesday,15,0,Afternoon,0,0,0,1,No Driver Found,0.0,,0,0,0,0,0,0,0
2024-02-01,21:36:21,CNR5141113,Completed,CID6235858,Bike,GTB Nagar,Green Park,4.2,33.2,,,,,,,841.0,24.94,4.4,4.8,Debit Card,2024-02-01 21:36:21,2024,2,February,1,3,Thursday,21,0,Late Evening,1,0,0,0,Completed,841.0,33.72093023255814,1,1,1,1,1,1,1
2024-08-06,22:47:07,CNR5172947,No Driver Found,CID3944565,Go Mini,Mehrauli,Old Gurgaon,,,,,,,,,,,,,,2024-08-06 22:47:07,2024,8,August,6,1,Tuesday,22,0,Late Evening,0,0,0,1,No Driver Found,0.0,,0,0,0,0,0,0,0
2024-04-08,14:51:04,CNR5172947,Cancelled by Driver,CID6302518,Bike,Udyog Bhawan,Ghitorni,9.6,,,,1.0,More than permitted people in there,,,,,,,,2024-04-08 14:51:04,2024,4,April,8,0,Monday,14,0,Afternoon,0,1,0,0,Driver Cancelled,0.0,,0,0,0,0,0,1,0
2024-06-07,16:30:41,CNR5174436,Cancelled by Driver,CID3785764,Go Mini,Ghitorni Village,Anand Vihar,11.5,,,,1.0,The customer was coughing/sick,,,,,,,,2024-06-07 16:30:41,2024,6,June,7,4,Friday,16,0,Afternoon,0,1,0,0,Driver Cancelled,0.0,,0,0,0,0,0,1,0
2024-02-08,15:33:02,CNR5174436,Completed,CID9750283,Go Mini,IGI Airport,Meerut,12.4,16.9,,,,,,,429.0,5.37,4.8,4.5,UPI,2024-02-08 15:33:02,2024,2,February,8,3,Thursday,15,0,Afternoon,1,0,0,0,Completed,429.0,79.88826815642457,1,1,1,1,1,1,1
2024-02-19,05:43:33,CNR5188150,Completed,CID1723650,Go Sedan,Pulbangash,Barakhamba Road,12.8,33.1,,,,,,,93.0,19.52,4.5,4.9,Cash,2024-02-19 05:43:33,2024,2,February,19,0,Monday,5,0,Night,1,0,0,0,Completed,93.0,4.764344262295082,1,1,1,1,1,1,1
2024-02-12,16:59:13,CNR5188150,Cancelled by Driver,CID5802474,Premier Sedan,Ardee City,Kherki Daula Toll,6.6,,,,1.0,The customer was coughing/sick,,,,,,,,2024-02-12 16:59:13,2024,2,February,12,0,Monday,16,0,Afternoon,0,1,0,0,Driver Cancelled,0.0,,0,0,0,0,0,1,0
2024-02-26,19:33:52,CNR5192082,Cancelled by Driver,CID6893973,Go Mini,Pataudi Chowk,New Delhi Railway Station,11.9,,,,1.0,Customer related issue,,,,,,,,2024-02-26 19:33:52,2024,2,February,26,0,Monday,19,0,Evening,0,1,0,0,Driver Cancelled,0.0,,0,0,0,0,0,1,0
2024-01-28,12:23:30,CNR5192082,Cancelled by Driver,CID1693059,Go Sedan,Nirman Vihar,Udyog Bhawan,5.1,,,,1.0,Personal & Car related issues,,,,,,,,2024-01-28 12:23:30,2024,1,January,28,6,Sunday,12,1,Afternoon,0,1,0,0,Driver Cancelled,0.0,,0,0,0,0,0,1,0
2024-07-26,13:44:53,CNR5204972,No Driver Found,CID1235087,Auto,Rohini West,Karol Bagh,,,,,,,,,,,,,,2024-07-26 13:44:53,2024,7,July,26,4,Friday,13,0,Afternoon,0,0,0,1,No Driver Found,0.0,,0,0,0,0,0,0,0
2024-05-27,17:13:41,CNR5204972,Cancelled by Driver,CID3125304,Go Sedan,Ghitorni,Ashok Vihar,10.9,,,,1.0,The customer was coughing/sick,,,,,,,,2024-05-27 17:13:41,2024,5,May,27,0,Monday,17,0,Evening,0,1,0,0,Driver Cancelled,0.0,,0,0,0,0,0,1,0
2024-01-15,19:15:21,CNR5208546,Completed,CID6286544,Auto,Vinobapuri,Yamuna Bank,5.7,36.4,,,,,,,114.0,5.71,4.9,3.7,Cash,2024-01-15 19:15:21,2024,1,January,15,0,Monday,19,0,Evening,1,0,0,0,Completed,114.0,19.964973730297725,1,1,1,1,1,1,1
2024-08-19,09:23:16,CNR5208546,Cancelled by Customer,CID1122589,Go Mini,Panipat,GTB Nagar,12.9,,1.0,Wrong Address,,,,,,,,,,2024-08-19 09:23:16,2024,8,August,19,0,Monday,9,0,Morning,0,1,0,0,Customer Cancelled,0.0,,0,0,0,0,0,1,0
2024-06-02,17:17:50,CNR5212569,Completed,CID3734778,Go Mini,Khan Market,Indraprastha,3.0,38.9,,,,,,,828.0,45.19,4.1,3.4,Cash,2024-06-02 17:17:50,2024,6,June,2,6,Sunday,17,1,Evening,1,0,0,0,Completed,828.0,18.322637751714982,1,1,1,1,1,1,1
2024-01-24,11:43:37,CNR5212569,Completed,CID6637743,eBike,Vidhan Sabha,Lok Kalyan Marg,5.4,43.6,,,,,,,983.0,47.28,3.9,4.8,Cash,2024-01-24 11:43:37,2024,1,January,24,2,Wednesday,11,0,Morning,1,0,0,0,Completed,983.0,20.791032148900168,1,1,1,1,1,1,1
2024-01-30,11:57:13,CNR5219866,Completed,CID8002430,Bike,Jasola,Pataudi Chowk,6.5,20.9,,,,,,,380.0,25.93,4.3,4.2,UPI,2024-01-30 11:57:13,2024,1,January,30,1,Tuesday,11,0,Morning,1,0,0,0,Completed,380.0,14.654839953721558,1,1,1,1,1,1,1
2024-08-08,14:26:44,CNR5219866,Completed,CID5767449,Auto,Chirag Delhi,Vasant Kunj,12.0,16.9,,,,,,,509.0,47.3,3.6,4.6,UPI,2024-08-08 14:26:44,2024,8,August,8,3,Thursday,14,0,Afternoon,1,0,0,0,Completed,509.0,10.76109936575053,1,1,1,1,1,1,1
2024-01-08,21:10:58,CNR5225116,Completed,CID9938844,Auto,Aya Nagar,INA Market,12.6,38.3,,,,,,,343.0,27.98,3.8,3.5,Cash,2024-01-08 21:10:58,2024,1,January,8,0,Monday,21,0,Late Evening,1,0,0,0,Completed,343.0,12.258756254467476,1,1,1,1,1,1,1
2024-07-10,18:55:22,CNR5225116,Cancelled by Driver,CID9616448,Auto,Bhikaji Cama Place,Punjabi Bagh,5.6,,,,1.0,The customer was coughing/sick,,,,,,,,2024-07-10 18:55:22,2024,7,July,10,2,Wednesday,18,0,Evening,0,1,0,0,Driver Cancelled,0.0,,0,0,0,0,0,1,0
2024-09-21,08:16:52,CNR5261185,Completed,CID1669874,Auto,Kirti Nagar,Pitampura,10.2,33.5,,,,,,,1080.0,7.98,4.3,5.0,UPI,2024-09-21 08:16:52,2024,9,September,21,5,Saturday,8,1,Morning,1,0,0,0,Completed,1080.0,135.33834586466165,1,1,1,1,1,1,1
2024-03-31,17:40:54,CNR5261185,Completed,CID6640576,Uber XL,Patel Chowk,Noida Sector 62,8.3,33.0,,,,,,,577.0,5.79,3.8,4.1,Uber Wallet,2024-03-31 17:40:54,2024,3,March,31,6,Sunday,17,1,Evening,1,0,0,0,Completed,577.0,99.6545768566494,1,1,1,1,1,1,1
2024-07-27,21:15:45,CNR5269582,Completed,CID9539368,Premier Sedan,Badshahpur,Lok Kalyan Marg,2.4,22.9,,,,,,,742.0,26.69,4.4,5.0,UPI,2024-07-27 21:15:45,2024,7,July,27,5,Saturday,21,1,Late Evening,1,0,0,0,Completed,742.0,27.800674409891343,1,1,1,1,1,1,1
2024-07-13,08:07:28,CNR5269582,Completed,CID5972131,Auto,Jasola,Rohini West,13.5,20.7,,,,,,,171.0,18.98,4.9,4.1,UPI,2024-07-13 08:07:28,2024,7,July,13,5,Saturday,8,1,Morning,1,0,0,0,Completed,171.0,9.009483667017914,1,1,1,1,1,1,1
2024-03-03,21:54:03,CNR5292943,Completed,CID8651844,Auto,Hauz Khas,Nehru Place,5.6,23.1,,,,,,,633.0,26.45,4.5,4.6,UPI,2024-03-03 21:54:03,2024,3,March,3,6,Sunday,21,1,Late Evening,1,0,0,0,Completed,633.0,23.93194706994329,1,1,1,1,1,1,1
2024-01-15,21:59:33,CNR5292943,Completed,CID4333861,Auto,Chirag Delhi,Peeragarhi,5.7,30.0,,,,,,,598.0,7.64,4.0,4.6,Uber Wallet,2024-01-15 21:59:33,2024,1,January,15,0,Monday,21,0,Late Evening,1,0,0,0,Completed,598.0,78.27225130890052,1,1,1,1,1,1,1
2024-06-12,02:49:04,CNR5292943,Completed,CID4424381,Bike,IFFCO Chowk,Rajiv Chowk,7.3,43.3,,,,,,,720.0,30.65,3.1,4.3,Credit Card,2024-06-12 02:49:04,2024,6,June,12,2,Wednesday,2,0,Night,1,0,0,0,Completed,720.0,23.491027732463298,1,1,1,1,1,1,1
2024-09-01,03:49:15,CNR5295107,Completed,CID1101895,Auto,Jhilmil,Saidulajab,7.3,38.7,,,,,,,1116.0,7.99,4.6,3.7,UPI,2024-09-01 03:49:15,2024,9,September,1,6,Sunday,3,1,Night,1,0,0,0,Completed,1116.0,139.67459324155195,1,1,1,1,1,1,1
2024-01-17,09:25:10,CNR5295107,Cancelled by Driver,CID9617692,Bike,Narsinghpur,Shastri Park,8.1,,,,1.0,More than permitted people in there,,,,,,,,2024-01-17 09:25:10,2024,1,January,17,2,Wednesday,9,0,Morning,0,1,0,0,Driver Cancelled,0.0,,0,0,0,0,0,1,0
2024-12-30,10:57:17,CNR5303701,Cancelled by Driver,CID8017447,Go Sedan,Moolchand,Greater Kailash,4.9,,,,1.0,The customer was coughing/sick,,,,,,,,2024-12-30 10:57:17,2024,12,December,30,0,Monday,10,0,Morning,0,1,0,0,Driver Cancelled,0.0,,0,0,0,0,0,1,0
2024-10-26,03:20:51,CNR5303701,Incomplete,CID8325297,Go Sedan,Keshav Puram,Khan Market,2.8,11.2,,,,,1.0,Customer Demand,764.0,17.35,,,Cash,2024-10-26 03:20:51,2024,10,October,26,5,Saturday,3,1,Night,0,0,1,0,Incomplete,0.0,,1,1,0,0,1,1,1
2024-11-03,10:51:12,CNR5319637,Completed,CID9438356,Auto,Tughlakabad,Rajouri Garden,14.8,34.0,,,,,,,237.0,32.85,4.2,4.9,Cash,2024-11-03 10:51:12,2024,11,November,3,6,Sunday,10,1,Morning,1,0,0,0,Completed,237.0,7.2146118721461185,1,1,1,1,1,1,1
2024-10-31,15:54:49,CNR5319637,Completed,CID3214707,Auto,Connaught Place,DLF City Court,2.5,18.3,,,,,,,556.0,38.32,4.4,4.3,UPI,2024-10-31 15:54:49,2024,10,October,31,3,Thursday,15,0,Afternoon,1,0,0,0,Completed,556.0,14.509394572025052,1,1,1,1,1,1,1
2024-08-28,19:47:32,CNR5341647,No Driver Found,CID3604983,Go Mini,Lok Kalyan Marg,Panchsheel Park,,,,,,,,,,,,,,2024-08-28 19:47:32,2024,8,August,28,2,Wednesday,19,0,Evening,0,0,0,1,No Driver Found,0.0,,0,0,0,0,0,0,0
2024-08-22,16:35:42,CNR5341647,Completed,CID8645443,Go Mini,Barakhamba Road,MG Road,4.2,37.2,,,,,,,219.0,25.47,3.9,4.2,Cash,2024-08-22 16:35:42,2024,8,August,22,3,Thursday,16,0,Afternoon,1,0,0,0,Completed,219.0,8.598351001177857,1,1,1,1,1,1,1
2024-09-15,21:36:53,CNR5358950,Incomplete,CID6545436,Auto,Mandi House,Kanhaiya Nagar,5.2,17.8,,,,,1.0,Other Issue,396.0,13.91,,,Uber Wallet,2024-09-15 21:36:53,2024,9,September,15,6,Sunday,21,1,Late Evening,0,0,1,0,Incomplete,0.0,,1,1,0,0,1,1,1
2024-10-16,14:55:03,CNR5358950,Completed,CID2605433,Auto,IGNOU Road,Jahangirpuri,4.3,32.6,,,,,,,455.0,6.21,4.4,5.0,Cash,2024-10-16 14:55:03,2024,10,October,16,2,Wednesday,14,0,Afternoon,1,0,0,0,Completed,455.0,73.26892109500805,1,1,1,1,1,1,1
2024-02-20,09:14:46,CNR5362078,Cancelled by Driver,CID8106902,Go Sedan,Inderlok,Delhi Gate,7.3,,,,1.0,The customer was coughing/sick,,,,,,,,2024-02-20 09:14:46,2024,2,February,20,1,Tuesday,9,0,Morning,0,1,0,0,Driver Cancelled,0.0,,0,0,0,0,0,1,0
2024-10-20,14:45:44,CNR5362078,Completed,CID2571959,Go Sedan,Subhash Chowk,Palam Vihar,14.0,15.8,,,,,,,694.0,48.01,3.9,3.4,Cash,2024-10-20 14:45:44,2024,10,October,20,6,Sunday,14,1,Afternoon,1,0,0,0,Completed,694.0,14.455321807956675,1,1,1,1,1,1,1
2024-04-16,15:52:23,CNR5370782,Cancelled by Driver,CID7508190,Auto,Lok Kalyan Marg,Hauz Khas,6.0,,,,1.0,More than permitted people in there,,,,,,,,2024-04-16 15:52:23,2024,4,April,16,1,Tuesday,15,0,Afternoon,0,1,0,0,Driver Cancelled,0.0,,0,0,0,0,0,1,0
2024-01-22,18:50:03,CNR5370782,Cancelled by Driver,CID7125100,Go Sedan,Shahdara,AIIMS,10.4,,,,1.0,The customer was coughing/sick,,,,,,,,2024-01-22 18:50:03,2024,1,January,22,0,Monday,18,0,Evening,0,1,0,0,Driver Cancelled,0.0,,0,0,0,0,0,1,0
2024-03-28,06:51:13,CNR5374197,Cancelled by Driver,CID2525202,Auto,Aya Nagar,Sarojini Nagar,11.7,,,,1.0,Customer related issue,,,,,,,,2024-03-28 06:51:13,2024,3,March,28,3,Thursday,6,0,Morning,0,1,0,0,Driver Cancelled,0.0,,0,0,0,0,0,1,0
2024-07-02,19:21:11,CNR5374197,Completed,CID1696782,eBike,Shivaji Park,Ghitorni Village,5.2,16.0,,,,,,,53.0,38.72,3.9,4.9,Credit Card,2024-07-02 19:21:11,2024,7,July,2,1,Tuesday,19,0,Evening,1,0,0,0,Completed,53.0,1.368801652892562,1,1,1,1,1,1,1
2024-08-03,12:09:09,CNR5380412,Completed,CID4316801,Go Mini,DLF Phase 3,Moolchand,5.2,16.0,,,,,,,1187.0,17.31,3.3,3.8,UPI,2024-08-03 12:09:09,2024,8,August,3,5,Saturday,12,1,Afternoon,1,0,0,0,Completed,1187.0,68.5730791450029,1,1,1,1,1,1,1
2024-02-01,09:13:13,CNR5380412,Completed,CID8125937,Go Mini,Shivaji Park,Hauz Khas,11.2,31.3,,,,,,,249.0,34.73,4.2,4.9,UPI,2024-02-01 09:13:13,2024,2,February,1,3,Thursday,9,0,Morning,1,0,0,0,Completed,249.0,7.16959401094155,1,1,1,1,1,1,1
2024-04-24,19:59:03,CNR5396592,Completed,CID8972217,Premier Sedan,Udyog Bhawan,Shivaji Park,10.8,39.1,,,,,,,930.0,8.76,3.6,4.6,Uber Wallet,2024-04-24 19:59:03,2024,4,April,24,2,Wednesday,19,0,Evening,1,0,0,0,Completed,930.0,106.16438356164385,1,1,1,1,1,1,1
2024-03-04,18:12:30,CNR5396592,Cancelled by Driver,CID8204897,Auto,Kadarpur,Mayur Vihar,8.6,,,,1.0,The customer was coughing/sick,,,,,,,,2024-03-04 18:12:30,2024,3,March,4,0,Monday,18,0,Evening,0,1,0,0,Driver Cancelled,0.0,,0,0,0,0,0,1,0
2024-12-04,20:38:55,CNR5398073,Cancelled by Driver,CID2820713,Premier Sedan,Nawada,Munirka,10.6,,,,1.0,More than permitted people in there,,,,,,,,2024-12-04 20:38:55,2024,12,December,4,2,Wednesday,20,0,Evening,0,1,0,0,Driver Cancelled,0.0,,0,0,0,0,0,1,0
2024-05-20,10:39:47,CNR5398073,Completed,CID8797879,Auto,Kherki Daula Toll,Udyog Vihar Phase 4,13.4,15.5,,,,,,,207.0,44.56,4.4,4.7,Credit Card,2024-05-20 10:39:47,2024,5,May,20,0,Monday,10,0,Morning,1,0,0,0,Completed,207.0,4.645421903052064,1,1,1,1,1,1,1
2024-11-12,12:06:07,CNR5404936,Completed,CID1592212,eBike,New Delhi Railway Station,Janakpuri,8.3,24.3,,,,,,,874.0,5.22,4.3,4.3,UPI,2024-11-12 12:06:07,2024,11,November,12,1,Tuesday,12,0,Afternoon,1,0,0,0,Completed,874.0,167.43295019157088,1,1,1,1,1,1,1
2024-11-21,09:24:44,CNR5404936,No Driver Found,CID3667536,Go Mini,Ambience Mall,Jahangirpuri,,,,,,,,,,,,,,2024-11-21 09:24:44,2024,11,November,21,3,Thursday,9,0,Morning,0,0,0,1,No Driver Found,0.0,,0,0,0,0,0,0,0
2024-02-13,07:35:34,CNR5409989,Completed,CID8930530,Bike,Connaught Place,Kalkaji,11.4,25.3,,,,,,,524.0,17.85,4.9,4.9,UPI,2024-02-13 07:35:34,2024,2,February,13,1,Tuesday,7,0,Morning,1,0,0,0,Completed,524.0,29.355742296918766,1,1,1,1,1,1,1
2024-10-21,15:41:25,CNR5409989,Cancelled by Customer,CID5925272,Bike,Ramesh Nagar,Keshav Puram,14.1,,1.0,Driver asked to cancel,,,,,,,,,,2024-10-21 15:41:25,2024,10,October,21,0,Monday,15,0,Afternoon,0,1,0,0,Customer Cancelled,0.0,,0,0,0,0,0,1,0
2024-05-19,18:08:25,CNR5423485,Cancelled by Driver,CID2460082,Premier Sedan,Basai Dhankot,Dwarka Mor,9.2,,,,1.0,The customer was coughing/sick,,,,,,,,2024-05-19 18:08:25,2024,5,May,19,6,Sunday,18,1,Evening,0,1,0,0,Driver Cancelled,0.0,,0,0,0,0,0,1,0
2024-12-18,19:41:02,CNR5423485,Completed,CID9558432,Bike,Gurgaon Sector 29,Vishwavidyalaya,11.5,36.4,,,,,,,308.0,2.84,4.7,4.8,Cash,2024-12-18 19:41:02,2024,12,December,18,2,Wednesday,19,0,Evening,1,0,0,0,Completed,308.0,108.45070422535211,1,1,1,1,1,1,1
2024-06-29,13:05:26,CNR5425058,Completed,CID1556282,Auto,Greater Noida,Shastri Nagar,8.2,20.5,,,,,,,250.0,33.95,4.1,4.6,Cash,2024-06-29 13:05:26,2024,6,June,29,5,Saturday,13,1,Afternoon,1,0,0,0,Completed,250.0,7.363770250368188,1,1,1,1,1,1,1
2024-08-04,20:27:15,CNR5425058,Cancelled by Driver,CID2303111,Auto,Tughlakabad,Tagore Garden,5.2,,,,1.0,Customer related issue,,,,,,,,2024-08-04 20:27:15,2024,8,August,4,6,Sunday,20,1,Evening,0,1,0,0,Driver Cancelled,0.0,,0,0,0,0,0,1,0
2024-06-29,15:36:46,CNR5429729,Cancelled by Driver,CID5410364,Go Sedan,Delhi Gate,Chanakyapuri,3.2,,,,1.0,Customer related issue,,,,,,,,2024-06-29 15:36:46,2024,6,June,29,5,Saturday,15,1,Afternoon,0,1,0,0,Driver Cancelled,0.0,,0,0,0,0,0,1,0
2024-09-03,17:12:27,CNR5429729,Cancelled by Driver,CID1358867,Auto,Rithala,Tis Hazari,5.9,,,,1.0,Customer related issue,,,,,,,,2024-09-03 17:12:27,2024,9,September,3,1,Tuesday,17,0,Evening,0,1,0,0,Driver Cancelled,0.0,,0,0,0,0,0,1,0
2024-03-15,18:51:26,CNR5434375,Completed,CID2146151,Auto,Maidan Garhi,Faridabad Sector 15,4.2,26.9,,,,,,,373.0,27.1,4.2,4.9,Cash,2024-03-15 18:51:26,2024,3,March,15,4,Friday,18,0,Evening,1,0,0,0,Completed,373.0,13.763837638376383,1,1,1,1,1,1,1
2024-09-21,18:06:04,CNR5434375,Completed,CID2430264,Auto,Pragati Maidan,Karol Bagh,5.6,35.7,,,,,,,216.0,23.98,4.2,4.2,Cash,2024-09-21 18:06:04,2024,9,September,21,5,Saturday,18,1,Evening,1,0,0,0,Completed,216.0,9.007506255212677,1,1,1,1,1,1,1
2024-06-01,18:14:27,CNR5439806,Completed,CID1894394,eBike,Madipur,Mandi House,7.4,30.8,,,,,,,225.0,28.78,4.1,3.1,UPI,2024-06-01 18:14:27,2024,6,June,1,5,Saturday,18,1,Evening,1,0,0,0,Completed,225.0,7.817929117442668,1,1,1,1,1,1,1
2024-07-18,21:37:55,CNR5439806,Completed,CID8782746,Bike,Vatika Chowk,Vinobapuri,6.0,34.3,,,,,,,88.0,47.55,4.0,4.6,Credit Card,2024-07-18 21:37:55,2024,7,July,18,3,Thursday,21,0,Late Evening,1,0,0,0,Completed,88.0,1.85068349106204,1,1,1,1,1,1,1
2024-07-25,12:55:03,CNR5446261,Cancelled by Driver,CID1891301,Auto,Noida Extension,DLF Phase 3,10.2,,,,1.0,The customer was coughing/sick,,,,,,,,2024-07-25 12:55:03,2024,7,July,25,3,Thursday,12,0,Afternoon,0,1,0,0,Driver Cancelled,0.0,,0,0,0,0,0,1,0
2024-04-06,07:23:51,CNR5446261,Completed,CID9230535,Auto,Ashok Vihar,Munirka,9.6,31.6,,,,,,,282.0,41.65,5.0,4.6,Debit Card,2024-04-06 07:23:51,2024,4,April,6,5,Saturday,7,1,Morning,1,0,0,0,Completed,282.0,6.770708283313326,1,1,1,1,1,1,1
2024-08-15,12:19:36,CNR5449362,Completed,CID2174499,eBike,Ghitorni,Jasola,11.6,18.4,,,,,,,395.0,34.63,3.7,4.7,UPI,2024-08-15 12:19:36,2024,8,August,15,3,Thursday,12,0,Afternoon,1,0,0,0,Completed,395.0,11.40629511983829,1,1,1,1,1,1,1
2024-11-27,14:56:02,CNR5449362,Completed,CID5585623,Go Sedan,Barakhamba Road,Shastri Nagar,2.6,32.5,,,,,,,330.0,13.43,4.6,4.3,Debit Card,2024-11-27 14:56:02,2024,11,November,27,2,Wednesday,14,0,Afternoon,1,0,0,0,Completed,330.0,24.571854058078927,1,1,1,1,1,1,1
2024-08-10,09:43:48,CNR5452833,Cancelled by Customer,CID9538426,Go Mini,Chandni Chowk,Kaushambi,10.6,,1.0,AC is not working,,,,,,,,,,2024-08-10 09:43:48,2024,8,August,10,5,Saturday,9,1,Morning,0,1,0,0,Customer Cancelled,0.0,,0,0,0,0,0,1,0
2024-08-22,19:21:13,CNR5452833,Completed,CID9289310,Go Sedan,Chirag Delhi,Azadpur,5.7,35.5,,,,,,,567.0,19.84,3.4,4.4,UPI,2024-08-22 19:21:13,2024,8,August,22,3,Thursday,19,0,Evening,1,0,0,0,Completed,567.0,28.578629032258064,1,1,1,1,1,1,1
2024-01-07,10:05:36,CNR5452948,Completed,CID4850066,Auto,Hero Honda Chowk,Sadar Bazar Gurgaon,12.5,42.8,,,,,,,532.0,2.09,4.6,4.2,Debit Card,2024-01-07 10:05:36,2024,1,January,7,6,Sunday,10,1,Morning,1,0,0,0,Completed,532.0,254.54545454545456,1,1,1,1,1,1,1
2024-08-16,14:54:42,CNR5452948,Cancelled by Customer,CID3295818,Go Sedan,Kashmere Gate ISBT,Kalkaji,5.1,,1.0,Driver is not moving towards pickup location,,,,,,,,,,2024-08-16 14:54:42,2024,8,August,16,4,Friday,14,0,Afternoon,0,1,0,0,Customer Cancelled,0.0,,0,0,0,0,0,1,0
2024-09-11,18:08:11,CNR5456562,No Driver Found,CID4244028,Uber XL,Karkarduma,Pulbangash,,,,,,,,,,,,,,2024-09-11 18:08:11,2024,9,September,11,2,Wednesday,18,0,Evening,0,0,0,1,No Driver Found,0.0,,0,0,0,0,0,0,0
2024-06-25,10:15:46,CNR5456562,Cancelled by Customer,CID4444719,Auto,Vinobapuri,Vaishali,18.4,,1.0,Change of plans,,,,,,,,,,2024-06-25 10:15:46,2024,6,June,25,1,Tuesday,10,0,Morning,0,1,0,0,Customer Cancelled,0.0,,0,0,0,0,0,1,0
2024-05-01,06:21:14,CNR5463071,Completed,CID7355135,Go Mini,ITO,Chandni Chowk,7.9,42.2,,,,,,,2067.0,36.69,3.4,4.3,UPI,2024-05-01 06:21:14,2024,5,May,1,2,Wednesday,6,0,Morning,1,0,0,0,Completed,2067.0,56.336876533115294,1,1,1,1,1,1,1
2024-11-08,13:17:58,CNR5463071,Cancelled by Driver,CID6463086,Go Mini,IGI Airport,Noida Extension,11.5,,,,1.0,More than permitted people in there,,,,,,,,2024-11-08 13:17:58,2024,11,November,8,4,Friday,13,0,Afternoon,0,1,0,0,Driver Cancelled,0.0,,0,0,0,0,0,1,0
2024-04-13,15:45:11,CNR5467021,Completed,CID1369572,Auto,Vishwavidyalaya,IGI Airport,13.6,37.3,,,,,,,266.0,30.32,3.9,4.6,Cash,2024-04-13 15:45:11,2024,4,April,13,5,Saturday,15,1,Afternoon,1,0,0,0,Completed,266.0,8.773087071240106,1,1,1,1,1,1,1
2024-03-19,11:24:43,CNR5467021,Completed,CID7630178,Auto,DLF City Court,Ramesh Nagar,4.9,21.8,,,,,,,686.0,30.86,3.9,4.6,UPI,2024-03-19 11:24:43,2024,3,March,19,1,Tuesday,11,0,Morning,1,0,0,0,Completed,686.0,22.229423201555413,1,1,1,1,1,1,1
2024-08-29,12:44:48,CNR5485936,Completed,CID3821158,Auto,Keshav Puram,Arjangarh,3.4,28.9,,,,,,,478.0,22.31,4.6,4.1,Credit Card,2024-08-29 12:44:48,2024,8,August,29,3,Thursday,12,0,Afternoon,1,0,0,0,Completed,478.0,21.42536978933214,1,1,1,1,1,1,1
2024-02-01,19:43:17,CNR5485936,Completed,CID9130766,Bike,Vatika Chowk,Vidhan Sabha,13.5,15.6,,,,,,,737.0,6.31,4.5,4.8,Cash,2024-02-01 19:43:17,2024,2,February,1,3,Thursday,19,0,Evening,1,0,0,0,Completed,737.0,116.7987321711569,1,1,1,1,1,1,1
2024-10-25,11:30:51,CNR5488745,Cancelled by Driver,CID9550911,Go Sedan,Delhi Gate,Mundka,8.8,,,,1.0,More than permitted people in there,,,,,,,,2024-10-25 11:30:51,2024,10,October,25,4,Friday,11,0,Morning,0,1,0,0,Driver Cancelled,0.0,,0,0,0,0,0,1,0
2024-02-20,20:57:55,CNR5488745,Completed,CID7298699,Auto,Udyog Bhawan,Ardee City,9.5,27.0,,,,,,,408.0,3.41,4.3,3.7,UPI,2024-02-20 20:57:55,2024,2,February,20,1,Tuesday,20,0,Evening,1,0,0,0,Completed,408.0,119.64809384164222,1,1,1,1,1,1,1
2024-02-25,16:30:13,CNR5492625,Completed,CID7538460,Premier Sedan,Tilak Nagar,Tagore Garden,13.8,37.7,,,,,,,1110.0,31.02,4.6,4.8,UPI,2024-02-25 16:30:13,2024,2,February,25,6,Sunday,16,1,Afternoon,1,0,0,0,Completed,1110.0,35.783365570599614,1,1,1,1,1,1,1
2024-09-01,14:24:43,CNR5492625,Incomplete,CID9543435,Bike,Ghitorni Village,Mayur Vihar,9.8,17.4,,,,,1.0,Vehicle Breakdown,1678.0,5.45,,,UPI,2024-09-01 14:24:43,2024,9,September,1,6,Sunday,14,1,Afternoon,0,0,1,0,Incomplete,0.0,,1,1,0,0,1,1,1
2024-01-16,17:22:57,CNR5494205,Completed,CID1377388,Premier Sedan,Ashram,Munirka,4.6,30.7,,,,,,,106.0,48.37,4.3,4.3,Uber Wallet,2024-01-16 17:22:57,2024,1,January,16,1,Tuesday,17,0,Evening,1,0,0,0,Completed,106.0,2.1914409758114535,1,1,1,1,1,1,1
2024-05-11,23:33:59,CNR5494205,Completed,CID9593034,Auto,Mundka,New Delhi Railway Station,12.0,34.2,,,,,,,1450.0,33.67,4.0,4.9,UPI,2024-05-11 23:33:59,2024,5,May,11,5,Saturday,23,1,Late Evening,1,0,0,0,Completed,1450.0,43.065043065043064,1,1,1,1,1,1,1
2024-02-12,15:00:02,CNR5495800,Completed,CID3085163,Bike,Gurgaon Railway Station,Noida Sector 62,3.4,31.0,,,,,,,960.0,42.42,4.6,4.6,Cash,2024-02-12 15:00:02,2024,2,February,12,0,Monday,15,0,Afternoon,1,0,0,0,Completed,960.0,22.63083451202263,1,1,1,1,1,1,1
2024-10-20,08:15:41,CNR5495800,Cancelled by Driver,CID5789180,Premier Sedan,IFFCO Chowk,Vasant Kunj,10.0,,,,1.0,Personal & Car related issues,,,,,,,,2024-10-20 08:15:41,2024,10,October,20,6,Sunday,8,1,Morning,0,1,0,0,Driver Cancelled,0.0,,0,0,0,0,0,1,0
2024-08-08,15:34:51,CNR5498904,Incomplete,CID3151151,Bike,Shastri Park,Dwarka Mor,4.0,29.5,,,,,1.0,Vehicle Breakdown,146.0,13.88,,,Cash,2024-08-08 15:34:51,2024,8,August,8,3,Thursday,15,0,Afternoon,0,0,1,0,Incomplete,0.0,,1,1,0,0,1,1,1
2024-09-14,13:12:31,CNR5498904,Cancelled by Customer,CID5977616,Go Sedan,Jor Bagh,Yamuna Bank,14.6,,1.0,AC is not working,,,,,,,,,,2024-09-14 13:12:31,2024,9,September,14,5,Saturday,13,1,Afternoon,0,1,0,0,Customer Cancelled,0.0,,0,0,0,0,0,1,0
2024-06-20,02:29:16,CNR5504792,Completed,CID9252215,Go Mini,Narsinghpur,Gurgaon Sector 56,13.1,41.7,,,,,,,840.0,20.26,4.6,4.2,Uber Wallet,2024-06-20 02:29:16,2024,6,June,20,3,Thursday,2,0,Night,1,0,0,0,Completed,840.0,41.46100691016782,1,1,1,1,1,1,1
2024-08-25,20:49:04,CNR5504792,Completed,CID3355528,Bike,Model Town,Yamuna Bank,9.1,36.8,,,,,,,141.0,27.14,4.4,4.6,Uber Wallet,2024-08-25 20:49:04,2024,8,August,25,6,Sunday,20,1,Evening,1,0,0,0,Completed,141.0,5.195283714075166,1,1,1,1,1,1,1
2024-08-21,11:52:52,CNR5512015,Completed,CID6005082,Go Sedan,Chanakyapuri,Ashram,4.2,15.0,,,,,,,410.0,2.47,4.2,4.2,UPI,2024-08-21 11:52:52,2024,8,August,21,2,Wednesday,11,0,Morning,1,0,0,0,Completed,410.0,165.99190283400807,1,1,1,1,1,1,1
2024-08-26,11:44:28,CNR5512015,No Driver Found,CID2025259,eBike,Mundka,Vishwavidyalaya,,,,,,,,,,,,,,2024-08-26 11:44:28,2024,8,August,26,0,Monday,11,0,Morning,0,0,0,1,No Driver Found,0.0,,0,0,0,0,0,0,0
2024-04-08,19:58:32,CNR5516518,Completed,CID1598425,Go Sedan,Tagore Garden,New Colony,10.7,19.3,,,,,,,75.0,48.16,4.5,4.6,UPI,2024-04-08 19:58:32,2024,4,April,8,0,Monday,19,0,Evening,1,0,0,0,Completed,75.0,1.5573089700996678,1,1,1,1,1,1,1
2024-07-18,12:49:40,CNR5516518,Completed,CID4114429,Auto,Sarai Kale Khan,Janakpuri,13.9,22.5,,,,,,,493.0,4.3,4.1,4.5,Uber Wallet,2024-07-18 12:49:40,2024,7,July,18,3,Thursday,12,0,Afternoon,1,0,0,0,Completed,493.0,114.65116279069768,1,1,1,1,1,1,1
2024-07-08,20:34:17,CNR5520624,No Driver Found,CID2020881,Auto,Gurgaon Sector 56,Madipur,,,,,,,,,,,,,,2024-07-08 20:34:17,2024,7,July,8,0,Monday,20,0,Evening,0,0,0,1,No Driver Found,0.0,,0,0,0,0,0,0,0
2024-08-25,09:52:20,CNR5520624,Completed,CID8485837,Go Sedan,Kalkaji,Huda City Centre,10.5,25.1,,,,,,,737.0,14.43,4.4,4.8,UPI,2024-08-25 09:52:20,2024,8,August,25,6,Sunday,9,1,Morning,1,0,0,0,Completed,737.0,51.074151074151075,1,1,1,1,1,1,1
2024-03-09,12:02:23,CNR5529298,Completed,CID8256794,Auto,Sultanpur,Rohini,9.8,29.9,,,,,,,357.0,11.72,5.0,3.8,UPI,2024-03-09 12:02:23,2024,3,March,9,5,Saturday,12,1,Afternoon,1,0,0,0,Completed,357.0,30.46075085324232,1,1,1,1,1,1,1
2024-08-15,20:52:21,CNR5529298,Completed,CID8669859,Auto,Rajiv Nagar,Vishwavidyalaya,13.6,43.2,,,,,,,760.0,2.88,4.2,4.6,Cash,2024-08-15 20:52:21,2024,8,August,15,3,Thursday,20,0,Evening,1,0,0,0,Completed,760.0,263.8888888888889,1,1,1,1,1,1,1
2024-06-11,15:59:40,CNR5529688,Incomplete,CID6643394,Premier Sedan,Punjabi Bagh,Rohini,4.6,27.6,,,,,1.0,Other Issue,769.0,7.63,,,Cash,2024-06-11 15:59:40,2024,6,June,11,1,Tuesday,15,0,Afternoon,0,0,1,0,Incomplete,0.0,,1,1,0,0,1,1,1
2024-05-26,18:39:17,CNR5529688,Completed,CID7433263,Go Mini,Satguru Ram Singh Marg,AIIMS,9.5,24.3,,,,,,,1517.0,23.71,4.7,4.4,UPI,2024-05-26 18:39:17,2024,5,May,26,6,Sunday,18,1,Evening,1,0,0,0,Completed,1517.0,63.9814424293547,1,1,1,1,1,1,1
2024-12-06,18:59:56,CNR5538545,Incomplete,CID4794140,Go Sedan,Ashram,Kalkaji,8.4,13.5,,,,,1.0,Customer Demand,62.0,5.13,,,UPI,2024-12-06 18:59:56,2024,12,December,6,4,Friday,18,0,Evening,0,0,1,0,Incomplete,0.0,,1,1,0,0,1,1,1
2024-12-13,08:13:29,CNR5538545,Completed,CID1627639,Auto,Badshahpur,Anand Vihar,9.4,32.0,,,,,,,331.0,22.5,4.1,3.5,Debit Card,2024-12-13 08:13:29,2024,12,December,13,4,Friday,8,0,Morning,1,0,0,0,Completed,331.0,14.71111111111111,1,1,1,1,1,1,1
2024-08-21,01:44:44,CNR5539089,Completed,CID9373378,Auto,Chandni Chowk,Old Gurgaon,5.4,20.4,,,,,,,965.0,12.43,4.2,4.9,UPI,2024-08-21 01:44:44,2024,8,August,21,2,Wednesday,1,0,Night,1,0,0,0,Completed,965.0,77.63475462590507,1,1,1,1,1,1,1
2024-11-05,07:54:35,CNR5539089,Completed,CID2388142,Go Sedan,Anand Vihar ISBT,Saidulajab,2.3,25.5,,,,,,,321.0,31.07,4.9,4.5,Debit Card,2024-11-05 07:54:35,2024,11,November,5,1,Tuesday,7,0,Morning,1,0,0,0,Completed,321.0,10.331509494689412,1,1,1,1,1,1,1
2024-08-21,18:02:56,CNR5547483,Completed,CID8512362,Auto,Noida Sector 62,Preet Vihar,5.5,30.8,,,,,,,227.0,27.08,4.1,4.0,Uber Wallet,2024-08-21 18:02:56,2024,8,August,21,2,Wednesday,18,0,Evening,1,0,0,0,Completed,227.0,8.382570162481537,1,1,1,1,1,1,1
2024-01-03,11:45:28,CNR5547483,Completed,CID4754026,Go Mini,Rohini,Jama Masjid,5.6,33.9,,,,,,,635.0,3.97,4.4,4.9,Cash,2024-01-03 11:45:28,2024,1,January,3,2,Wednesday,11,0,Morning,1,0,0,0,Completed,635.0,159.94962216624685,1,1,1,1,1,1,1
2024-03-04,18:07:53,CNR5552611,No Driver Found,CID4244960,Auto,Udyog Vihar,Sarai Kale Khan,,,,,,,,,,,,,,2024-03-04 18:07:53,2024,3,March,4,0,Monday,18,0,Evening,0,0,0,1,No Driver Found,0.0,,0,0,0,0,0,0,0
2024-04-16,09:18:40,CNR5552611,Cancelled by Customer,CID8532492,Bike,Chirag Delhi,Model Town,8.5,,1.0,Change of plans,,,,,,,,,,2024-04-16 09:18:40,2024,4,April,16,1,Tuesday,9,0,Morning,0,1,0,0,Customer Cancelled,0.0,,0,0,0,0,0,1,0
2024-09-25,13:17:40,CNR5567305,Completed,CID4206465,Go Mini,Faridabad Sector 15,Hauz Rani,10.7,15.4,,,,,,,473.0,22.47,4.4,4.6,Cash,2024-09-25 13:17:40,2024,9,September,25,2,Wednesday,13,0,Afternoon,1,0,0,0,Completed,473.0,21.05028927458834,1,1,1,1,1,1,1
2024-12-30,15:30:51,CNR5567305,Completed,CID7210910,Auto,Meerut,DLF Phase 3,2.0,25.0,,,,,,,166.0,30.62,4.6,4.2,UPI,2024-12-30 15:30:51,2024,12,December,30,0,Monday,15,0,Afternoon,1,0,0,0,Completed,166.0,5.421293272370999,1,1,1,1,1,1,1
2024-04-25,10:16:19,CNR5582511,Completed,CID5685955,eBike,Rohini East,Yamuna Bank,11.7,18.6,,,,,,,457.0,24.62,4.3,4.2,UPI,2024-04-25 10:16:19,2024,4,April,25,3,Thursday,10,0,Morning,1,0,0,0,Completed,457.0,18.562144597887894,1,1,1,1,1,1,1
2024-09-21,06:46:38,CNR5582511,Completed,CID6682058,Auto,IGNOU Road,Green Park,11.5,40.1,,,,,,,162.0,33.27,3.3,3.2,UPI,2024-09-21 06:46:38,2024,9,September,21,5,Saturday,6,1,Morning,1,0,0,0,Completed,162.0,4.869251577998196,1,1,1,1,1,1,1
2024-12-27,13:20:41,CNR5583341,Completed,CID9226795,Auto,Panipat,Qutub Minar,12.2,36.8,,,,,,,476.0,35.89,4.3,4.8,UPI,2024-12-27 13:20:41,2024,12,December,27,4,Friday,13,0,Afternoon,1,0,0,0,Completed,476.0,13.26274728336584,1,1,1,1,1,1,1
2024-10-17,10:00:36,CNR5583341,Completed,CID5133761,Go Mini,Ambience Mall,Maidan Garhi,6.3,41.6,,,,,,,2301.0,18.64,3.7,4.8,UPI,2024-10-17 10:00:36,2024,10,October,17,3,Thursday,10,0,Morning,1,0,0,0,Completed,2301.0,123.44420600858369,1,1,1,1,1,1,1
2024-05-12,17:47:04,CNR5590381,Cancelled by Driver,CID3560180,Bike,Sarojini Nagar,Indirapuram,8.4,,,,1.0,Personal & Car related issues,,,,,,,,2024-05-12 17:47:04,2024,5,May,12,6,Sunday,17,1,Evening,0,1,0,0,Driver Cancelled,0.0,,0,0,0,0,0,1,0
2024-04-04,20:37:50,CNR5590381,Completed,CID5857581,Bike,Keshav Puram,Kashmere Gate,3.4,29.0,,,,,,,533.0,35.52,5.0,3.0,UPI,2024-04-04 20:37:50,2024,4,April,4,3,Thursday,20,0,Evening,1,0,0,0,Completed,533.0,15.005630630630629,1,1,1,1,1,1,1
2024-08-30,18:51:10,CNR5590658,Cancelled by Customer,CID9377762,Go Sedan,Chandni Chowk,Bahadurgarh,18.9,,1.0,AC is not working,,,,,,,,,,2024-08-30 18:51:10,2024,8,August,30,4,Friday,18,0,Evening,0,1,0,0,Customer Cancelled,0.0,,0,0,0,0,0,1,0
2024-03-30,15:20:48,CNR5590658,Completed,CID6447020,Go Mini,Arjangarh,Kashmere Gate,8.6,34.4,,,,,,,1735.0,20.3,4.2,4.2,Credit Card,2024-03-30 15:20:48,2024,3,March,30,5,Saturday,15,1,Afternoon,1,0,0,0,Completed,1735.0,85.4679802955665,1,1,1,1,1,1,1
2024-11-26,12:07:47,CNR5598384,Cancelled by Driver,CID4562038,Bike,Jasola,Udyog Vihar,9.0,,,,1.0,More than permitted people in there,,,,,,,,2024-11-26 12:07:47,2024,11,November,26,1,Tuesday,12,0,Afternoon,0,1,0,0,Driver Cancelled,0.0,,0,0,0,0,0,1,0
2024-10-13,03:09:13,CNR5598384,Completed,CID3951054,Go Sedan,Indraprastha,Akshardham,9.2,39.1,,,,,,,744.0,48.57,4.4,4.9,Uber Wallet,2024-10-13 03:09:13,2024,10,October,13,6,Sunday,3,1,Night,1,0,0,0,Completed,744.0,15.318097591105621,1,1,1,1,1,1,1
2024-04-02,16:06:51,CNR5605628,Completed,CID7226029,Premier Sedan,Gurgaon Sector 29,Ghitorni,8.4,15.4,,,,,,,174.0,13.99,3.9,4.8,UPI,2024-04-02 16:06:51,2024,4,April,2,1,Tuesday,16,0,Afternoon,1,0,0,0,Completed,174.0,12.437455325232309,1,1,1,1,1,1,1
2024-07-10,18:25:40,CNR5605628,Cancelled by Driver,CID3854245,Bike,Golf Course Road,Welcome,5.2,,,,1.0,Customer related issue,,,,,,,,2024-07-10 18:25:40,2024,7,July,10,2,Wednesday,18,0,Evening,0,1,0,0,Driver Cancelled,0.0,,0,0,0,0,0,1,0
2024-08-31,14:37:04,CNR5607835,Completed,CID5293153,eBike,Gurgaon Railway Station,Sohna Road,11.1,25.1,,,,,,,168.0,44.87,3.9,4.3,Uber Wallet,2024-08-31 14:37:04,2024,8,August,31,5,Saturday,14,1,Afternoon,1,0,0,0,Completed,168.0,3.74414976599064,1,1,1,1,1,1,1
2024-08-05,19:43:47,CNR5607835,Completed,CID1349722,Go Sedan,Jor Bagh,Ramesh Nagar,4.0,25.8,,,,,,,76.0,7.86,3.7,4.8,UPI,2024-08-05 19:43:47,2024,8,August,5,0,Monday,19,0,Evening,1,0,0,0,Completed,76.0,9.669211195928753,1,1,1,1,1,1,1
2024-08-09,22:58:12,CNR5613550,Incomplete,CID2371327,Bike,Green Park,Saket,4.9,11.5,,,,,1.0,Other Issue,472.0,8.69,,,UPI,2024-08-09 22:58:12,2024,8,August,9,4,Friday,22,0,Late Evening,0,0,1,0,Incomplete,0.0,,1,1,0,0,1,1,1
2024-06-04,18:30:32,CNR5613550,Completed,CID5300071,Auto,Noida Extension,Chandni Chowk,11.8,27.6,,,,,,,403.0,28.04,3.4,3.4,Credit Card,2024-06-04 18:30:32,2024,6,June,4,1,Tuesday,18,0,Evening,1,0,0,0,Completed,403.0,14.372325249643367,1,1,1,1,1,1,1
2024-07-07,17:35:05,CNR5622165,Cancelled by Driver,CID8612911,Go Sedan,Gwal Pahari,Vaishali,11.0,,,,1.0,Customer related issue,,,,,,,,2024-07-07 17:35:05,2024,7,July,7,6,Sunday,17,1,Evening,0,1,0,0,Driver Cancelled,0.0,,0,0,0,0,0,1,0
2024-04-02,20:00:53,CNR5622165,Completed,CID1868553,Auto,Panchsheel Park,Kirti Nagar,9.1,26.2,,,,,,,126.0,45.21,3.8,4.8,Cash,2024-04-02 20:00:53,2024,4,April,2,1,Tuesday,20,0,Evening,1,0,0,0,Completed,126.0,2.78699402786994,1,1,1,1,1,1,1
2024-06-29,13:38:35,CNR5627941,Cancelled by Customer,CID3582084,Bike,Khan Market,Noida Extension,16.4,,1.0,Driver asked to cancel,,,,,,,,,,2024-06-29 13:38:35,2024,6,June,29,5,Saturday,13,1,Afternoon,0,1,0,0,Customer Cancelled,0.0,,0,0,0,0,0,1,0
2024-03-24,06:37:43,CNR5627941,Completed,CID3730107,Go Mini,Tagore Garden,Delhi Gate,12.1,33.5,,,,,,,395.0,21.57,4.6,3.1,Uber Wallet,2024-03-24 06:37:43,2024,3,March,24,6,Sunday,6,1,Morning,1,0,0,0,Completed,395.0,18.312471024571163,1,1,1,1,1,1,1
2024-10-28,11:51:35,CNR5629984,Completed,CID6353289,Uber XL,Inderlok,Akshardham,10.0,33.2,,,,,,,526.0,35.03,4.6,4.1,UPI,2024-10-28 11:51:35,2024,10,October,28,0,Monday,11,0,Morning,1,0,0,0,Completed,526.0,15.015700827861831,1,1,1,1,1,1,1
2024-12-15,22:45:40,CNR5629984,Cancelled by Driver,CID8254113,Auto,Vaishali,Anand Vihar ISBT,10.1,,,,1.0,Personal & Car related issues,,,,,,,,2024-12-15 22:45:40,2024,12,December,15,6,Sunday,22,1,Late Evening,0,1,0,0,Driver Cancelled,0.0,,0,0,0,0,0,1,0
2024-08-28,21:46:08,CNR5639336,Completed,CID6022880,Auto,Rohini,Udyog Vihar,3.7,34.0,,,,,,,223.0,26.19,4.1,4.2,UPI,2024-08-28 21:46:08,2024,8,August,28,2,Wednesday,21,0,Late Evening,1,0,0,0,Completed,223.0,8.514700267277586,1,1,1,1,1,1,1
2024-08-28,15:14:00,CNR5639336,No Driver Found,CID1977719,Premier Sedan,Kashmere Gate ISBT,Malviya Nagar,,,,,,,,,,,,,,2024-08-28 15:14:00,2024,8,August,28,2,Wednesday,15,0,Afternoon,0,0,0,1,No Driver Found,0.0,,0,0,0,0,0,0,0
2024-04-29,08:06:49,CNR5652177,Completed,CID5411117,Premier Sedan,Khan Market,Shastri Park,8.1,41.8,,,,,,,430.0,47.14,4.3,4.6,UPI,2024-04-29 08:06:49,2024,4,April,29,0,Monday,8,0,Morning,1,0,0,0,Completed,430.0,9.121764955451846,1,1,1,1,1,1,1
2024-04-22,13:09:13,CNR5652177,Completed,CID9100562,Premier Sedan,Janakpuri,Moti Nagar,12.4,19.8,,,,,,,636.0,28.97,3.7,4.6,Debit Card,2024-04-22 13:09:13,2024,4,April,22,0,Monday,13,0,Afternoon,1,0,0,0,Completed,636.0,21.953745253710736,1,1,1,1,1,1,1
2024-01-18,12:43:53,CNR5653184,Completed,CID4324625,Go Sedan,IIT Delhi,Bahadurgarh,6.3,15.3,,,,,,,309.0,19.34,4.4,4.5,Cash,2024-01-18 12:43:53,2024,1,January,18,3,Thursday,12,0,Afternoon,1,0,0,0,Completed,309.0,15.977249224405378,1,1,1,1,1,1,1
2024-07-06,11:10:42,CNR5653184,Completed,CID7769996,Go Sedan,Chandni Chowk,Barakhamba Road,14.2,44.7,,,,,,,97.0,9.42,4.5,4.6,Cash,2024-07-06 11:10:42,2024,7,July,6,5,Saturday,11,1,Morning,1,0,0,0,Completed,97.0,10.29723991507431,1,1,1,1,1,1,1
2024-08-06,16:06:35,CNR5658634,Completed,CID3745159,Go Sedan,Tilak Nagar,Shastri Park,14.4,44.1,,,,,,,395.0,44.4,4.9,4.2,Credit Card,2024-08-06 16:06:35,2024,8,August,6,1,Tuesday,16,0,Afternoon,1,0,0,0,Completed,395.0,8.896396396396396,1,1,1,1,1,1,1
2024-04-26,16:11:58,CNR5658634,Completed,CID6070508,Premier Sedan,Rithala,Connaught Place,8.2,35.2,,,,,,,70.0,22.93,4.2,4.2,Uber Wallet,2024-04-26 16:11:58,2024,4,April,26,4,Friday,16,0,Afternoon,1,0,0,0,Completed,70.0,3.0527692978630614,1,1,1,1,1,1,1
2024-08-12,21:23:00,CNR5669794,Completed,CID5671297,Go Mini,Anand Vihar ISBT,Ghitorni,2.2,38.7,,,,,,,587.0,19.76,4.2,4.5,Cash,2024-08-12 21:23:00,2024,8,August,12,0,Monday,21,0,Late Evening,1,0,0,0,Completed,587.0,29.70647773279352,1,1,1,1,1,1,1
2024-05-01,11:33:47,CNR5669794,Completed,CID6611499,Go Sedan,Vinobapuri,Kherki Daula Toll,5.5,25.9,,,,,,,872.0,28.3,4.3,4.2,Debit Card,2024-05-01 11:33:47,2024,5,May,1,2,Wednesday,11,0,Morning,1,0,0,0,Completed,872.0,30.812720848056536,1,1,1,1,1,1,1
2024-08-13,08:33:16,CNR5673246,Completed,CID7968017,Bike,Noida Film City,Kirti Nagar,5.6,22.6,,,,,,,380.0,9.27,4.9,4.6,Cash,2024-08-13 08:33:16,2024,8,August,13,1,Tuesday,8,0,Morning,1,0,0,0,Completed,380.0,40.99244875943905,1,1,1,1,1,1,1
2024-09-01,04:25:05,CNR5673246,Completed,CID4203640,eBike,Dwarka Mor,Netaji Subhash Place,5.6,34.9,,,,,,,554.0,3.78,4.9,4.6,UPI,2024-09-01 04:25:05,2024,9,September,1,6,Sunday,4,1,Night,1,0,0,0,Completed,554.0,146.56084656084656,1,1,1,1,1,1,1
2024-02-19,18:47:18,CNR5685673,Cancelled by Customer,CID7466508,eBike,Uttam Nagar,Jama Masjid,12.9,,1.0,Driver asked to cancel,,,,,,,,,,2024-02-19 18:47:18,2024,2,February,19,0,Monday,18,0,Evening,0,1,0,0,Customer Cancelled,0.0,,0,0,0,0,0,1,0
2024-03-17,10:27:21,CNR5685673,Completed,CID8361916,eBike,Sohna Road,Panchsheel Park,2.1,24.0,,,,,,,558.0,7.6,4.1,5.0,UPI,2024-03-17 10:27:21,2024,3,March,17,6,Sunday,10,1,Morning,1,0,0,0,Completed,558.0,73.42105263157895,1,1,1,1,1,1,1
2024-07-27,17:22:16,CNR5686630,Completed,CID2875115,Auto,Sikanderpur,Bhiwadi,7.7,24.2,,,,,,,817.0,22.39,4.3,4.6,UPI,2024-07-27 17:22:16,2024,7,July,27,5,Saturday,17,1,Evening,1,0,0,0,Completed,817.0,36.48950424296561,1,1,1,1,1,1,1
2024-02-03,19:30:47,CNR5686630,Completed,CID2055382,Auto,Kaushambi,Subhash Chowk,11.8,17.3,,,,,,,862.0,33.83,3.7,4.8,Uber Wallet,2024-02-03 19:30:47,2024,2,February,3,5,Saturday,19,1,Evening,1,0,0,0,Completed,862.0,25.480342890925215,1,1,1,1,1,1,1
2024-06-22,11:11:10,CNR5703750,Completed,CID6990896,Auto,Vaishali,Ardee City,6.3,29.1,,,,,,,502.0,20.01,4.5,4.9,UPI,2024-06-22 11:11:10,2024,6,June,22,5,Saturday,11,1,Morning,1,0,0,0,Completed,502.0,25.087456271864067,1,1,1,1,1,1,1
2024-12-24,20:39:00,CNR5703750,Completed,CID3616006,Go Mini,Yamuna Bank,Dwarka Mor,7.7,26.6,,,,,,,125.0,32.91,4.6,3.6,Uber Wallet,2024-12-24 20:39:00,2024,12,December,24,1,Tuesday,20,0,Evening,1,0,0,0,Completed,125.0,3.7982376177453667,1,1,1,1,1,1,1
2024-05-30,10:49:23,CNR5708029,Cancelled by Driver,CID7473730,Premier Sedan,Tis Hazari,Sultanpur,6.1,,,,1.0,Personal & Car related issues,,,,,,,,2024-05-30 10:49:23,2024,5,May,30,3,Thursday,10,0,Morning,0,1,0,0,Driver Cancelled,0.0,,0,0,0,0,0,1,0
2024-05-06,18:17:32,CNR5708029,Completed,CID3750429,Auto,Badshahpur,Jhilmil,5.1,44.9,,,,,,,402.0,38.96,4.2,4.6,Credit Card,2024-05-06 18:17:32,2024,5,May,6,0,Monday,18,0,Evening,1,0,0,0,Completed,402.0,10.318275154004107,1,1,1,1,1,1,1
2024-11-04,09:10:55,CNR5711199,Completed,CID7904602,Uber XL,Ghitorni,Saket,10.4,40.3,,,,,,,366.0,16.95,4.0,4.8,Cash,2024-11-04 09:10:55,2024,11,November,4,0,Monday,9,0,Morning,1,0,0,0,Completed,366.0,21.5929203539823,1,1,1,1,1,1,1
2024-04-13,10:55:52,CNR5711199,Completed,CID6484576,Auto,Raj Nagar Extension,Chandni Chowk,6.5,29.6,,,,,,,258.0,2.08,4.3,4.4,Cash,2024-04-13 10:55:52,2024,4,April,13,5,Saturday,10,1,Morning,1,0,0,0,Completed,258.0,124.03846153846153,1,1,1,1,1,1,1
2024-06-09,21:44:12,CNR5712502,Completed,CID9106611,Auto,Jama Masjid,Nawada,12.5,31.7,,,,,,,92.0,9.16,4.6,4.9,Credit Card,2024-06-09 21:44:12,2024,6,June,9,6,Sunday,21,1,Late Evening,1,0,0,0,Completed,92.0,10.043668122270741,1,1,1,1,1,1,1
2024-05-27,16:20:42,CNR5712502,Completed,CID7724370,Bike,DLF Phase 3,Subhash Nagar,14.0,32.9,,,,,,,605.0,13.74,4.4,4.5,UPI,2024-05-27 16:20:42,2024,5,May,27,0,Monday,16,0,Afternoon,1,0,0,0,Completed,605.0,44.03202328966521,1,1,1,1,1,1,1
2024-01-02,21:13:47,CNR5721424,Completed,CID2506929,Premier Sedan,Pitampura,Moti Nagar,2.5,23.7,,,,,,,727.0,21.9,4.3,4.9,Cash,2024-01-02 21:13:47,2024,1,January,2,1,Tuesday,21,0,Late Evening,1,0,0,0,Completed,727.0,33.19634703196347,1,1,1,1,1,1,1
2024-09-23,22:12:54,CNR5721424,Completed,CID4166955,Auto,RK Puram,Ashram,12.2,15.3,,,,,,,68.0,15.48,4.5,4.9,UPI,2024-09-23 22:12:54,2024,9,September,23,0,Monday,22,0,Late Evening,1,0,0,0,Completed,68.0,4.3927648578811365,1,1,1,1,1,1,1
2024-08-24,12:47:42,CNR5722868,Cancelled by Driver,CID9202873,Auto,Barakhamba Road,IFFCO Chowk,10.1,,,,1.0,Personal & Car related issues,,,,,,,,2024-08-24 12:47:42,2024,8,August,24,5,Saturday,12,1,Afternoon,0,1,0,0,Driver Cancelled,0.0,,0,0,0,0,0,1,0
2024-10-10,10:45:43,CNR5722868,Completed,CID8760789,Auto,Sadar Bazar Gurgaon,Chanakyapuri,10.0,36.9,,,,,,,487.0,48.27,4.4,4.6,UPI,2024-10-10 10:45:43,2024,10,October,10,3,Thursday,10,0,Morning,1,0,0,0,Completed,487.0,10.089082245701263,1,1,1,1,1,1,1
2024-09-10,14:01:20,CNR5726302,Cancelled by Customer,CID4523884,Go Mini,Ashok Vihar,Kashmere Gate,18.0,,1.0,AC is not working,,,,,,,,,,2024-09-10 14:01:20,2024,9,September,10,1,Tuesday,14,0,Afternoon,0,1,0,0,Customer Cancelled,0.0,,0,0,0,0,0,1,0
2024-05-29,17:03:41,CNR5726302,Completed,CID2628142,Premier Sedan,Pitampura,Sarojini Nagar,2.3,34.3,,,,,,,966.0,17.06,5.0,4.5,Uber Wallet,2024-05-29 17:03:41,2024,5,May,29,2,Wednesday,17,0,Evening,1,0,0,0,Completed,966.0,56.62368112543963,1,1,1,1,1,1,1
2024-10-05,19:52:44,CNR5728744,Completed,CID8617215,Go Mini,Ardee City,Karol Bagh,7.1,22.6,,,,,,,253.0,22.34,4.6,4.1,Cash,2024-10-05 19:52:44,2024,10,October,5,5,Saturday,19,1,Evening,1,0,0,0,Completed,253.0,11.324977618621308,1,1,1,1,1,1,1
2024-01-25,08:14:03,CNR5728744,Completed,CID3999836,Go Mini,Mandi House,Karol Bagh,10.8,17.7,,,,,,,372.0,42.41,4.5,4.9,UPI,2024-01-25 08:14:03,2024,1,January,25,3,Thursday,8,0,Morning,1,0,0,0,Completed,372.0,8.77151615185098,1,1,1,1,1,1,1
2024-06-28,13:10:28,CNR5733536,Cancelled by Customer,CID5225035,Go Mini,Chhatarpur,Botanical Garden,19.0,,1.0,Driver is not moving towards pickup location,,,,,,,,,,2024-06-28 13:10:28,2024,6,June,28,4,Friday,13,0,Afternoon,0,1,0,0,Customer Cancelled,0.0,,0,0,0,0,0,1,0
2024-09-16,06:51:46,CNR5733536,Cancelled by Driver,CID1289584,Bike,Greater Noida,Indirapuram,5.2,,,,1.0,More than permitted people in there,,,,,,,,2024-09-16 06:51:46,2024,9,September,16,0,Monday,6,0,Morning,0,1,0,0,Driver Cancelled,0.0,,0,0,0,0,0,1,0
2024-04-09,17:41:41,CNR5743864,Cancelled by Driver,CID4720271,Go Sedan,INA Market,Netaji Subhash Place,10.2,,,,1.0,More than permitted people in there,,,,,,,,2024-04-09 17:41:41,2024,4,April,9,1,Tuesday,17,0,Evening,0,1,0,0,Driver Cancelled,0.0,,0,0,0,0,0,1,0
2024-05-07,13:21:54,CNR5743864,Completed,CID8240043,Go Mini,Gwal Pahari,Patel Chowk,14.4,26.2,,,,,,,68.0,20.8,3.1,4.7,Cash,2024-05-07 13:21:54,2024,5,May,7,1,Tuesday,13,0,Afternoon,1,0,0,0,Completed,68.0,3.269230769230769,1,1,1,1,1,1,1
2024-10-03,14:12:41,CNR5760425,Cancelled by Customer,CID5327510,Go Sedan,Indirapuram,Noida Sector 62,18.7,,1.0,Change of plans,,,,,,,,,,2024-10-03 14:12:41,2024,10,October,3,3,Thursday,14,0,Afternoon,0,1,0,0,Customer Cancelled,0.0,,0,0,0,0,0,1,0
2024-03-27,14:44:33,CNR5760425,Completed,CID8669339,Auto,Shastri Nagar,Rajiv Chowk,3.8,34.8,,,,,,,108.0,49.27,3.7,4.8,UPI,2024-03-27 14:44:33,2024,3,March,27,2,Wednesday,14,0,Afternoon,1,0,0,0,Completed,108.0,2.1920032474122184,1,1,1,1,1,1,1
2024-05-10,19:17:35,CNR5765533,Completed,CID7330552,Auto,Seelampur,Udyog Vihar Phase 4,6.5,42.7,,,,,,,489.0,13.48,4.9,5.0,Debit Card,2024-05-10 19:17:35,2024,5,May,10,4,Friday,19,0,Evening,1,0,0,0,Completed,489.0,36.275964391691396,1,1,1,1,1,1,1
2024-05-26,15:20:32,CNR5765533,Cancelled by Driver,CID5083562,Premier Sedan,Tilak Nagar,Netaji Subhash Place,4.5,,,,1.0,More than permitted people in there,,,,,,,,2024-05-26 15:20:32,2024,5,May,26,6,Sunday,15,1,Afternoon,0,1,0,0,Driver Cancelled,0.0,,0,0,0,0,0,1,0
2024-10-31,09:57:36,CNR5765552,Completed,CID9915763,Bike,Kaushambi,Vaishali,11.8,16.2,,,,,,,881.0,23.04,4.5,4.4,Cash,2024-10-31 09:57:36,2024,10,October,31,3,Thursday,9,0,Morning,1,0,0,0,Completed,881.0,38.23784722222222,1,1,1,1,1,1,1
2024-05-31,05:40:12,CNR5765552,Cancelled by Customer,CID8718954,Bike,Kaushambi,Narsinghpur,7.7,,1.0,Change of plans,,,,,,,,,,2024-05-31 05:40:12,2024,5,May,31,4,Friday,5,0,Night,0,1,0,0,Customer Cancelled,0.0,,0,0,0,0,0,1,0
2024-09-21,11:47:09,CNR5777207,Completed,CID5494621,Bike,Badarpur,Barakhamba Road,8.0,35.2,,,,,,,1334.0,27.39,3.0,5.0,Cash,2024-09-21 11:47:09,2024,9,September,21,5,Saturday,11,1,Morning,1,0,0,0,Completed,1334.0,48.70390653523184,1,1,1,1,1,1,1
2024-09-10,13:18:20,CNR5777207,Completed,CID4603295,Go Sedan,Bhiwadi,Khandsa,8.8,28.4,,,,,,,455.0,6.69,4.4,4.2,UPI,2024-09-10 13:18:20,2024,9,September,10,1,Tuesday,13,0,Afternoon,1,0,0,0,Completed,455.0,68.01195814648729,1,1,1,1,1,1,1
2024-02-04,18:03:26,CNR5780709,Completed,CID2059029,Premier Sedan,Kanhaiya Nagar,Rohini,11.6,27.7,,,,,,,304.0,48.66,4.8,4.4,UPI,2024-02-04 18:03:26,2024,2,February,4,6,Sunday,18,1,Evening,1,0,0,0,Completed,304.0,6.247431154952734,1,1,1,1,1,1,1
2024-04-06,07:56:17,CNR5780709,Cancelled by Driver,CID7815387,Go Mini,Raj Nagar Extension,Greater Kailash,10.5,,,,1.0,The customer was coughing/sick,,,,,,,,2024-04-06 07:56:17,2024,4,April,6,5,Saturday,7,1,Morning,0,1,0,0,Driver Cancelled,0.0,,0,0,0,0,0,1,0
2024-01-26,11:58:02,CNR5781698,Completed,CID5101716,Bike,Sadar Bazar Gurgaon,Jor Bagh,3.2,39.0,,,,,,,518.0,34.77,4.1,4.3,UPI,2024-01-26 11:58:02,2024,1,January,26,4,Friday,11,0,Morning,1,0,0,0,Completed,518.0,14.897900488927235,1,1,1,1,1,1,1
2024-06-06,21:16:46,CNR5781698,Completed,CID2630865,Auto,Dwarka Sector 21,Laxmi Nagar,5.8,34.2,,,,,,,600.0,39.3,3.4,4.1,Cash,2024-06-06 21:16:46,2024,6,June,6,3,Thursday,21,0,Late Evening,1,0,0,0,Completed,600.0,15.267175572519085,1,1,1,1,1,1,1
2024-09-22,12:18:24,CNR5789676,Completed,CID3408420,Auto,India Gate,Patel Chowk,7.6,41.5,,,,,,,506.0,24.47,4.6,5.0,UPI,2024-09-22 12:18:24,2024,9,September,22,6,Sunday,12,1,Afternoon,1,0,0,0,Completed,506.0,20.678381691867592,1,1,1,1,1,1,1
2024-01-24,05:54:55,CNR5789676,Cancelled by Driver,CID4595018,Auto,DLF City Court,Rajouri Garden,9.0,,,,1.0,Personal & Car related issues,,,,,,,,2024-01-24 05:54:55,2024,1,January,24,2,Wednesday,5,0,Night,0,1,0,0,Driver Cancelled,0.0,,0,0,0,0,0,1,0
2024-07-27,16:09:12,CNR5798094,Cancelled by Driver,CID6341731,Go Sedan,Malviya Nagar,Rajiv Nagar,3.9,,,,1.0,The customer was coughing/sick,,,,,,,,2024-07-27 16:09:12,2024,7,July,27,5,Saturday,16,1,Afternoon,0,1,0,0,Driver Cancelled,0.0,,0,0,0,0,0,1,0
2024-06-17,11:00:13,CNR5798094,Completed,CID4620502,Auto,IIT Delhi,Noida Sector 18,9.0,42.6,,,,,,,939.0,20.32,4.2,4.7,Cash,2024-06-17 11:00:13,2024,6,June,17,0,Monday,11,0,Morning,1,0,0,0,Completed,939.0,46.210629921259844,1,1,1,1,1,1,1
2024-11-12,12:13:04,CNR5799147,Completed,CID2482541,Premier Sedan,Meerut,Anand Vihar ISBT,13.8,38.6,,,,,,,475.0,11.43,4.1,4.8,UPI,2024-11-12 12:13:04,2024,11,November,12,1,Tuesday,12,0,Afternoon,1,0,0,0,Completed,475.0,41.5573053368329,1,1,1,1,1,1,1
2024-02-06,12:02:15,CNR5799147,Incomplete,CID7230769,Auto,Adarsh Nagar,Ghitorni,3.7,19.5,,,,,1.0,Other Issue,333.0,7.01,,,Cash,2024-02-06 12:02:15,2024,2,February,6,1,Tuesday,12,0,Afternoon,0,0,1,0,Incomplete,0.0,,1,1,0,0,1,1,1
2024-01-12,21:09:51,CNR5803502,Completed,CID2673635,Go Sedan,Golf Course Road,Okhla,6.2,40.9,,,,,,,960.0,17.53,3.1,4.1,UPI,2024-01-12 21:09:51,2024,1,January,12,4,Friday,21,0,Late Evening,1,0,0,0,Completed,960.0,54.76326297775242,1,1,1,1,1,1,1
2024-02-25,14:43:25,CNR5803502,Completed,CID1575595,Auto,Udyog Bhawan,Connaught Place,6.7,37.4,,,,,,,173.0,2.48,3.5,4.2,Cash,2024-02-25 14:43:25,2024,2,February,25,6,Sunday,14,1,Afternoon,1,0,0,0,Completed,173.0,69.75806451612904,1,1,1,1,1,1,1
2024-01-18,22:58:25,CNR5812843,Cancelled by Driver,CID4146954,Auto,Jor Bagh,Rohini East,7.9,,,,1.0,Customer related issue,,,,,,,,2024-01-18 22:58:25,2024,1,January,18,3,Thursday,22,0,Late Evening,0,1,0,0,Driver Cancelled,0.0,,0,0,0,0,0,1,0
2024-09-06,19:23:34,CNR5812843,Completed,CID8301762,Go Sedan,Tilak Nagar,Rajiv Nagar,13.5,28.0,,,,,,,415.0,33.93,3.6,4.3,UPI,2024-09-06 19:23:34,2024,9,September,6,4,Friday,19,0,Evening,1,0,0,0,Completed,415.0,12.231063955201886,1,1,1,1,1,1,1
2024-06-10,18:56:09,CNR5814260,Cancelled by Driver,CID6276716,Bike,Hero Honda Chowk,Adarsh Nagar,4.2,,,,1.0,Customer related issue,,,,,,,,2024-06-10 18:56:09,2024,6,June,10,0,Monday,18,0,Evening,0,1,0,0,Driver Cancelled,0.0,,0,0,0,0,0,1,0
2024-02-07,18:42:07,CNR5814260,Completed,CID8494950,Go Mini,Tilak Nagar,Shastri Park,2.4,24.8,,,,,,,452.0,45.24,4.9,5.0,UPI,2024-02-07 18:42:07,2024,2,February,7,2,Wednesday,18,0,Evening,1,0,0,0,Completed,452.0,9.991158267020335,1,1,1,1,1,1,1
2024-05-26,05:26:06,CNR5820374,Completed,CID6283603,eBike,Jor Bagh,Indraprastha,5.4,33.7,,,,,,,1390.0,34.94,3.7,4.6,UPI,2024-05-26 05:26:06,2024,5,May,26,6,Sunday,5,1,Night,1,0,0,0,Completed,1390.0,39.782484258729255,1,1,1,1,1,1,1
2024-12-09,20:07:08,CNR5820374,Completed,CID6169465,Go Mini,Saidulajab,Janakpuri,9.8,17.7,,,,,,,945.0,35.14,4.9,4.3,Cash,2024-12-09 20:07:08,2024,12,December,9,0,Monday,20,0,Evening,1,0,0,0,Completed,945.0,26.89243027888446,1,1,1,1,1,1,1
2024-11-01,11:30:13,CNR5838157,Completed,CID5504454,Bike,Kaushambi,Akshardham,5.2,30.3,,,,,,,153.0,33.51,4.6,4.2,Uber Wallet,2024-11-01 11:30:13,2024,11,November,1,4,Friday,11,0,Morning,1,0,0,0,Completed,153.0,4.565801253357207,1,1,1,1,1,1,1
2024-05-18,21:56:31,CNR5838157,Incomplete,CID3267020,Premier Sedan,DLF Phase 3,Moolchand,9.9,16.8,,,,,1.0,Other Issue,1193.0,8.23,,,UPI,2024-05-18 21:56:31,2024,5,May,18,5,Saturday,21,1,Late Evening,0,0,1,0,Incomplete,0.0,,1,1,0,0,1,1,1
2024-07-16,08:02:33,CNR5850235,Completed,CID3114084,eBike,Gurgaon Railway Station,Malviya Nagar,10.1,20.5,,,,,,,78.0,30.66,4.2,3.8,UPI,2024-07-16 08:02:33,2024,7,July,16,1,Tuesday,8,0,Morning,1,0,0,0,Completed,78.0,2.544031311154599,1,1,1,1,1,1,1
2024-02-23,09:13:43,CNR5850235,Completed,CID5705907,Auto,Kanhaiya Nagar,Qutub Minar,11.5,31.2,,,,,,,355.0,41.79,4.3,3.8,Cash,2024-02-23 09:13:43,2024,2,February,23,4,Friday,9,0,Morning,1,0,0,0,Completed,355.0,8.494855228523571,1,1,1,1,1,1,1
2024-09-16,19:21:11,CNR5856836,Cancelled by Driver,CID7839885,eBike,Keshav Puram,Pitampura,7.6,,,,1.0,Personal & Car related issues,,,,,,,,2024-09-16 19:21:11,2024,9,September,16,0,Monday,19,0,Evening,0,1,0,0,Driver Cancelled,0.0,,0,0,0,0,0,1,0
2024-09-28,05:25:15,CNR5856836,Cancelled by Driver,CID3468944,Bike,Model Town,Paharganj,8.2,,,,1.0,Customer related issue,,,,,,,,2024-09-28 05:25:15,2024,9,September,28,5,Saturday,5,1,Night,0,1,0,0,Driver Cancelled,0.0,,0,0,0,0,0,1,0
2024-04-21,22:44:52,CNR5872480,Completed,CID3418844,Go Mini,Maidan Garhi,Chandni Chowk,9.5,33.4,,,,,,,523.0,16.91,4.0,4.6,Cash,2024-04-21 22:44:52,2024,4,April,21,6,Sunday,22,1,Late Evening,1,0,0,0,Completed,523.0,30.9284447072738,1,1,1,1,1,1,1
2024-02-03,17:26:02,CNR5872480,No Driver Found,CID4917773,Bike,Satguru Ram Singh Marg,Mansarovar Park,,,,,,,,,,,,,,2024-02-03 17:26:02,2024,2,February,3,5,Saturday,17,1,Evening,0,0,0,1,No Driver Found,0.0,,0,0,0,0,0,0,0
2024-02-27,12:16:24,CNR5875660,Incomplete,CID1634559,Go Mini,Raj Nagar Extension,Chanakyapuri,9.4,28.7,,,,,1.0,Other Issue,529.0,5.16,,,UPI,2024-02-27 12:16:24,2024,2,February,27,1,Tuesday,12,0,Afternoon,0,0,1,0,Incomplete,0.0,,1,1,0,0,1,1,1
2024-04-27,11:31:37,CNR5875660,No Driver Found,CID9448482,Premier Sedan,Janakpuri,IGNOU Road,,,,,,,,,,,,,,2024-04-27 11:31:37,2024,4,April,27,5,Saturday,11,1,Morning,0,0,0,1,No Driver Found,0.0,,0,0,0,0,0,0,0
2024-04-05,07:10:18,CNR5877874,Incomplete,CID7539696,Go Mini,Connaught Place,INA Market,9.4,14.7,,,,,1.0,Customer Demand,875.0,19.83,,,UPI,2024-04-05 07:10:18,2024,4,April,5,4,Friday,7,0,Morning,0,0,1,0,Incomplete,0.0,,1,1,0,0,1,1,1
2024-06-06,16:45:16,CNR5877874,Completed,CID9469933,Bike,Jahangirpuri,Preet Vihar,9.1,20.8,,,,,,,521.0,7.6,4.3,4.3,Cash,2024-06-06 16:45:16,2024,6,June,6,3,Thursday,16,0,Afternoon,1,0,0,0,Completed,521.0,68.55263157894737,1,1,1,1,1,1,1
2024-09-10,14:27:18,CNR5882834,Completed,CID4466068,Premier Sedan,Pitampura,Kadarpur,4.8,24.8,,,,,,,453.0,26.84,3.2,4.7,Uber Wallet,2024-09-10 14:27:18,2024,9,September,10,1,Tuesday,14,0,Afternoon,1,0,0,0,Completed,453.0,16.87779433681073,1,1,1,1,1,1,1
2024-12-19,01:19:41,CNR5882834,Incomplete,CID3279015,Go Mini,Moti Nagar,Vidhan Sabha,7.0,15.4,,,,,1.0,Other Issue,88.0,8.71,,,Cash,2024-12-19 01:19:41,2024,12,December,19,3,Thursday,1,0,Night,0,0,1,0,Incomplete,0.0,,1,1,0,0,1,1,1
2024-03-26,21:44:01,CNR5890853,Cancelled by Customer,CID2662799,Bike,Mayur Vihar,Pulbangash,19.2,,1.0,Wrong Address,,,,,,,,,,2024-03-26 21:44:01,2024,3,March,26,1,Tuesday,21,0,Late Evening,0,1,0,0,Customer Cancelled,0.0,,0,0,0,0,0,1,0
2024-11-20,09:49:14,CNR5890853,Incomplete,CID5681208,Bike,Govindpuri,Sonipat,2.2,19.4,,,,,1.0,Customer Demand,335.0,19.33,,,UPI,2024-11-20 09:49:14,2024,11,November,20,2,Wednesday,9,0,Morning,0,0,1,0,Incomplete,0.0,,1,1,0,0,1,1,1
2024-01-03,15:34:06,CNR5890921,Completed,CID6039748,Auto,Kanhaiya Nagar,Mandi House,5.7,43.3,,,,,,,901.0,8.53,4.7,3.6,Credit Card,2024-01-03 15:34:06,2024,1,January,3,2,Wednesday,15,0,Afternoon,1,0,0,0,Completed,901.0,105.6271981242673,1,1,1,1,1,1,1
2024-11-07,08:30:05,CNR5890921,Completed,CID8707367,Auto,Rajouri Garden,Delhi Gate,7.5,18.4,,,,,,,298.0,8.1,4.6,4.3,UPI,2024-11-07 08:30:05,2024,11,November,7,3,Thursday,8,0,Morning,1,0,0,0,Completed,298.0,36.79012345679013,1,1,1,1,1,1,1
2024-10-01,18:00:00,CNR5894634,Cancelled by Driver,CID4640467,Go Sedan,Central Secretariat,Ghitorni,9.2,,,,1.0,Personal & Car related issues,,,,,,,,2024-10-01 18:00:00,2024,10,October,1,1,Tuesday,18,0,Evening,0,1,0,0,Driver Cancelled,0.0,,0,0,0,0,0,1,0
2024-08-24,21:36:24,CNR5894634,Cancelled by Driver,CID7334399,Auto,Badarpur,Akshardham,7.6,,,,1.0,Personal & Car related issues,,,,,,,,2024-08-24 21:36:24,2024,8,August,24,5,Saturday,21,1,Late Evening,0,1,0,0,Driver Cancelled,0.0,,0,0,0,0,0,1,0
2024-11-09,11:41:43,CNR5895447,Completed,CID7566228,Go Mini,Shastri Park,Jama Masjid,12.8,38.3,,,,,,,714.0,15.28,3.3,4.6,UPI,2024-11-09 11:41:43,2024,11,November,9,5,Saturday,11,1,Morning,1,0,0,0,Completed,714.0,46.72774869109948,1,1,1,1,1,1,1
2024-02-15,11:50:27,CNR5895447,Completed,CID6421358,Auto,IGNOU Road,Akshardham,2.3,43.2,,,,,,,372.0,26.42,4.3,4.5,UPI,2024-02-15 11:50:27,2024,2,February,15,3,Thursday,11,0,Morning,1,0,0,0,Completed,372.0,14.08024224072672,1,1,1,1,1,1,1
2024-12-09,17:39:45,CNR5900150,Completed,CID9449489,eBike,Ghitorni,Dwarka Mor,9.9,32.6,,,,,,,421.0,23.89,4.2,5.0,UPI,2024-12-09 17:39:45,2024,12,December,9,0,Monday,17,0,Evening,1,0,0,0,Completed,421.0,17.62243616575973,1,1,1,1,1,1,1
2024-06-12,14:11:33,CNR5900150,Completed,CID3093033,Premier Sedan,IFFCO Chowk,Kaushambi,3.5,23.8,,,,,,,316.0,15.76,4.9,4.3,UPI,2024-06-12 14:11:33,2024,6,June,12,2,Wednesday,14,0,Afternoon,1,0,0,0,Completed,316.0,20.050761421319798,1,1,1,1,1,1,1
2024-06-17,12:44:34,CNR5900217,Completed,CID1805966,Go Mini,Mayur Vihar,Panchsheel Park,10.5,41.2,,,,,,,525.0,46.83,4.6,4.7,Cash,2024-06-17 12:44:34,2024,6,June,17,0,Monday,12,0,Afternoon,1,0,0,0,Completed,525.0,11.210762331838566,1,1,1,1,1,1,1
2024-09-06,19:20:07,CNR5900217,Cancelled by Driver,CID7116620,Auto,IFFCO Chowk,Faridabad Sector 15,10.6,,,,1.0,More than permitted people in there,,,,,,,,2024-09-06 19:20:07,2024,9,September,6,4,Friday,19,0,Evening,0,1,0,0,Driver Cancelled,0.0,,0,0,0,0,0,1,0
2024-06-01,10:44:52,CNR5901004,Cancelled by Customer,CID4018945,Auto,Pitampura,Green Park,13.9,,1.0,Driver is not moving towards pickup location,,,,,,,,,,2024-06-01 10:44:52,2024,6,June,1,5,Saturday,10,1,Morning,0,1,0,0,Customer Cancelled,0.0,,0,0,0,0,0,1,0
2024-10-06,12:22:33,CNR5901004,Cancelled by Driver,CID4457499,Auto,Karkarduma,IIT Delhi,9.5,,,,1.0,More than permitted people in there,,,,,,,,2024-10-06 12:22:33,2024,10,October,6,6,Sunday,12,1,Afternoon,0,1,0,0,Driver Cancelled,0.0,,0,0,0,0,0,1,0
2024-03-10,20:13:35,CNR5908072,Cancelled by Customer,CID7563863,Go Sedan,Jhilmil,Tagore Garden,12.5,,1.0,Change of plans,,,,,,,,,,2024-03-10 20:13:35,2024,3,March,10,6,Sunday,20,1,Evening,0,1,0,0,Customer Cancelled,0.0,,0,0,0,0,0,1,0
2024-11-04,08:50:54,CNR5908072,Completed,CID4357365,Auto,Delhi Gate,Ghaziabad,8.9,36.5,,,,,,,367.0,34.89,4.0,4.6,Cash,2024-11-04 08:50:54,2024,11,November,4,0,Monday,8,0,Morning,1,0,0,0,Completed,367.0,10.518773287474922,1,1,1,1,1,1,1
2024-06-16,21:45:48,CNR5910671,Cancelled by Customer,CID5353412,Bike,Kirti Nagar,IIT Delhi,15.5,,1.0,Driver is not moving towards pickup location,,,,,,,,,,2024-06-16 21:45:48,2024,6,June,16,6,Sunday,21,1,Late Evening,0,1,0,0,Customer Cancelled,0.0,,0,0,0,0,0,1,0
2024-08-02,18:34:45,CNR5910671,Cancelled by Driver,CID6161975,Premier Sedan,Vishwavidyalaya,IFFCO Chowk,5.8,,,,1.0,The customer was coughing/sick,,,,,,,,2024-08-02 18:34:45,2024,8,August,2,4,Friday,18,0,Evening,0,1,0,0,Driver Cancelled,0.0,,0,0,0,0,0,1,0
2024-07-02,17:02:13,CNR5918961,Completed,CID2771923,Uber XL,Sultanpur,Khandsa,5.1,15.9,,,,,,,99.0,3.11,4.2,4.2,Uber Wallet,2024-07-02 17:02:13,2024,7,July,2,1,Tuesday,17,0,Evening,1,0,0,0,Completed,99.0,31.832797427652736,1,1,1,1,1,1,1
2024-11-18,23:17:21,CNR5918961,Completed,CID3635287,eBike,Netaji Subhash Place,Vishwavidyalaya,10.8,36.7,,,,,,,120.0,31.31,3.7,4.2,Cash,2024-11-18 23:17:21,2024,11,November,18,0,Monday,23,0,Late Evening,1,0,0,0,Completed,120.0,3.832641328648994,1,1,1,1,1,1,1
2024-12-20,08:00:23,CNR5929207,Cancelled by Customer,CID8338324,Go Sedan,Karkarduma,Pragati Maidan,7.7,,1.0,AC is not working,,,,,,,,,,2024-12-20 08:00:23,2024,12,December,20,4,Friday,8,0,Morning,0,1,0,0,Customer Cancelled,0.0,,0,0,0,0,0,1,0
2024-11-05,03:33:07,CNR5929207,Cancelled by Driver,CID6174378,Go Mini,Mansarovar Park,Sushant Lok,4.8,,,,1.0,More than permitted people in there,,,,,,,,2024-11-05 03:33:07,2024,11,November,5,1,Tuesday,3,0,Night,0,1,0,0,Driver Cancelled,0.0,,0,0,0,0,0,1,0
2024-06-08,07:41:39,CNR5930010,Completed,CID9109747,Go Mini,Gurgaon Sector 29,Vaishali,14.5,34.1,,,,,,,776.0,23.85,4.4,4.2,Cash,2024-06-08 07:41:39,2024,6,June,8,5,Saturday,7,1,Morning,1,0,0,0,Completed,776.0,32.53668763102725,1,1,1,1,1,1,1
2024-08-20,18:20:01,CNR5930010,Cancelled by Driver,CID7609002,Go Mini,Nirman Vihar,Mundka,7.2,,,,1.0,Personal & Car related issues,,,,,,,,2024-08-20 18:20:01,2024,8,August,20,1,Tuesday,18,0,Evening,0,1,0,0,Driver Cancelled,0.0,,0,0,0,0,0,1,0
2024-05-14,21:38:49,CNR5939664,Cancelled by Customer,CID1952219,Go Mini,IFFCO Chowk,Vishwavidyalaya,12.5,,1.0,Driver asked to cancel,,,,,,,,,,2024-05-14 21:38:49,2024,5,May,14,1,Tuesday,21,0,Late Evening,0,1,0,0,Customer Cancelled,0.0,,0,0,0,0,0,1,0
2024-05-31,14:04:32,CNR5939664,Completed,CID8075908,Go Sedan,Subhash Nagar,Rajiv Chowk,12.0,29.8,,,,,,,837.0,4.87,4.4,4.2,UPI,2024-05-31 14:04:32,2024,5,May,31,4,Friday,14,0,Afternoon,1,0,0,0,Completed,837.0,171.86858316221765,1,1,1,1,1,1,1
2024-07-02,16:40:00,CNR5940884,Completed,CID7710462,Go Sedan,Inderlok,Sultanpur,9.4,20.9,,,,,,,461.0,15.14,4.6,4.6,Credit Card,2024-07-02 16:40:00,2024,7,July,2,1,Tuesday,16,0,Afternoon,1,0,0,0,Completed,461.0,30.449141347424042,1,1,1,1,1,1,1
2024-01-03,12:25:11,CNR5940884,Completed,CID2530035,Go Mini,Madipur,Delhi Gate,4.0,44.7,,,,,,,160.0,13.27,4.2,4.3,UPI,2024-01-03 12:25:11,2024,1,January,3,2,Wednesday,12,0,Afternoon,1,0,0,0,Completed,160.0,12.057272042200452,1,1,1,1,1,1,1
2024-06-25,22:48:59,CNR5952764,Completed,CID6138777,Auto,Dwarka Sector 21,Preet Vihar,8.7,15.6,,,,,,,172.0,45.69,4.5,3.7,Uber Wallet,2024-06-25 22:48:59,2024,6,June,25,1,Tuesday,22,0,Late Evening,1,0,0,0,Completed,172.0,3.7644998905668636,1,1,1,1,1,1,1
2024-09-18,11:33:27,CNR5952764,Completed,CID1583084,Auto,Paharganj,Noida Sector 62,6.6,17.8,,,,,,,277.0,23.5,3.8,4.6,Debit Card,2024-09-18 11:33:27,2024,9,September,18,2,Wednesday,11,0,Morning,1,0,0,0,Completed,277.0,11.787234042553191,1,1,1,1,1,1,1
2024-07-10,21:29:50,CNR5954664,Completed,CID3693854,Auto,Ardee City,Okhla,5.5,39.4,,,,,,,1106.0,40.75,4.6,4.7,Debit Card,2024-07-10 21:29:50,2024,7,July,10,2,Wednesday,21,0,Late Evening,1,0,0,0,Completed,1106.0,27.141104294478527,1,1,1,1,1,1,1
2024-08-15,21:52:15,CNR5954664,Completed,CID9398117,Go Mini,Jhilmil,MG Road,2.5,26.2,,,,,,,560.0,6.24,3.9,4.6,Cash,2024-08-15 21:52:15,2024,8,August,15,3,Thursday,21,0,Late Evening,1,0,0,0,Completed,560.0,89.74358974358974,1,1,1,1,1,1,1
2024-07-15,13:24:40,CNR5959506,Completed,CID7042346,Premier Sedan,Kaushambi,Khan Market,12.0,28.3,,,,,,,798.0,22.71,4.9,4.9,UPI,2024-07-15 13:24:40,2024,7,July,15,0,Monday,13,0,Afternoon,1,0,0,0,Completed,798.0,35.138705416116245,1,1,1,1,1,1,1
2024-01-28,19:32:55,CNR5959506,Completed,CID1932954,Go Mini,Noida Film City,Mandi House,10.4,35.5,,,,,,,1473.0,47.55,4.2,4.3,UPI,2024-01-28 19:32:55,2024,1,January,28,6,Sunday,19,1,Evening,1,0,0,0,Completed,1473.0,30.977917981072558,1,1,1,1,1,1,1
2024-01-02,22:17:51,CNR5969212,Completed,CID2086427,Go Mini,Khan Market,New Delhi Railway Station,8.5,33.8,,,,,,,139.0,32.76,3.5,4.1,UPI,2024-01-02 22:17:51,2024,1,January,2,1,Tuesday,22,0,Late Evening,1,0,0,0,Completed,139.0,4.242979242979243,1,1,1,1,1,1,1
2024-06-06,05:00:53,CNR5969212,Completed,CID7536315,Auto,Paharganj,Punjabi Bagh,12.4,41.0,,,,,,,497.0,20.64,4.2,4.9,Debit Card,2024-06-06 05:00:53,2024,6,June,6,3,Thursday,5,0,Night,1,0,0,0,Completed,497.0,24.079457364341085,1,1,1,1,1,1,1
2024-07-05,07:04:21,CNR5976935,Completed,CID6053462,Go Sedan,Saket A Block,Palam Vihar,9.5,34.0,,,,,,,823.0,2.05,4.2,4.5,UPI,2024-07-05 07:04:21,2024,7,July,5,4,Friday,7,0,Morning,1,0,0,0,Completed,823.0,401.4634146341464,1,1,1,1,1,1,1
2024-11-17,12:04:46,CNR5976935,Completed,CID3612203,Go Sedan,Vishwavidyalaya,Tis Hazari,9.2,29.5,,,,,,,74.0,3.08,4.1,4.6,UPI,2024-11-17 12:04:46,2024,11,November,17,6,Sunday,12,1,Afternoon,1,0,0,0,Completed,74.0,24.025974025974026,1,1,1,1,1,1,1
2024-11-18,19:35:26,CNR5992381,Cancelled by Driver,CID3834385,Auto,IGNOU Road,Tughlakabad,4.0,,,,1.0,More than permitted people in there,,,,,,,,2024-11-18 19:35:26,2024,11,November,18,0,Monday,19,0,Evening,0,1,0,0,Driver Cancelled,0.0,,0,0,0,0,0,1,0
2024-02-11,07:18:49,CNR5992381,Completed,CID4650598,eBike,Civil Lines Gurgaon,Jahangirpuri,2.6,17.1,,,,,,,959.0,35.95,4.1,4.6,UPI,2024-02-11 07:18:49,2024,2,February,11,6,Sunday,7,1,Morning,1,0,0,0,Completed,959.0,26.675938803894297,1,1,1,1,1,1,1
2024-11-26,11:18:13,CNR5997433,Completed,CID6591137,Premier Sedan,ITO,Vasant Kunj,2.1,21.0,,,,,,,132.0,27.26,3.9,3.7,Debit Card,2024-11-26 11:18:13,2024,11,November,26,1,Tuesday,11,0,Morning,1,0,0,0,Completed,132.0,4.842259721203228,1,1,1,1,1,1,1
2024-03-27,10:09:43,CNR5997433,Cancelled by Customer,CID3249698,Premier Sedan,Madipur,Akshardham,6.8,,1.0,Driver is not moving towards pickup location,,,,,,,,,,2024-03-27 10:09:43,2024,3,March,27,2,Wednesday,10,0,Morning,0,1,0,0,Customer Cancelled,0.0,,0,0,0,0,0,1,0
2024-01-01,07:43:08,CNR5998244,No Driver Found,CID7994710,Go Mini,Samaypur Badli,Kanhaiya Nagar,,,,,,,,,,,,,,2024-01-01 07:43:08,2024,1,January,1,0,Monday,7,0,Morning,0,0,0,1,No Driver Found,0.0,,0,0,0,0,0,0,0
2024-02-18,16:11:42,CNR5998244,Completed,CID2753365,Auto,Pulbangash,New Colony,12.1,31.4,,,,,,,279.0,19.5,3.3,3.1,UPI,2024-02-18 16:11:42,2024,2,February,18,6,Sunday,16,1,Afternoon,1,0,0,0,Completed,279.0,14.307692307692308,1,1,1,1,1,1,1
2024-05-16,10:02:56,CNR6003159,Cancelled by Driver,CID2426726,Auto,Laxmi Nagar,Pragati Maidan,5.3,,,,1.0,Customer related issue,,,,,,,,2024-05-16 10:02:56,2024,5,May,16,3,Thursday,10,0,Morning,0,1,0,0,Driver Cancelled,0.0,,0,0,0,0,0,1,0
2024-09-16,20:39:06,CNR6003159,Completed,CID5929909,Bike,Chanakyapuri,New Colony,14.2,30.2,,,,,,,417.0,18.27,3.2,4.3,Debit Card,2024-09-16 20:39:06,2024,9,September,16,0,Monday,20,0,Evening,1,0,0,0,Completed,417.0,22.824302134646963,1,1,1,1,1,1,1
2024-10-08,08:11:01,CNR6004258,Completed,CID2099037,Go Sedan,Pulbangash,Lok Kalyan Marg,5.5,26.8,,,,,,,238.0,48.39,4.7,4.3,Cash,2024-10-08 08:11:01,2024,10,October,8,1,Tuesday,8,0,Morning,1,0,0,0,Completed,238.0,4.918371564372804,1,1,1,1,1,1,1
2024-07-10,15:32:10,CNR6004258,Cancelled by Driver,CID5961622,Go Sedan,Shahdara,Tis Hazari,11.7,,,,1.0,More than permitted people in there,,,,,,,,2024-07-10 15:32:10,2024,7,July,10,2,Wednesday,15,0,Afternoon,0,1,0,0,Driver Cancelled,0.0,,0,0,0,0,0,1,0
2024-09-09,11:30:51,CNR6006779,Completed,CID3676603,Bike,Ashok Vihar,Sultanpur,2.6,28.8,,,,,,,464.0,28.48,4.3,4.6,UPI,2024-09-09 11:30:51,2024,9,September,9,0,Monday,11,0,Morning,1,0,0,0,Completed,464.0,16.292134831460675,1,1,1,1,1,1,1
2024-05-06,08:06:51,CNR6006779,Completed,CID4911892,Go Mini,Tughlakabad,Anand Vihar,2.5,41.6,,,,,,,312.0,9.16,4.5,3.9,Credit Card,2024-05-06 08:06:51,2024,5,May,6,0,Monday,8,0,Morning,1,0,0,0,Completed,312.0,34.06113537117904,1,1,1,1,1,1,1
2024-09-09,21:06:12,CNR6009620,Completed,CID2270231,Go Sedan,Kashmere Gate ISBT,Ashram,10.9,16.8,,,,,,,485.0,29.12,4.6,4.9,Cash,2024-09-09 21:06:12,2024,9,September,9,0,Monday,21,0,Late Evening,1,0,0,0,Completed,485.0,16.65521978021978,1,1,1,1,1,1,1
2024-05-16,09:23:20,CNR6009620,No Driver Found,CID3142532,Go Sedan,Kirti Nagar,Badshahpur,,,,,,,,,,,,,,2024-05-16 09:23:20,2024,5,May,16,3,Thursday,9,0,Morning,0,0,0,1,No Driver Found,0.0,,0,0,0,0,0,0,0
2024-02-23,21:44:27,CNR6012112,Completed,CID7992693,eBike,Chanakyapuri,Aya Nagar,14.4,36.3,,,,,,,512.0,28.27,3.9,4.3,Uber Wallet,2024-02-23 21:44:27,2024,2,February,23,4,Friday,21,0,Late Evening,1,0,0,0,Completed,512.0,18.11107180756986,1,1,1,1,1,1,1
2024-11-08,12:57:32,CNR6012112,Completed,CID9848821,Go Mini,Malviya Nagar,Old Gurgaon,10.9,43.3,,,,,,,310.0,43.92,3.8,4.3,UPI,2024-11-08 12:57:32,2024,11,November,8,4,Friday,12,0,Afternoon,1,0,0,0,Completed,310.0,7.0582877959927135,1,1,1,1,1,1,1
2024-06-13,18:03:14,CNR6019871,Completed,CID6149280,Premier Sedan,Shastri Nagar,Mansarovar Park,7.2,40.9,,,,,,,656.0,12.27,4.4,4.4,Debit Card,2024-06-13 18:03:14,2024,6,June,13,3,Thursday,18,0,Evening,1,0,0,0,Completed,656.0,53.463732681336595,1,1,1,1,1,1,1
2024-02-22,16:21:45,CNR6019871,Completed,CID7839641,Premier Sedan,Peeragarhi,Preet Vihar,3.1,33.1,,,,,,,126.0,33.69,4.5,4.4,UPI,2024-02-22 16:21:45,2024,2,February,22,3,Thursday,16,0,Afternoon,1,0,0,0,Completed,126.0,3.7399821905609976,1,1,1,1,1,1,1
2024-01-22,13:21:06,CNR6027218,Completed,CID4934982,Premier Sedan,Dwarka Sector 21,Uttam Nagar,14.4,39.8,,,,,,,115.0,15.57,4.3,4.9,Credit Card,2024-01-22 13:21:06,2024,1,January,22,0,Monday,13,0,Afternoon,1,0,0,0,Completed,115.0,7.385998715478484,1,1,1,1,1,1,1
2024-06-08,19:50:55,CNR6027218,Completed,CID2493576,Go Sedan,Welcome,Hauz Rani,5.5,17.2,,,,,,,3544.0,11.56,4.5,4.3,UPI,2024-06-08 19:50:55,2024,6,June,8,5,Saturday,19,1,Evening,1,0,0,0,Completed,3544.0,306.57439446366783,1,1,1,1,1,1,1
2024-01-25,09:26:19,CNR6053309,Cancelled by Driver,CID7283817,Premier Sedan,Kaushambi,Moti Nagar,10.7,,,,1.0,The customer was coughing/sick,,,,,,,,2024-01-25 09:26:19,2024,1,January,25,3,Thursday,9,0,Morning,0,1,0,0,Driver Cancelled,0.0,,0,0,0,0,0,1,0
2024-03-13,17:08:52,CNR6053309,Cancelled by Driver,CID1983094,Go Sedan,Sultanpur,Gurgaon Sector 29,5.9,,,,1.0,More than permitted people in there,,,,,,,,2024-03-13 17:08:52,2024,3,March,13,2,Wednesday,17,0,Evening,0,1,0,0,Driver Cancelled,0.0,,0,0,0,0,0,1,0
2024-12-04,06:21:06,CNR6062733,Completed,CID6941933,Go Sedan,Aya Nagar,South Extension,9.7,34.9,,,,,,,448.0,35.04,4.5,4.9,UPI,2024-12-04 06:21:06,2024,12,December,4,2,Wednesday,6,0,Morning,1,0,0,0,Completed,448.0,12.785388127853881,1,1,1,1,1,1,1
2024-03-19,17:38:12,CNR6062733,Cancelled by Customer,CID7309677,Auto,Sarojini Nagar,Govindpuri,16.5,,1.0,Wrong Address,,,,,,,,,,2024-03-19 17:38:12,2024,3,March,19,1,Tuesday,17,0,Evening,0,1,0,0,Customer Cancelled,0.0,,0,0,0,0,0,1,0
2024-10-06,10:29:38,CNR6070975,Cancelled by Customer,CID2795576,Go Mini,Shastri Nagar,Rajiv Nagar,8.9,,1.0,Wrong Address,,,,,,,,,,2024-10-06 10:29:38,2024,10,October,6,6,Sunday,10,1,Morning,0,1,0,0,Customer Cancelled,0.0,,0,0,0,0,0,1,0
2024-06-04,02:22:28,CNR6070975,Cancelled by Customer,CID2972691,Bike,Munirka,Dilshad Garden,17.9,,1.0,Change of plans,,,,,,,,,,2024-06-04 02:22:28,2024,6,June,4,1,Tuesday,2,0,Night,0,1,0,0,Customer Cancelled,0.0,,0,0,0,0,0,1,0
2024-03-07,12:47:24,CNR6077238,Cancelled by Driver,CID8958981,Auto,Rithala,Pulbangash,11.2,,,,1.0,Customer related issue,,,,,,,,2024-03-07 12:47:24,2024,3,March,7,3,Thursday,12,0,Afternoon,0,1,0,0,Driver Cancelled,0.0,,0,0,0,0,0,1,0
2024-04-12,05:15:33,CNR6077238,Completed,CID7017568,Premier Sedan,Badshahpur,Green Park,7.0,32.2,,,,,,,359.0,7.06,4.6,5.0,UPI,2024-04-12 05:15:33,2024,4,April,12,4,Friday,5,0,Night,1,0,0,0,Completed,359.0,50.849858356940516,1,1,1,1,1,1,1
2024-09-06,14:48:07,CNR6082846,Completed,CID9784632,Auto,IIT Delhi,Sultanpur,7.0,26.7,,,,,,,315.0,29.78,4.5,4.3,Cash,2024-09-06 14:48:07,2024,9,September,6,4,Friday,14,0,Afternoon,1,0,0,0,Completed,315.0,10.577568838146407,1,1,1,1,1,1,1
2024-12-22,18:57:19,CNR6082846,Completed,CID1336588,Go Mini,Tis Hazari,Udyog Vihar Phase 4,7.7,24.4,,,,,,,415.0,33.8,4.2,3.8,UPI,2024-12-22 18:57:19,2024,12,December,22,6,Sunday,18,1,Evening,1,0,0,0,Completed,415.0,12.27810650887574,1,1,1,1,1,1,1
2024-07-19,20:25:17,CNR6083985,Incomplete,CID9953981,Go Sedan,Maidan Garhi,Karkarduma,9.7,25.4,,,,,1.0,Other Issue,96.0,18.14,,,Cash,2024-07-19 20:25:17,2024,7,July,19,4,Friday,20,0,Evening,0,0,1,0,Incomplete,0.0,,1,1,0,0,1,1,1
2024-11-07,16:40:12,CNR6083985,Completed,CID5547115,Go Sedan,Palam Vihar,Sarai Kale Khan,5.8,17.7,,,,,,,1566.0,28.47,4.9,4.4,UPI,2024-11-07 16:40:12,2024,11,November,7,3,Thursday,16,0,Afternoon,1,0,0,0,Completed,1566.0,55.00526870389884,1,1,1,1,1,1,1
2024-11-18,10:50:03,CNR6089826,Completed,CID9604286,Auto,Udyog Vihar,Panchsheel Park,9.1,22.9,,,,,,,160.0,21.49,4.7,4.6,Uber Wallet,2024-11-18 10:50:03,2024,11,November,18,0,Monday,10,0,Morning,1,0,0,0,Completed,160.0,7.445323406235459,1,1,1,1,1,1,1
2024-07-01,12:55:08,CNR6089826,Completed,CID2118833,Go Sedan,South Extension,Preet Vihar,10.4,43.0,,,,,,,422.0,37.3,4.1,5.0,UPI,2024-07-01 12:55:08,2024,7,July,1,0,Monday,12,0,Afternoon,1,0,0,0,Completed,422.0,11.313672922252012,1,1,1,1,1,1,1
2024-02-22,16:16:59,CNR6110712,Completed,CID6472360,Go Sedan,IGI Airport,INA Market,6.0,25.1,,,,,,,173.0,35.87,3.3,4.3,Debit Card,2024-02-22 16:16:59,2024,2,February,22,3,Thursday,16,0,Afternoon,1,0,0,0,Completed,173.0,4.822971842765543,1,1,1,1,1,1,1
2024-01-26,11:52:07,CNR6110712,Completed,CID5801375,Bike,Tagore Garden,Mehrauli,6.1,19.9,,,,,,,263.0,15.13,4.5,4.5,UPI,2024-01-26 11:52:07,2024,1,January,26,4,Friday,11,0,Morning,1,0,0,0,Completed,263.0,17.382683410442826,1,1,1,1,1,1,1
2024-09-02,14:11:19,CNR6112678,Completed,CID4271482,Go Mini,Govindpuri,Inderlok,8.1,23.2,,,,,,,435.0,47.09,4.0,4.8,Debit Card,2024-09-02 14:11:19,2024,9,September,2,0,Monday,14,0,Afternoon,1,0,0,0,Completed,435.0,9.237630070078572,1,1,1,1,1,1,1
2024-04-28,12:49:41,CNR6112678,Completed,CID5033011,Auto,Tis Hazari,Indraprastha,13.1,19.2,,,,,,,408.0,27.98,4.0,4.9,UPI,2024-04-28 12:49:41,2024,4,April,28,6,Sunday,12,1,Afternoon,1,0,0,0,Completed,408.0,14.581844174410293,1,1,1,1,1,1,1
2024-01-14,11:20:18,CNR6125916,Completed,CID3320269,Premier Sedan,Rohini,Moolchand,2.8,19.9,,,,,,,308.0,26.81,4.1,4.8,UPI,2024-01-14 11:20:18,2024,1,January,14,6,Sunday,11,1,Morning,1,0,0,0,Completed,308.0,11.488250652741515,1,1,1,1,1,1,1
2024-02-17,18:33:35,CNR6125916,No Driver Found,CID2207867,Uber XL,Indirapuram,Badshahpur,,,,,,,,,,,,,,2024-02-17 18:33:35,2024,2,February,17,5,Saturday,18,1,Evening,0,0,0,1,No Driver Found,0.0,,0,0,0,0,0,0,0
2024-07-02,00:23:42,CNR6134874,Cancelled by Customer,CID9887453,Bike,Pulbangash,Nirman Vihar,16.9,,1.0,Driver asked to cancel,,,,,,,,,,2024-07-02 00:23:42,2024,7,July,2,1,Tuesday,0,0,Night,0,1,0,0,Customer Cancelled,0.0,,0,0,0,0,0,1,0
2024-07-04,13:34:43,CNR6134874,Cancelled by Driver,CID9419676,Bike,Uttam Nagar,Laxmi Nagar,8.4,,,,1.0,The customer was coughing/sick,,,,,,,,2024-07-04 13:34:43,2024,7,July,4,3,Thursday,13,0,Afternoon,0,1,0,0,Driver Cancelled,0.0,,0,0,0,0,0,1,0
2024-06-13,14:51:09,CNR6136597,Completed,CID1198806,Premier Sedan,Laxmi Nagar,Kanhaiya Nagar,11.6,22.2,,,,,,,293.0,46.56,4.7,4.5,Cash,2024-06-13 14:51:09,2024,6,June,13,3,Thursday,14,0,Afternoon,1,0,0,0,Completed,293.0,6.292955326460481,1,1,1,1,1,1,1
2024-12-28,14:58:46,CNR6136597,Completed,CID8038426,Go Mini,Inderlok,Noida Sector 18,2.2,42.9,,,,,,,137.0,34.69,4.9,5.0,Credit Card,2024-12-28 14:58:46,2024,12,December,28,5,Saturday,14,1,Afternoon,1,0,0,0,Completed,137.0,3.949264917843759,1,1,1,1,1,1,1
2024-12-19,21:42:52,CNR6138985,Cancelled by Customer,CID8428246,eBike,Udyog Vihar,Gurgaon Sector 56,5.6,,1.0,Wrong Address,,,,,,,,,,2024-12-19 21:42:52,2024,12,December,19,3,Thursday,21,0,Late Evening,0,1,0,0,Customer Cancelled,0.0,,0,0,0,0,0,1,0
2024-04-19,10:28:46,CNR6138985,Completed,CID8785217,Premier Sedan,IMT Manesar,DLF City Court,8.2,41.8,,,,,,,645.0,36.64,4.9,4.9,Cash,2024-04-19 10:28:46,2024,4,April,19,4,Friday,10,0,Morning,1,0,0,0,Completed,645.0,17.603711790393014,1,1,1,1,1,1,1
2024-07-31,18:02:05,CNR6146776,No Driver Found,CID5411837,Bike,Gurgaon Sector 56,Sikanderpur,,,,,,,,,,,,,,2024-07-31 18:02:05,2024,7,July,31,2,Wednesday,18,0,Evening,0,0,0,1,No Driver Found,0.0,,0,0,0,0,0,0,0
2024-04-02,06:43:12,CNR6146776,Completed,CID4965755,Auto,Kanhaiya Nagar,Welcome,4.5,21.6,,,,,,,594.0,41.3,4.5,4.1,UPI,2024-04-02 06:43:12,2024,4,April,2,1,Tuesday,6,0,Morning,1,0,0,0,Completed,594.0,14.382566585956418,1,1,1,1,1,1,1
2024-09-23,23:48:33,CNR6152835,Completed,CID8606596,Auto,Sarojini Nagar,DLF Phase 3,13.8,42.1,,,,,,,1887.0,41.73,4.1,4.2,Cash,2024-09-23 23:48:33,2024,9,September,23,0,Monday,23,0,Late Evening,1,0,0,0,Completed,1887.0,45.21926671459382,1,1,1,1,1,1,1
2024-02-13,15:46:15,CNR6152835,Completed,CID9212533,Auto,Subhash Chowk,Rohini,9.3,44.8,,,,,,,364.0,38.63,4.2,4.3,UPI,2024-02-13 15:46:15,2024,2,February,13,1,Tuesday,15,0,Afternoon,1,0,0,0,Completed,364.0,9.422728449391665,1,1,1,1,1,1,1
2024-10-27,08:50:16,CNR6162549,Completed,CID6967445,Bike,Vidhan Sabha,Rajouri Garden,12.3,19.6,,,,,,,303.0,46.62,4.6,4.5,UPI,2024-10-27 08:50:16,2024,10,October,27,6,Sunday,8,1,Morning,1,0,0,0,Completed,303.0,6.4993564993565,1,1,1,1,1,1,1
2024-08-21,23:58:10,CNR6162549,No Driver Found,CID5806697,Auto,Lok Kalyan Marg,Noida Sector 62,,,,,,,,,,,,,,2024-08-21 23:58:10,2024,8,August,21,2,Wednesday,23,0,Late Evening,0,0,0,1,No Driver Found,0.0,,0,0,0,0,0,0,0
2024-05-26,18:37:58,CNR6163741,Cancelled by Driver,CID8105046,Go Mini,Dwarka Sector 21,Hauz Rani,11.6,,,,1.0,Customer related issue,,,,,,,,2024-05-26 18:37:58,2024,5,May,26,6,Sunday,18,1,Evening,0,1,0,0,Driver Cancelled,0.0,,0,0,0,0,0,1,0
2024-03-29,17:53:20,CNR6163741,Completed,CID4957222,Bike,Samaypur Badli,Jhilmil,3.2,39.6,,,,,,,647.0,18.82,4.2,4.4,Debit Card,2024-03-29 17:53:20,2024,3,March,29,4,Friday,17,0,Evening,1,0,0,0,Completed,647.0,34.378320935175346,1,1,1,1,1,1,1
2024-12-26,16:08:13,CNR6173303,Completed,CID5348827,Bike,Subhash Nagar,Rajouri Garden,7.3,20.7,,,,,,,681.0,47.72,4.2,3.9,UPI,2024-12-26 16:08:13,2024,12,December,26,3,Thursday,16,0,Afternoon,1,0,0,0,Completed,681.0,14.270746018440905,1,1,1,1,1,1,1
2024-09-26,19:46:40,CNR6173303,Completed,CID6136781,Go Mini,IFFCO Chowk,New Delhi Railway Station,9.9,41.0,,,,,,,944.0,24.11,4.2,4.1,Uber Wallet,2024-09-26 19:46:40,2024,9,September,26,3,Thursday,19,0,Evening,1,0,0,0,Completed,944.0,39.15387805889672,1,1,1,1,1,1,1
2024-09-08,18:23:25,CNR6173447,Incomplete,CID9650717,Go Mini,Sushant Lok,Pitampura,8.8,27.6,,,,,1.0,Vehicle Breakdown,200.0,8.86,,,UPI,2024-09-08 18:23:25,2024,9,September,8,6,Sunday,18,1,Evening,0,0,1,0,Incomplete,0.0,,1,1,0,0,1,1,1
2024-05-29,22:35:39,CNR6173447,Completed,CID4354949,Bike,Akshardham,Maidan Garhi,9.3,18.5,,,,,,,492.0,48.12,3.8,4.1,Debit Card,2024-05-29 22:35:39,2024,5,May,29,2,Wednesday,22,0,Late Evening,1,0,0,0,Completed,492.0,10.224438902743143,1,1,1,1,1,1,1
2024-11-24,10:07:01,CNR6191270,Cancelled by Driver,CID9255012,Premier Sedan,Jama Masjid,IMT Manesar,11.6,,,,1.0,The customer was coughing/sick,,,,,,,,2024-11-24 10:07:01,2024,11,November,24,6,Sunday,10,1,Morning,0,1,0,0,Driver Cancelled,0.0,,0,0,0,0,0,1,0
2024-01-11,22:08:27,CNR6191270,Completed,CID2111340,Auto,DLF Phase 3,Vidhan Sabha,8.5,43.4,,,,,,,130.0,31.16,4.6,4.5,Uber Wallet,2024-01-11 22:08:27,2024,1,January,11,3,Thursday,22,0,Late Evening,1,0,0,0,Completed,130.0,4.17201540436457,1,1,1,1,1,1,1
2024-07-13,09:05:41,CNR6200088,Cancelled by Customer,CID3823910,eBike,Botanical Garden,Munirka,12.8,,1.0,Wrong Address,,,,,,,,,,2024-07-13 09:05:41,2024,7,July,13,5,Saturday,9,1,Morning,0,1,0,0,Customer Cancelled,0.0,,0,0,0,0,0,1,0
2024-06-26,19:09:36,CNR6200088,Completed,CID6411471,Premier Sedan,Yamuna Bank,Kirti Nagar,12.0,28.6,,,,,,,226.0,23.25,4.3,3.3,Cash,2024-06-26 19:09:36,2024,6,June,26,2,Wednesday,19,0,Evening,1,0,0,0,Completed,226.0,9.720430107526882,1,1,1,1,1,1,1
2024-03-13,08:50:49,CNR6202018,Cancelled by Driver,CID2193267,Go Sedan,DLF Phase 3,Azadpur,10.4,,,,1.0,Customer related issue,,,,,,,,2024-03-13 08:50:49,2024,3,March,13,2,Wednesday,8,0,Morning,0,1,0,0,Driver Cancelled,0.0,,0,0,0,0,0,1,0
2024-10-14,20:11:40,CNR6202018,Completed,CID9124775,Auto,Tis Hazari,Arjangarh,10.3,41.6,,,,,,,299.0,49.48,4.2,4.5,Cash,2024-10-14 20:11:40,2024,10,October,14,0,Monday,20,0,Evening,1,0,0,0,Completed,299.0,6.042845594179467,1,1,1,1,1,1,1
2024-01-02,21:38:23,CNR6206451,Cancelled by Driver,CID7805598,Auto,Govindpuri,Jhilmil,3.5,,,,1.0,Personal & Car related issues,,,,,,,,2024-01-02 21:38:23,2024,1,January,2,1,Tuesday,21,0,Late Evening,0,1,0,0,Driver Cancelled,0.0,,0,0,0,0,0,1,0
2024-09-22,09:53:43,CNR6206451,Completed,CID8799585,Bike,Ashok Park Main,Saidulajab,13.0,38.8,,,,,,,584.0,28.21,4.1,4.1,UPI,2024-09-22 09:53:43,2024,9,September,22,6,Sunday,9,1,Morning,1,0,0,0,Completed,584.0,20.701878766394895,1,1,1,1,1,1,1
2024-12-26,20:55:46,CNR6211968,Completed,CID6625823,Go Mini,Kalkaji,Maidan Garhi,9.5,33.7,,,,,,,604.0,14.84,3.6,4.6,Cash,2024-12-26 20:55:46,2024,12,December,26,3,Thursday,20,0,Evening,1,0,0,0,Completed,604.0,40.700808625336926,1,1,1,1,1,1,1
2024-06-19,07:10:20,CNR6211968,Completed,CID3561816,Auto,Mayur Vihar,Rajiv Chowk,13.4,26.4,,,,,,,88.0,3.69,4.8,4.1,Cash,2024-06-19 07:10:20,2024,6,June,19,2,Wednesday,7,0,Morning,1,0,0,0,Completed,88.0,23.848238482384826,1,1,1,1,1,1,1
2024-11-22,17:11:17,CNR6215397,Cancelled by Driver,CID3206630,Premier Sedan,Saidulajab,Rajiv Chowk,10.6,,,,1.0,Customer related issue,,,,,,,,2024-11-22 17:11:17,2024,11,November,22,4,Friday,17,0,Evening,0,1,0,0,Driver Cancelled,0.0,,0,0,0,0,0,1,0
2024-09-19,18:35:44,CNR6215397,Completed,CID5416679,Premier Sedan,Vishwavidyalaya,Khan Market,2.1,43.2,,,,,,,375.0,47.77,4.2,4.2,UPI,2024-09-19 18:35:44,2024,9,September,19,3,Thursday,18,0,Evening,1,0,0,0,Completed,375.0,7.85011513502198,1,1,1,1,1,1,1
2024-06-30,07:22:56,CNR6217349,Completed,CID2713855,Go Mini,Paschim Vihar,Chhatarpur,12.1,16.0,,,,,,,643.0,47.89,3.1,4.5,UPI,2024-06-30 07:22:56,2024,6,June,30,6,Sunday,7,1,Morning,1,0,0,0,Completed,643.0,13.426602631029443,1,1,1,1,1,1,1
2024-02-10,20:47:42,CNR6217349,Completed,CID6664438,Go Mini,Hauz Khas,Rajouri Garden,14.2,21.7,,,,,,,702.0,28.08,4.3,4.3,Uber Wallet,2024-02-10 20:47:42,2024,2,February,10,5,Saturday,20,1,Evening,1,0,0,0,Completed,702.0,25.0,1,1,1,1,1,1,1
2024-03-11,11:27:06,CNR6225023,Completed,CID1267417,Go Sedan,Rohini,Golf Course Road,10.1,26.0,,,,,,,105.0,28.56,5.0,4.3,UPI,2024-03-11 11:27:06,2024,3,March,11,0,Monday,11,0,Morning,1,0,0,0,Completed,105.0,3.6764705882352944,1,1,1,1,1,1,1
2024-11-27,15:19:37,CNR6225023,Cancelled by Driver,CID9818330,Bike,Connaught Place,Rajouri Garden,10.4,,,,1.0,More than permitted people in there,,,,,,,,2024-11-27 15:19:37,2024,11,November,27,2,Wednesday,15,0,Afternoon,0,1,0,0,Driver Cancelled,0.0,,0,0,0,0,0,1,0
2024-06-28,11:25:46,CNR6229832,Cancelled by Customer,CID2758757,Bike,MG Road,Vaishali,15.7,,1.0,Change of plans,,,,,,,,,,2024-06-28 11:25:46,2024,6,June,28,4,Friday,11,0,Morning,0,1,0,0,Customer Cancelled,0.0,,0,0,0,0,0,1,0
2024-08-25,02:14:25,CNR6229832,Completed,CID9191610,Go Sedan,Hero Honda Chowk,Sohna Road,3.1,27.7,,,,,,,574.0,14.01,4.9,4.6,UPI,2024-08-25 02:14:25,2024,8,August,25,6,Sunday,2,1,Night,1,0,0,0,Completed,574.0,40.97073518915061,1,1,1,1,1,1,1
2024-04-11,06:52:56,CNR6244113,Completed,CID4247452,Auto,Ashok Park Main,Vatika Chowk,5.6,44.5,,,,,,,112.0,30.56,5.0,4.9,Uber Wallet,2024-04-11 06:52:56,2024,4,April,11,3,Thursday,6,0,Morning,1,0,0,0,Completed,112.0,3.6649214659685865,1,1,1,1,1,1,1
2024-07-14,19:09:04,CNR6244113,Incomplete,CID5966634,Premier Sedan,Pragati Maidan,Ghitorni,9.9,22.3,,,,,1.0,Other Issue,1159.0,7.25,,,Cash,2024-07-14 19:09:04,2024,7,July,14,6,Sunday,19,1,Evening,0,0,1,0,Incomplete,0.0,,1,1,0,0,1,1,1
2024-12-15,15:29:51,CNR6248225,Completed,CID7371733,Auto,Saket A Block,Azadpur,15.0,35.2,,,,,,,1355.0,29.67,4.6,4.3,Credit Card,2024-12-15 15:29:51,2024,12,December,15,6,Sunday,15,1,Afternoon,1,0,0,0,Completed,1355.0,45.66902595214021,1,1,1,1,1,1,1
2024-10-08,12:55:44,CNR6248225,Completed,CID1114717,Go Sedan,Jhilmil,Subhash Chowk,13.0,42.7,,,,,,,391.0,18.4,3.9,3.2,Cash,2024-10-08 12:55:44,2024,10,October,8,1,Tuesday,12,0,Afternoon,1,0,0,0,Completed,391.0,21.25,1,1,1,1,1,1,1
2024-05-24,22:19:25,CNR6251168,Incomplete,CID7199493,Go Mini,Civil Lines Gurgaon,Saket A Block,8.2,16.8,,,,,1.0,Vehicle Breakdown,1278.0,1.34,,,Credit Card,2024-05-24 22:19:25,2024,5,May,24,4,Friday,22,0,Late Evening,0,0,1,0,Incomplete,0.0,,1,1,0,0,1,1,1
2024-10-13,17:32:22,CNR6251168,No Driver Found,CID2881507,Go Sedan,Kanhaiya Nagar,RK Puram,,,,,,,,,,,,,,2024-10-13 17:32:22,2024,10,October,13,6,Sunday,17,1,Evening,0,0,0,1,No Driver Found,0.0,,0,0,0,0,0,0,0
2024-12-03,19:07:33,CNR6266361,Completed,CID5488568,Go Sedan,Gurgaon Sector 56,Malviya Nagar,11.2,18.0,,,,,,,211.0,17.91,3.9,4.6,Uber Wallet,2024-12-03 19:07:33,2024,12,December,3,1,Tuesday,19,0,Evening,1,0,0,0,Completed,211.0,11.781127861529871,1,1,1,1,1,1,1
2024-11-06,20:18:02,CNR6266361,Cancelled by Customer,CID6669933,Go Sedan,Govindpuri,Kalkaji,18.2,,1.0,Change of plans,,,,,,,,,,2024-11-06 20:18:02,2024,11,November,6,2,Wednesday,20,0,Evening,0,1,0,0,Customer Cancelled,0.0,,0,0,0,0,0,1,0
2024-12-24,18:12:49,CNR6279386,Completed,CID1764632,eBike,Kaushambi,South Extension,12.5,21.2,,,,,,,499.0,46.57,4.3,4.3,Debit Card,2024-12-24 18:12:49,2024,12,December,24,1,Tuesday,18,0,Evening,1,0,0,0,Completed,499.0,10.715052608975736,1,1,1,1,1,1,1
2024-07-21,14:58:57,CNR6279386,Completed,CID4387597,Auto,Golf Course Road,Govindpuri,10.9,44.7,,,,,,,1157.0,24.42,4.3,5.0,UPI,2024-07-21 14:58:57,2024,7,July,21,6,Sunday,14,1,Afternoon,1,0,0,0,Completed,1157.0,47.37919737919738,1,1,1,1,1,1,1
2024-05-23,14:00:12,CNR6284251,Completed,CID7416034,Go Sedan,Subhash Chowk,Rajiv Nagar,7.3,24.3,,,,,,,153.0,31.48,4.2,4.8,Credit Card,2024-05-23 14:00:12,2024,5,May,23,3,Thursday,14,0,Afternoon,1,0,0,0,Completed,153.0,4.860228716645489,1,1,1,1,1,1,1
2024-03-01,19:57:28,CNR6284251,Completed,CID6396058,Auto,Gwal Pahari,Netaji Subhash Place,8.1,25.0,,,,,,,617.0,24.86,4.6,3.6,UPI,2024-03-01 19:57:28,2024,3,March,1,4,Friday,19,0,Evening,1,0,0,0,Completed,617.0,24.818986323411103,1,1,1,1,1,1,1
2024-05-02,14:28:12,CNR6289715,Completed,CID7209264,eBike,Paharganj,Preet Vihar,13.7,24.5,,,,,,,748.0,27.46,4.8,4.7,Uber Wallet,2024-05-02 14:28:12,2024,5,May,2,3,Thursday,14,0,Afternoon,1,0,0,0,Completed,748.0,27.23962126729789,1,1,1,1,1,1,1
2024-07-14,11:42:11,CNR6289715,Completed,CID1041699,Bike,Gurgaon Railway Station,Rohini,11.9,28.5,,,,,,,740.0,10.45,4.2,4.6,UPI,2024-07-14 11:42:11,2024,7,July,14,6,Sunday,11,1,Morning,1,0,0,0,Completed,740.0,70.81339712918661,1,1,1,1,1,1,1
2024-04-06,20:34:32,CNR6297864,No Driver Found,CID5047579,Go Sedan,Jama Masjid,Khandsa,,,,,,,,,,,,,,2024-04-06 20:34:32,2024,4,April,6,5,Saturday,20,1,Evening,0,0,0,1,No Driver Found,0.0,,0,0,0,0,0,0,0
2024-03-24,17:12:36,CNR6297864,Completed,CID2642155,Auto,Chandni Chowk,Govindpuri,12.2,44.8,,,,,,,746.0,40.69,4.5,4.1,UPI,2024-03-24 17:12:36,2024,3,March,24,6,Sunday,17,1,Evening,1,0,0,0,Completed,746.0,18.333742934381913,1,1,1,1,1,1,1
2024-07-22,19:26:52,CNR6300334,Completed,CID2560020,Go Mini,Maidan Garhi,Sohna Road,10.4,37.9,,,,,,,1525.0,14.69,3.9,4.9,Cash,2024-07-22 19:26:52,2024,7,July,22,0,Monday,19,0,Evening,1,0,0,0,Completed,1525.0,103.81211708645337,1,1,1,1,1,1,1
2024-09-14,10:56:07,CNR6300334,Completed,CID4022367,Auto,Delhi Gate,Old Gurgaon,7.0,21.4,,,,,,,238.0,39.58,4.5,4.9,UPI,2024-09-14 10:56:07,2024,9,September,14,5,Saturday,10,1,Morning,1,0,0,0,Completed,238.0,6.013137948458818,1,1,1,1,1,1,1
2024-03-19,20:03:24,CNR6304567,Completed,CID1135838,Premier Sedan,Anand Vihar,Aya Nagar,3.2,38.4,,,,,,,83.0,10.93,4.5,4.4,Cash,2024-03-19 20:03:24,2024,3,March,19,1,Tuesday,20,0,Evening,1,0,0,0,Completed,83.0,7.5937785910338516,1,1,1,1,1,1,1
2024-02-02,10:42:14,CNR6304567,Cancelled by Driver,CID6471864,Go Sedan,Govindpuri,Ghaziabad,10.3,,,,1.0,The customer was coughing/sick,,,,,,,,2024-02-02 10:42:14,2024,2,February,2,4,Friday,10,0,Morning,0,1,0,0,Driver Cancelled,0.0,,0,0,0,0,0,1,0
2024-06-01,17:05:59,CNR6305255,Completed,CID7613559,Auto,Moolchand,Adarsh Nagar,11.9,23.9,,,,,,,930.0,33.66,3.2,4.3,UPI,2024-06-01 17:05:59,2024,6,June,1,5,Saturday,17,1,Evening,1,0,0,0,Completed,930.0,27.629233511586456,1,1,1,1,1,1,1
2024-03-11,19:50:20,CNR6305255,Completed,CID2862734,Go Mini,IGNOU Road,Model Town,12.0,44.6,,,,,,,437.0,49.29,4.3,4.2,UPI,2024-03-11 19:50:20,2024,3,March,11,0,Monday,19,0,Evening,1,0,0,0,Completed,437.0,8.865895719212823,1,1,1,1,1,1,1
2024-09-28,12:14:37,CNR6309881,No Driver Found,CID2574344,Bike,New Colony,Palam Vihar,,,,,,,,,,,,,,2024-09-28 12:14:37,2024,9,September,28,5,Saturday,12,1,Afternoon,0,0,0,1,No Driver Found,0.0,,0,0,0,0,0,0,0
2024-10-15,21:22:09,CNR6309881,Completed,CID5983038,Bike,Ghaziabad,Yamuna Bank,2.4,30.9,,,,,,,631.0,10.72,3.7,4.4,UPI,2024-10-15 21:22:09,2024,10,October,15,1,Tuesday,21,0,Late Evening,1,0,0,0,Completed,631.0,58.861940298507456,1,1,1,1,1,1,1
2024-01-04,10:44:23,CNR6310092,Completed,CID4534138,Auto,Ghaziabad,Hero Honda Chowk,3.5,17.3,,,,,,,182.0,29.72,4.2,4.9,Cash,2024-01-04 10:44:23,2024,1,January,4,3,Thursday,10,0,Morning,1,0,0,0,Completed,182.0,6.123822341857335,1,1,1,1,1,1,1
2024-03-19,01:33:02,CNR6310092,Completed,CID1817916,Auto,Saket A Block,Chandni Chowk,4.7,20.8,,,,,,,174.0,44.22,4.1,3.7,UPI,2024-03-19 01:33:02,2024,3,March,19,1,Tuesday,1,0,Night,1,0,0,0,Completed,174.0,3.934871099050204,1,1,1,1,1,1,1
2024-09-20,22:39:43,CNR6317712,Completed,CID3559609,Go Mini,Bhiwadi,Okhla,2.3,40.0,,,,,,,718.0,12.66,4.1,4.0,Credit Card,2024-09-20 22:39:43,2024,9,September,20,4,Friday,22,0,Late Evening,1,0,0,0,Completed,718.0,56.71406003159558,1,1,1,1,1,1,1
2024-05-07,18:53:48,CNR6317712,No Driver Found,CID6165658,Go Sedan,Sultanpur,Rajouri Garden,,,,,,,,,,,,,,2024-05-07 18:53:48,2024,5,May,7,1,Tuesday,18,0,Evening,0,0,0,1,No Driver Found,0.0,,0,0,0,0,0,0,0
2024-11-25,21:58:13,CNR6337479,Completed,CID4744805,Auto,Kashmere Gate,Khan Market,10.6,21.5,,,,,,,423.0,24.84,4.5,4.9,UPI,2024-11-25 21:58:13,2024,11,November,25,0,Monday,21,0,Late Evening,1,0,0,0,Completed,423.0,17.028985507246375,1,1,1,1,1,1,1
2024-10-25,12:09:29,CNR6337479,Completed,CID6870480,eBike,Barakhamba Road,Gwal Pahari,4.5,21.0,,,,,,,635.0,9.3,3.8,4.2,UPI,2024-10-25 12:09:29,2024,10,October,25,4,Friday,12,0,Afternoon,1,0,0,0,Completed,635.0,68.27956989247312,1,1,1,1,1,1,1
2024-01-28,14:19:48,CNR6337479,Completed,CID5396601,Go Sedan,Pitampura,Chhatarpur,11.8,17.1,,,,,,,396.0,36.6,4.1,4.5,UPI,2024-01-28 14:19:48,2024,1,January,28,6,Sunday,14,1,Afternoon,1,0,0,0,Completed,396.0,10.819672131147541,1,1,1,1,1,1,1
2024-12-02,17:59:04,CNR6343144,No Driver Found,CID6891350,Premier Sedan,Lok Kalyan Marg,Sadar Bazar Gurgaon,,,,,,,,,,,,,,2024-12-02 17:59:04,2024,12,December,2,0,Monday,17,0,Evening,0,0,0,1,No Driver Found,0.0,,0,0,0,0,0,0,0
2024-06-26,22:20:01,CNR6343144,No Driver Found,CID8527086,Go Mini,Sohna Road,Moti Nagar,,,,,,,,,,,,,,2024-06-26 22:20:01,2024,6,June,26,2,Wednesday,22,0,Late Evening,0,0,0,1,No Driver Found,0.0,,0,0,0,0,0,0,0
2024-03-10,10:37:35,CNR6348242,Completed,CID6666965,Bike,Pulbangash,Hauz Khas,13.5,40.6,,,,,,,396.0,29.48,3.1,4.4,Cash,2024-03-10 10:37:35,2024,3,March,10,6,Sunday,10,1,Morning,1,0,0,0,Completed,396.0,13.432835820895523,1,1,1,1,1,1,1
2024-06-26,12:50:27,CNR6348242,Completed,CID8649187,Auto,Azadpur,New Colony,14.0,21.6,,,,,,,337.0,30.77,4.2,4.2,Credit Card,2024-06-26 12:50:27,2024,6,June,26,2,Wednesday,12,0,Afternoon,1,0,0,0,Completed,337.0,10.952226194345142,1,1,1,1,1,1,1
2024-01-29,15:39:27,CNR6357351,Cancelled by Driver,CID1172525,Premier Sedan,Delhi Gate,RK Puram,6.1,,,,1.0,Customer related issue,,,,,,,,2024-01-29 15:39:27,2024,1,January,29,0,Monday,15,0,Afternoon,0,1,0,0,Driver Cancelled,0.0,,0,0,0,0,0,1,0
2024-04-27,21:19:24,CNR6357351,Completed,CID9754953,eBike,Chirag Delhi,Rajiv Nagar,8.9,27.8,,,,,,,199.0,41.2,3.9,4.4,Debit Card,2024-04-27 21:19:24,2024,4,April,27,5,Saturday,21,1,Late Evening,1,0,0,0,Completed,199.0,4.830097087378641,1,1,1,1,1,1,1
2024-10-06,13:17:41,CNR6357662,Completed,CID3378775,Bike,Paharganj,Uttam Nagar,13.0,30.0,,,,,,,1514.0,20.63,4.3,4.7,UPI,2024-10-06 13:17:41,2024,10,October,6,6,Sunday,13,1,Afternoon,1,0,0,0,Completed,1514.0,73.38826951042172,1,1,1,1,1,1,1
2024-10-01,10:55:47,CNR6357662,Completed,CID6491144,Bike,Subhash Nagar,Manesar,13.1,38.2,,,,,,,1517.0,21.26,3.9,4.6,UPI,2024-10-01 10:55:47,2024,10,October,1,1,Tuesday,10,0,Morning,1,0,0,0,Completed,1517.0,71.35465663217309,1,1,1,1,1,1,1
2024-04-09,14:08:52,CNR6365229,Completed,CID9157666,Go Sedan,INA Market,Shahdara,2.5,24.4,,,,,,,327.0,9.82,4.3,4.3,UPI,2024-04-09 14:08:52,2024,4,April,9,1,Tuesday,14,0,Afternoon,1,0,0,0,Completed,327.0,33.29938900203666,1,1,1,1,1,1,1
2024-10-13,11:34:22,CNR6365229,Completed,CID8900831,Go Sedan,Bhiwadi,Sadar Bazar Gurgaon,6.4,35.1,,,,,,,711.0,22.1,4.2,4.7,Debit Card,2024-10-13 11:34:22,2024,10,October,13,6,Sunday,11,1,Morning,1,0,0,0,Completed,711.0,32.171945701357465,1,1,1,1,1,1,1
2024-02-19,21:01:17,CNR6377012,Completed,CID8240476,Auto,Bhiwadi,Golf Course Road,3.9,37.7,,,,,,,471.0,3.18,3.7,4.2,UPI,2024-02-19 21:01:17,2024,2,February,19,0,Monday,21,0,Late Evening,1,0,0,0,Completed,471.0,148.1132075471698,1,1,1,1,1,1,1
2024-10-25,10:00:47,CNR6377012,Incomplete,CID4289309,Auto,Hauz Rani,Ashok Park Main,4.4,22.5,,,,,1.0,Customer Demand,209.0,6.63,,,Credit Card,2024-10-25 10:00:47,2024,10,October,25,4,Friday,10,0,Morning,0,0,1,0,Incomplete,0.0,,1,1,0,0,1,1,1
2024-05-19,20:16:27,CNR6380766,Completed,CID1590448,Go Mini,Ghaziabad,Khan Market,12.6,37.4,,,,,,,625.0,47.63,4.9,3.4,UPI,2024-05-19 20:16:27,2024,5,May,19,6,Sunday,20,1,Evening,1,0,0,0,Completed,625.0,13.121981944152845,1,1,1,1,1,1,1
2024-06-21,09:53:53,CNR6380766,Completed,CID3362913,Go Mini,Lok Kalyan Marg,Bhikaji Cama Place,9.9,32.7,,,,,,,66.0,42.49,4.5,4.0,UPI,2024-06-21 09:53:53,2024,6,June,21,4,Friday,9,0,Morning,1,0,0,0,Completed,66.0,1.55330666039068,1,1,1,1,1,1,1
2024-07-27,02:43:23,CNR6390950,Completed,CID2960660,Auto,India Gate,Ashok Vihar,14.7,24.0,,,,,,,710.0,8.26,4.1,4.4,Cash,2024-07-27 02:43:23,2024,7,July,27,5,Saturday,2,1,Night,1,0,0,0,Completed,710.0,85.95641646489105,1,1,1,1,1,1,1
2024-04-20,18:51:25,CNR6390950,Completed,CID9568175,Go Mini,Model Town,Bahadurgarh,8.2,24.4,,,,,,,817.0,2.41,4.6,4.3,UPI,2024-04-20 18:51:25,2024,4,April,20,5,Saturday,18,1,Evening,1,0,0,0,Completed,817.0,339.00414937759336,1,1,1,1,1,1,1
2024-03-15,15:16:29,CNR6396070,Cancelled by Driver,CID6855388,Go Sedan,IMT Manesar,Badarpur,10.4,,,,1.0,The customer was coughing/sick,,,,,,,,2024-03-15 15:16:29,2024,3,March,15,4,Friday,15,0,Afternoon,0,1,0,0,Driver Cancelled,0.0,,0,0,0,0,0,1,0
2024-02-06,20:17:37,CNR6396070,Cancelled by Driver,CID8211831,Auto,Bhiwadi,Malviya Nagar,10.8,,,,1.0,Customer related issue,,,,,,,,2024-02-06 20:17:37,2024,2,February,6,1,Tuesday,20,0,Evening,0,1,0,0,Driver Cancelled,0.0,,0,0,0,0,0,1,0
2024-04-27,09:03:48,CNR6406784,Completed,CID5891781,Go Mini,Inderlok,Arjangarh,6.0,15.2,,,,,,,177.0,14.53,3.9,3.7,UPI,2024-04-27 09:03:48,2024,4,April,27,5,Saturday,9,1,Morning,1,0,0,0,Completed,177.0,12.18169304886442,1,1,1,1,1,1,1
2024-08-05,16:45:26,CNR6406784,Cancelled by Driver,CID7165549,Go Mini,Mehrauli,Uttam Nagar,10.3,,,,1.0,Customer related issue,,,,,,,,2024-08-05 16:45:26,2024,8,August,5,0,Monday,16,0,Afternoon,0,1,0,0,Driver Cancelled,0.0,,0,0,0,0,0,1,0
2024-02-18,17:32:28,CNR6407462,Completed,CID5424124,eBike,Raj Nagar Extension,GTB Nagar,10.6,19.4,,,,,,,1659.0,43.96,5.0,4.3,UPI,2024-02-18 17:32:28,2024,2,February,18,6,Sunday,17,1,Evening,1,0,0,0,Completed,1659.0,37.738853503184714,1,1,1,1,1,1,1
2024-09-27,16:09:06,CNR6407462,No Driver Found,CID1243313,Auto,INA Market,Dwarka Sector 21,,,,,,,,,,,,,,2024-09-27 16:09:06,2024,9,September,27,4,Friday,16,0,Afternoon,0,0,0,1,No Driver Found,0.0,,0,0,0,0,0,0,0
2024-09-19,08:28:52,CNR6412241,Completed,CID3881284,Auto,Sikanderpur,Botanical Garden,9.3,30.8,,,,,,,373.0,10.99,4.2,4.3,Uber Wallet,2024-09-19 08:28:52,2024,9,September,19,3,Thursday,8,0,Morning,1,0,0,0,Completed,373.0,33.93994540491356,1,1,1,1,1,1,1
2024-11-30,04:15:11,CNR6412241,Cancelled by Driver,CID2827412,Go Sedan,Lajpat Nagar,Satguru Ram Singh Marg,4.6,,,,1.0,Personal & Car related issues,,,,,,,,2024-11-30 04:15:11,2024,11,November,30,5,Saturday,4,1,Night,0,1,0,0,Driver Cancelled,0.0,,0,0,0,0,0,1,0
2024-05-22,14:30:31,CNR6423008,Completed,CID9516308,Go Sedan,Model Town,Green Park,4.7,25.6,,,,,,,389.0,34.37,3.1,4.2,UPI,2024-05-22 14:30:31,2024,5,May,22,2,Wednesday,14,0,Afternoon,1,0,0,0,Completed,389.0,11.318009892347979,1,1,1,1,1,1,1
2024-01-11,18:56:25,CNR6423008,Cancelled by Driver,CID7981429,eBike,Indirapuram,Vaishali,8.0,,,,1.0,More than permitted people in there,,,,,,,,2024-01-11 18:56:25,2024,1,January,11,3,Thursday,18,0,Evening,0,1,0,0,Driver Cancelled,0.0,,0,0,0,0,0,1,0
2024-08-06,17:06:02,CNR6439364,Completed,CID8023835,Go Mini,Subhash Chowk,India Gate,14.6,22.6,,,,,,,209.0,21.85,4.2,4.9,UPI,2024-08-06 17:06:02,2024,8,August,6,1,Tuesday,17,0,Evening,1,0,0,0,Completed,209.0,9.565217391304348,1,1,1,1,1,1,1
2024-10-03,14:53:54,CNR6439364,Completed,CID1901977,Auto,Sushant Lok,Aya Nagar,4.4,32.4,,,,,,,61.0,14.72,4.8,4.7,Uber Wallet,2024-10-03 14:53:54,2024,10,October,3,3,Thursday,14,0,Afternoon,1,0,0,0,Completed,61.0,4.144021739130435,1,1,1,1,1,1,1
2024-10-15,23:30:26,CNR6440540,Incomplete,CID5806588,Bike,Preet Vihar,Ghitorni Village,8.5,18.4,,,,,1.0,Other Issue,121.0,3.31,,,Cash,2024-10-15 23:30:26,2024,10,October,15,1,Tuesday,23,0,Late Evening,0,0,1,0,Incomplete,0.0,,1,1,0,0,1,1,1
2024-08-29,18:33:55,CNR6440540,Completed,CID5480698,Premier Sedan,Tilak Nagar,Vaishali,7.1,36.7,,,,,,,569.0,17.71,4.6,4.6,UPI,2024-08-29 18:33:55,2024,8,August,29,3,Thursday,18,0,Evening,1,0,0,0,Completed,569.0,32.128740824393,1,1,1,1,1,1,1
2024-04-24,21:05:17,CNR6440963,Cancelled by Customer,CID1985099,Go Sedan,Paharganj,Tis Hazari,19.8,,1.0,AC is not working,,,,,,,,,,2024-04-24 21:05:17,2024,4,April,24,2,Wednesday,21,0,Late Evening,0,1,0,0,Customer Cancelled,0.0,,0,0,0,0,0,1,0
2024-10-17,14:38:16,CNR6440963,Incomplete,CID5291415,Go Sedan,Old Gurgaon,Aya Nagar,7.7,14.4,,,,,1.0,Customer Demand,174.0,17.22,,,Credit Card,2024-10-17 14:38:16,2024,10,October,17,3,Thursday,14,0,Afternoon,0,0,1,0,Incomplete,0.0,,1,1,0,0,1,1,1
2024-09-28,12:49:49,CNR6462479,Completed,CID3379530,Bike,Connaught Place,Keshav Puram,10.3,33.4,,,,,,,420.0,23.54,4.3,4.2,Uber Wallet,2024-09-28 12:49:49,2024,9,September,28,5,Saturday,12,1,Afternoon,1,0,0,0,Completed,420.0,17.84197111299915,1,1,1,1,1,1,1
2024-08-11,21:06:20,CNR6462479,Cancelled by Driver,CID6323163,Auto,Shahdara,Sadar Bazar Gurgaon,4.1,,,,1.0,More than permitted people in there,,,,,,,,2024-08-11 21:06:20,2024,8,August,11,6,Sunday,21,1,Late Evening,0,1,0,0,Driver Cancelled,0.0,,0,0,0,0,0,1,0
2024-11-03,19:22:30,CNR6472570,Completed,CID2595483,Go Mini,Ardee City,Dilshad Garden,2.8,26.3,,,,,,,678.0,34.44,4.4,4.9,Credit Card,2024-11-03 19:22:30,2024,11,November,3,6,Sunday,19,1,Evening,1,0,0,0,Completed,678.0,19.686411149825787,1,1,1,1,1,1,1
2024-03-05,07:46:06,CNR6472570,Cancelled by Driver,CID2009103,Go Mini,South Extension,MG Road,9.0,,,,1.0,Customer related issue,,,,,,,,2024-03-05 07:46:06,2024,3,March,5,1,Tuesday,7,0,Morning,0,1,0,0,Driver Cancelled,0.0,,0,0,0,0,0,1,0
2024-05-24,09:22:05,CNR6472828,Completed,CID4917107,Go Mini,Hauz Khas,Vinobapuri,14.2,29.2,,,,,,,412.0,6.78,4.9,4.8,Cash,2024-05-24 09:22:05,2024,5,May,24,4,Friday,9,0,Morning,1,0,0,0,Completed,412.0,60.7669616519174,1,1,1,1,1,1,1
2024-01-01,08:32:24,CNR6472828,Completed,CID6596558,Go Sedan,Madipur,Mansarovar Park,9.7,23.9,,,,,,,213.0,10.56,4.3,3.5,UPI,2024-01-01 08:32:24,2024,1,January,1,0,Monday,8,0,Morning,1,0,0,0,Completed,213.0,20.170454545454543,1,1,1,1,1,1,1
2024-02-04,22:49:41,CNR6480873,Cancelled by Driver,CID4552978,Auto,Kadarpur,Sohna Road,10.6,,,,1.0,Personal & Car related issues,,,,,,,,2024-02-04 22:49:41,2024,2,February,4,6,Sunday,22,1,Late Evening,0,1,0,0,Driver Cancelled,0.0,,0,0,0,0,0,1,0
2024-03-12,18:10:44,CNR6480873,Completed,CID4967764,Go Sedan,Huda City Centre,IMT Manesar,10.6,36.3,,,,,,,466.0,20.76,4.2,4.3,Cash,2024-03-12 18:10:44,2024,3,March,12,1,Tuesday,18,0,Evening,1,0,0,0,Completed,466.0,22.447013487475914,1,1,1,1,1,1,1
2024-04-03,19:19:15,CNR6485940,Completed,CID7879201,Premier Sedan,Rajiv Nagar,Vaishali,10.5,43.7,,,,,,,357.0,43.65,4.9,4.5,Uber Wallet,2024-04-03 19:19:15,2024,4,April,3,2,Wednesday,19,0,Evening,1,0,0,0,Completed,357.0,8.178694158075603,1,1,1,1,1,1,1
2024-07-14,06:33:21,CNR6485940,Completed,CID2833105,eBike,Bahadurgarh,Satguru Ram Singh Marg,14.1,42.8,,,,,,,431.0,23.38,3.8,3.8,UPI,2024-07-14 06:33:21,2024,7,July,14,6,Sunday,6,1,Morning,1,0,0,0,Completed,431.0,18.434559452523526,1,1,1,1,1,1,1
2024-01-04,14:25:22,CNR6486767,Incomplete,CID9735248,Premier Sedan,Nehru Place,Sonipat,6.0,27.1,,,,,1.0,Other Issue,855.0,17.89,,,Cash,2024-01-04 14:25:22,2024,1,January,4,3,Thursday,14,0,Afternoon,0,0,1,0,Incomplete,0.0,,1,1,0,0,1,1,1
2024-08-31,17:40:44,CNR6486767,Cancelled by Driver,CID6953878,Go Sedan,DLF Phase 3,Inderlok,8.6,,,,1.0,Personal & Car related issues,,,,,,,,2024-08-31 17:40:44,2024,8,August,31,5,Saturday,17,1,Evening,0,1,0,0,Driver Cancelled,0.0,,0,0,0,0,0,1,0
2024-03-14,11:19:03,CNR6493070,Cancelled by Customer,CID3227167,Go Sedan,Central Secretariat,Rohini East,19.4,,1.0,Change of plans,,,,,,,,,,2024-03-14 11:19:03,2024,3,March,14,3,Thursday,11,0,Morning,0,1,0,0,Customer Cancelled,0.0,,0,0,0,0,0,1,0
2024-12-14,17:06:19,CNR6493070,Incomplete,CID6304835,Auto,Samaypur Badli,Subhash Nagar,3.6,21.5,,,,,1.0,Vehicle Breakdown,1378.0,1.95,,,Cash,2024-12-14 17:06:19,2024,12,December,14,5,Saturday,17,1,Evening,0,0,1,0,Incomplete,0.0,,1,1,0,0,1,1,1
2024-01-10,08:47:10,CNR6510604,Completed,CID6284420,eBike,Chirag Delhi,Saidulajab,5.5,39.2,,,,,,,236.0,39.43,4.5,3.6,UPI,2024-01-10 08:47:10,2024,1,January,10,2,Wednesday,8,0,Morning,1,0,0,0,Completed,236.0,5.985290388029419,1,1,1,1,1,1,1
2024-10-16,21:36:44,CNR6510604,Completed,CID8783993,Auto,Rajouri Garden,Punjabi Bagh,10.2,25.8,,,,,,,595.0,21.44,3.7,4.2,UPI,2024-10-16 21:36:44,2024,10,October,16,2,Wednesday,21,0,Late Evening,1,0,0,0,Completed,595.0,27.751865671641788,1,1,1,1,1,1,1
2024-10-12,17:38:20,CNR6512890,Completed,CID2408561,Go Mini,Adarsh Nagar,Samaypur Badli,8.4,19.7,,,,,,,257.0,32.71,3.4,3.6,Cash,2024-10-12 17:38:20,2024,10,October,12,5,Saturday,17,1,Evening,1,0,0,0,Completed,257.0,7.856924487924182,1,1,1,1,1,1,1
2024-06-13,14:28:19,CNR6512890,Completed,CID6048585,Premier Sedan,Tughlakabad,Old Gurgaon,13.9,19.1,,,,,,,647.0,3.6,3.3,4.6,Credit Card,2024-06-13 14:28:19,2024,6,June,13,3,Thursday,14,0,Afternoon,1,0,0,0,Completed,647.0,179.72222222222223,1,1,1,1,1,1,1
2024-12-06,18:45:13,CNR6517340,Completed,CID7727594,Go Sedan,Badshahpur,Nawada,12.3,24.8,,,,,,,69.0,37.0,3.7,3.3,UPI,2024-12-06 18:45:13,2024,12,December,6,4,Friday,18,0,Evening,1,0,0,0,Completed,69.0,1.864864864864865,1,1,1,1,1,1,1
2024-06-14,21:49:11,CNR6517340,Cancelled by Driver,CID9148647,Bike,Gwal Pahari,Ghaziabad,4.8,,,,1.0,The customer was coughing/sick,,,,,,,,2024-06-14 21:49:11,2024,6,June,14,4,Friday,21,0,Late Evening,0,1,0,0,Driver Cancelled,0.0,,0,0,0,0,0,1,0
2024-02-25,15:39:12,CNR6538240,Completed,CID1763572,eBike,Pataudi Chowk,Shahdara,10.1,33.7,,,,,,,1365.0,30.37,4.9,4.2,UPI,2024-02-25 15:39:12,2024,2,February,25,6,Sunday,15,1,Afternoon,1,0,0,0,Completed,1365.0,44.945670069147184,1,1,1,1,1,1,1
2024-02-06,05:05:25,CNR6538240,Cancelled by Driver,CID6232425,Premier Sedan,Mundka,INA Market,3.6,,,,1.0,Customer related issue,,,,,,,,2024-02-06 05:05:25,2024,2,February,6,1,Tuesday,5,0,Night,0,1,0,0,Driver Cancelled,0.0,,0,0,0,0,0,1,0
2024-10-09,22:55:33,CNR6551845,Cancelled by Driver,CID5979811,Go Mini,Green Park,Narsinghpur,9.3,,,,1.0,The customer was coughing/sick,,,,,,,,2024-10-09 22:55:33,2024,10,October,9,2,Wednesday,22,0,Late Evening,0,1,0,0,Driver Cancelled,0.0,,0,0,0,0,0,1,0
2024-10-02,21:11:25,CNR6551845,Completed,CID3955132,Bike,Udyog Bhawan,Ashok Park Main,14.4,21.8,,,,,,,120.0,2.69,4.1,4.6,UPI,2024-10-02 21:11:25,2024,10,October,2,2,Wednesday,21,0,Late Evening,1,0,0,0,Completed,120.0,44.60966542750929,1,1,1,1,1,1,1
2024-09-11,07:59:53,CNR6557297,Completed,CID4925726,Auto,Mayur Vihar,South Extension,7.0,20.1,,,,,,,91.0,4.48,4.3,4.9,UPI,2024-09-11 07:59:53,2024,9,September,11,2,Wednesday,7,0,Morning,1,0,0,0,Completed,91.0,20.312499999999996,1,1,1,1,1,1,1
2024-03-15,12:56:54,CNR6557297,Completed,CID6799240,Premier Sedan,Sonipat,Kadarpur,12.2,16.4,,,,,,,223.0,12.29,4.7,4.1,Debit Card,2024-03-15 12:56:54,2024,3,March,15,4,Friday,12,0,Afternoon,1,0,0,0,Completed,223.0,18.144833197721727,1,1,1,1,1,1,1
2024-12-17,07:17:15,CNR6560437,Completed,CID7837786,Premier Sedan,Sarai Kale Khan,Patel Chowk,7.2,34.6,,,,,,,966.0,21.4,4.3,4.2,Uber Wallet,2024-12-17 07:17:15,2024,12,December,17,1,Tuesday,7,0,Morning,1,0,0,0,Completed,966.0,45.14018691588785,1,1,1,1,1,1,1
2024-10-26,16:23:16,CNR6560437,Completed,CID5229626,Auto,Munirka,Central Secretariat,5.2,28.6,,,,,,,358.0,44.4,4.6,4.1,UPI,2024-10-26 16:23:16,2024,10,October,26,5,Saturday,16,1,Afternoon,1,0,0,0,Completed,358.0,8.063063063063064,1,1,1,1,1,1,1
2024-11-06,11:56:14,CNR6561698,No Driver Found,CID8701950,Bike,Satguru Ram Singh Marg,Peeragarhi,,,,,,,,,,,,,,2024-11-06 11:56:14,2024,11,November,6,2,Wednesday,11,0,Morning,0,0,0,1,No Driver Found,0.0,,0,0,0,0,0,0,0
2024-05-19,20:34:33,CNR6561698,Completed,CID2031360,Auto,Hauz Rani,IGI Airport,4.6,28.1,,,,,,,598.0,19.84,4.3,4.6,UPI,2024-05-19 20:34:33,2024,5,May,19,6,Sunday,20,1,Evening,1,0,0,0,Completed,598.0,30.141129032258064,1,1,1,1,1,1,1
2024-08-22,19:33:10,CNR6579717,Completed,CID9917238,Uber XL,Kalkaji,Vinobapuri,4.6,26.7,,,,,,,386.0,13.29,4.7,5.0,UPI,2024-08-22 19:33:10,2024,8,August,22,3,Thursday,19,0,Evening,1,0,0,0,Completed,386.0,29.0443942814146,1,1,1,1,1,1,1
2024-01-14,11:43:47,CNR6579717,Completed,CID4100075,Auto,Moolchand,Chhatarpur,4.9,35.6,,,,,,,216.0,15.3,4.4,4.4,UPI,2024-01-14 11:43:47,2024,1,January,14,6,Sunday,11,1,Morning,1,0,0,0,Completed,216.0,14.117647058823529,1,1,1,1,1,1,1
2024-01-15,20:31:03,CNR6598572,Completed,CID6405627,Go Mini,Ambience Mall,Pitampura,9.5,27.8,,,,,,,566.0,13.73,4.2,5.0,UPI,2024-01-15 20:31:03,2024,1,January,15,0,Monday,20,0,Evening,1,0,0,0,Completed,566.0,41.22359796067006,1,1,1,1,1,1,1
2024-08-04,09:22:08,CNR6598572,Cancelled by Driver,CID3470027,Auto,INA Market,Anand Vihar,4.1,,,,1.0,Customer related issue,,,,,,,,2024-08-04 09:22:08,2024,8,August,4,6,Sunday,9,1,Morning,0,1,0,0,Driver Cancelled,0.0,,0,0,0,0,0,1,0
2024-05-16,17:46:15,CNR6606332,Completed,CID1419767,Auto,Mehrauli,Udyog Bhawan,10.9,24.1,,,,,,,961.0,32.22,4.6,4.6,UPI,2024-05-16 17:46:15,2024,5,May,16,3,Thursday,17,0,Evening,1,0,0,0,Completed,961.0,29.826194909993795,1,1,1,1,1,1,1
2024-05-07,22:13:28,CNR6606332,Completed,CID2031391,Auto,Noida Extension,Ghitorni Village,11.0,18.1,,,,,,,227.0,41.61,4.6,4.3,UPI,2024-05-07 22:13:28,2024,5,May,7,1,Tuesday,22,0,Late Evening,1,0,0,0,Completed,227.0,5.455419370343668,1,1,1,1,1,1,1
2024-10-08,11:55:01,CNR6624142,Incomplete,CID1512012,Premier Sedan,Peeragarhi,Adarsh Nagar,3.6,14.1,,,,,1.0,Other Issue,141.0,13.79,,,UPI,2024-10-08 11:55:01,2024,10,October,8,1,Tuesday,11,0,Morning,0,0,1,0,Incomplete,0.0,,1,1,0,0,1,1,1
2024-09-24,18:09:15,CNR6624142,Completed,CID7780456,Auto,Sohna Road,Inderlok,12.9,19.4,,,,,,,344.0,36.17,3.5,4.8,Credit Card,2024-09-24 18:09:15,2024,9,September,24,1,Tuesday,18,0,Evening,1,0,0,0,Completed,344.0,9.510644180259883,1,1,1,1,1,1,1
2024-01-14,16:25:00,CNR6632266,Cancelled by Driver,CID5595827,Auto,Old Gurgaon,Aya Nagar,11.6,,,,1.0,More than permitted people in there,,,,,,,,2024-01-14 16:25:00,2024,1,January,14,6,Sunday,16,1,Afternoon,0,1,0,0,Driver Cancelled,0.0,,0,0,0,0,0,1,0
2024-01-22,20:31:53,CNR6632266,Cancelled by Driver,CID6270431,Auto,Ghitorni,Sikanderpur,11.3,,,,1.0,Customer related issue,,,,,,,,2024-01-22 20:31:53,2024,1,January,22,0,Monday,20,0,Evening,0,1,0,0,Driver Cancelled,0.0,,0,0,0,0,0,1,0
2024-09-26,12:05:25,CNR6632870,Completed,CID1997753,Bike,Kashmere Gate,Munirka,2.7,31.2,,,,,,,487.0,47.26,3.2,4.6,UPI,2024-09-26 12:05:25,2024,9,September,26,3,Thursday,12,0,Afternoon,1,0,0,0,Completed,487.0,10.30469741853576,1,1,1,1,1,1,1
2024-06-12,04:05:11,CNR6632870,Completed,CID8631917,Premier Sedan,Hero Honda Chowk,Chirag Delhi,8.0,43.8,,,,,,,761.0,25.65,4.9,4.2,UPI,2024-06-12 04:05:11,2024,6,June,12,2,Wednesday,4,0,Night,1,0,0,0,Completed,761.0,29.66861598440546,1,1,1,1,1,1,1
2024-09-16,19:55:15,CNR6633080,Completed,CID4220908,Premier Sedan,Panchsheel Park,Rajouri Garden,8.6,44.2,,,,,,,144.0,20.09,4.6,3.7,Uber Wallet,2024-09-16 19:55:15,2024,9,September,16,0,Monday,19,0,Evening,1,0,0,0,Completed,144.0,7.1677451468392235,1,1,1,1,1,1,1
2024-01-27,12:27:55,CNR6633080,Completed,CID8604075,Go Mini,Karol Bagh,Greater Kailash,8.7,16.2,,,,,,,1119.0,37.01,4.7,4.8,UPI,2024-01-27 12:27:55,2024,1,January,27,5,Saturday,12,1,Afternoon,1,0,0,0,Completed,1119.0,30.23507160226966,1,1,1,1,1,1,1
2024-03-05,10:45:12,CNR6636139,No Driver Found,CID2887542,Go Sedan,Connaught Place,Gurgaon Sector 56,,,,,,,,,,,,,,2024-03-05 10:45:12,2024,3,March,5,1,Tuesday,10,0,Morning,0,0,0,1,No Driver Found,0.0,,0,0,0,0,0,0,0
2024-11-02,09:26:11,CNR6636139,Completed,CID9234310,Go Mini,Sonipat,Ambience Mall,12.8,42.8,,,,,,,370.0,41.46,4.8,3.3,Cash,2024-11-02 09:26:11,2024,11,November,2,5,Saturday,9,1,Morning,1,0,0,0,Completed,370.0,8.924264351181861,1,1,1,1,1,1,1
2024-10-26,09:43:44,CNR6639061,Completed,CID2563877,eBike,Ashram,Ramesh Nagar,9.0,32.6,,,,,,,696.0,10.85,4.6,4.9,UPI,2024-10-26 09:43:44,2024,10,October,26,5,Saturday,9,1,Morning,1,0,0,0,Completed,696.0,64.14746543778801,1,1,1,1,1,1,1
2024-08-20,08:02:28,CNR6639061,Cancelled by Driver,CID8432358,Auto,Chirag Delhi,Okhla,8.1,,,,1.0,More than permitted people in there,,,,,,,,2024-08-20 08:02:28,2024,8,August,20,1,Tuesday,8,0,Morning,0,1,0,0,Driver Cancelled,0.0,,0,0,0,0,0,1,0
2024-05-10,07:30:29,CNR6687717,Incomplete,CID6131269,Premier Sedan,Dwarka Mor,IGNOU Road,5.6,16.6,,,,,1.0,Vehicle Breakdown,797.0,8.78,,,UPI,2024-05-10 07:30:29,2024,5,May,10,4,Friday,7,0,Morning,0,0,1,0,Incomplete,0.0,,1,1,0,0,1,1,1
2024-12-03,20:10:38,CNR6687717,Completed,CID5223060,Auto,Ghitorni Village,Greater Noida,3.2,43.1,,,,,,,79.0,7.03,4.6,4.9,Cash,2024-12-03 20:10:38,2024,12,December,3,1,Tuesday,20,0,Evening,1,0,0,0,Completed,79.0,11.2375533428165,1,1,1,1,1,1,1
2024-05-27,09:01:19,CNR6694573,Cancelled by Driver,CID4896983,Auto,IIT Delhi,Rajiv Nagar,11.8,,,,1.0,Personal & Car related issues,,,,,,,,2024-05-27 09:01:19,2024,5,May,27,0,Monday,9,0,Morning,0,1,0,0,Driver Cancelled,0.0,,0,0,0,0,0,1,0
2024-11-28,18:45:26,CNR6694573,Cancelled by Driver,CID6925071,Go Mini,Panipat,Kirti Nagar,10.2,,,,1.0,The customer was coughing/sick,,,,,,,,2024-11-28 18:45:26,2024,11,November,28,3,Thursday,18,0,Evening,0,1,0,0,Driver Cancelled,0.0,,0,0,0,0,0,1,0
2024-10-07,07:40:45,CNR6701552,Cancelled by Driver,CID7674639,Bike,Sikanderpur,Ashok Vihar,7.3,,,,1.0,More than permitted people in there,,,,,,,,2024-10-07 07:40:45,2024,10,October,7,0,Monday,7,0,Morning,0,1,0,0,Driver Cancelled,0.0,,0,0,0,0,0,1,0
2024-09-13,11:16:17,CNR6701552,Completed,CID2938332,Auto,Ashok Vihar,Mandi House,2.2,38.8,,,,,,,332.0,2.17,4.0,4.5,UPI,2024-09-13 11:16:17,2024,9,September,13,4,Friday,11,0,Morning,1,0,0,0,Completed,332.0,152.99539170506912,1,1,1,1,1,1,1
2024-10-11,07:06:56,CNR6707459,Cancelled by Driver,CID4497344,Go Mini,Chirag Delhi,Kaushambi,8.7,,,,1.0,The customer was coughing/sick,,,,,,,,2024-10-11 07:06:56,2024,10,October,11,4,Friday,7,0,Morning,0,1,0,0,Driver Cancelled,0.0,,0,0,0,0,0,1,0
2024-09-30,19:18:52,CNR6707459,Completed,CID6161759,Go Sedan,Subhash Nagar,Gurgaon Sector 29,8.2,16.2,,,,,,,614.0,34.92,4.1,4.9,UPI,2024-09-30 19:18:52,2024,9,September,30,0,Monday,19,0,Evening,1,0,0,0,Completed,614.0,17.58304696449026,1,1,1,1,1,1,1
2024-09-04,10:15:59,CNR6718203,No Driver Found,CID5591167,Go Sedan,MG Road,Kashmere Gate ISBT,,,,,,,,,,,,,,2024-09-04 10:15:59,2024,9,September,4,2,Wednesday,10,0,Morning,0,0,0,1,No Driver Found,0.0,,0,0,0,0,0,0,0
2024-09-03,20:16:42,CNR6718203,Completed,CID1046765,Auto,Ramesh Nagar,Aya Nagar,14.7,32.8,,,,,,,214.0,35.79,3.9,4.4,Cash,2024-09-03 20:16:42,2024,9,September,3,1,Tuesday,20,0,Evening,1,0,0,0,Completed,214.0,5.979323833473037,1,1,1,1,1,1,1
2024-11-19,22:58:55,CNR6722057,Completed,CID6575637,Go Sedan,Khan Market,Noida Sector 62,3.0,21.3,,,,,,,270.0,15.44,3.7,5.0,Credit Card,2024-11-19 22:58:55,2024,11,November,19,1,Tuesday,22,0,Late Evening,1,0,0,0,Completed,270.0,17.487046632124354,1,1,1,1,1,1,1
2024-01-14,16:02:17,CNR6722057,Cancelled by Driver,CID4891310,Uber XL,Jama Masjid,Greater Kailash,12.0,,,,1.0,More than permitted people in there,,,,,,,,2024-01-14 16:02:17,2024,1,January,14,6,Sunday,16,1,Afternoon,0,1,0,0,Driver Cancelled,0.0,,0,0,0,0,0,1,0
2024-07-10,17:08:15,CNR6733820,Completed,CID8064252,Go Mini,Nehru Place,Raj Nagar Extension,11.2,44.1,,,,,,,729.0,17.99,4.7,3.8,UPI,2024-07-10 17:08:15,2024,7,July,10,2,Wednesday,17,0,Evening,1,0,0,0,Completed,729.0,40.52251250694831,1,1,1,1,1,1,1
2024-07-28,05:00:10,CNR6733820,Cancelled by Driver,CID5368890,Premier Sedan,GTB Nagar,Tis Hazari,7.0,,,,1.0,Customer related issue,,,,,,,,2024-07-28 05:00:10,2024,7,July,28,6,Sunday,5,1,Night,0,1,0,0,Driver Cancelled,0.0,,0,0,0,0,0,1,0
2024-11-28,09:57:35,CNR6747664,Completed,CID3749970,Bike,Golf Course Road,Shastri Park,5.6,34.4,,,,,,,965.0,39.35,4.1,4.3,Cash,2024-11-28 09:57:35,2024,11,November,28,3,Thursday,9,0,Morning,1,0,0,0,Completed,965.0,24.52350698856417,1,1,1,1,1,1,1
2024-02-18,10:58:19,CNR6747664,Cancelled by Driver,CID8209334,Go Mini,RK Puram,Rohini East,9.5,,,,1.0,More than permitted people in there,,,,,,,,2024-02-18 10:58:19,2024,2,February,18,6,Sunday,10,1,Morning,0,1,0,0,Driver Cancelled,0.0,,0,0,0,0,0,1,0
2024-11-24,19:22:17,CNR6752982,Incomplete,CID4134906,Auto,Hero Honda Chowk,Green Park,9.6,21.0,,,,,1.0,Vehicle Breakdown,116.0,2.07,,,UPI,2024-11-24 19:22:17,2024,11,November,24,6,Sunday,19,1,Evening,0,0,1,0,Incomplete,0.0,,1,1,0,0,1,1,1
2024-04-04,16:21:11,CNR6752982,No Driver Found,CID3674303,Go Mini,Huda City Centre,Janakpuri,,,,,,,,,,,,,,2024-04-04 16:21:11,2024,4,April,4,3,Thursday,16,0,Afternoon,0,0,0,1,No Driver Found,0.0,,0,0,0,0,0,0,0
2024-07-08,06:02:39,CNR6770460,Completed,CID6588673,Bike,Mayur Vihar,Vaishali,10.3,44.1,,,,,,,831.0,16.41,3.7,4.8,Cash,2024-07-08 06:02:39,2024,7,July,8,0,Monday,6,0,Morning,1,0,0,0,Completed,831.0,50.63985374771481,1,1,1,1,1,1,1
2024-06-07,20:25:06,CNR6770460,Cancelled by Driver,CID7171650,Auto,Vinobapuri,DLF Phase 3,8.0,,,,1.0,More than permitted people in there,,,,,,,,2024-06-07 20:25:06,2024,6,June,7,4,Friday,20,0,Evening,0,1,0,0,Driver Cancelled,0.0,,0,0,0,0,0,1,0
2024-02-02,15:40:32,CNR6774293,No Driver Found,CID9803821,Go Mini,INA Market,Vasant Kunj,,,,,,,,,,,,,,2024-02-02 15:40:32,2024,2,February,2,4,Friday,15,0,Afternoon,0,0,0,1,No Driver Found,0.0,,0,0,0,0,0,0,0
2024-05-18,10:48:21,CNR6774293,No Driver Found,CID9040875,Bike,Okhla,Vidhan Sabha,,,,,,,,,,,,,,2024-05-18 10:48:21,2024,5,May,18,5,Saturday,10,1,Morning,0,0,0,1,No Driver Found,0.0,,0,0,0,0,0,0,0
2024-12-08,07:42:26,CNR6784201,Completed,CID8638326,Go Sedan,Rohini,Kanhaiya Nagar,5.1,35.1,,,,,,,301.0,34.53,4.2,3.9,UPI,2024-12-08 07:42:26,2024,12,December,8,6,Sunday,7,1,Morning,1,0,0,0,Completed,301.0,8.717057631045467,1,1,1,1,1,1,1
2024-07-17,10:52:53,CNR6784201,Completed,CID3806549,Premier Sedan,Netaji Subhash Place,Azadpur,8.9,32.1,,,,,,,480.0,25.93,4.4,4.9,UPI,2024-07-17 10:52:53,2024,7,July,17,2,Wednesday,10,0,Morning,1,0,0,0,Completed,480.0,18.511376783648284,1,1,1,1,1,1,1
2024-05-12,19:29:02,CNR6801061,Completed,CID5024924,Auto,Bahadurgarh,IGNOU Road,2.7,15.7,,,,,,,635.0,32.33,4.2,4.3,Uber Wallet,2024-05-12 19:29:02,2024,5,May,12,6,Sunday,19,1,Evening,1,0,0,0,Completed,635.0,19.641200123724097,1,1,1,1,1,1,1
2024-03-18,15:54:43,CNR6801061,Completed,CID5813690,Go Sedan,Noida Film City,Mayur Vihar,9.3,29.7,,,,,,,166.0,16.85,4.2,4.4,UPI,2024-03-18 15:54:43,2024,3,March,18,0,Monday,15,0,Afternoon,1,0,0,0,Completed,166.0,9.851632047477745,1,1,1,1,1,1,1
2024-06-09,20:48:21,CNR6803463,Completed,CID1024505,Go Mini,Shivaji Park,Tagore Garden,13.0,35.5,,,,,,,231.0,9.02,4.3,4.3,Cash,2024-06-09 20:48:21,2024,6,June,9,6,Sunday,20,1,Evening,1,0,0,0,Completed,231.0,25.609756097560975,1,1,1,1,1,1,1
2024-11-04,10:03:35,CNR6803463,Completed,CID5104357,Go Sedan,Saket A Block,Pataudi Chowk,4.4,39.8,,,,,,,167.0,31.98,4.3,4.1,Cash,2024-11-04 10:03:35,2024,11,November,4,0,Monday,10,0,Morning,1,0,0,0,Completed,167.0,5.222013758599124,1,1,1,1,1,1,1
2024-09-04,19:26:17,CNR6804934,Cancelled by Driver,CID7741154,Auto,Greater Kailash,Noida Sector 62,7.3,,,,1.0,More than permitted people in there,,,,,,,,2024-09-04 19:26:17,2024,9,September,4,2,Wednesday,19,0,Evening,0,1,0,0,Driver Cancelled,0.0,,0,0,0,0,0,1,0
2024-06-01,19:31:11,CNR6804934,Completed,CID2022204,Auto,Karkarduma,Akshardham,14.3,18.6,,,,,,,285.0,40.27,4.1,4.6,UPI,2024-06-01 19:31:11,2024,6,June,1,5,Saturday,19,1,Evening,1,0,0,0,Completed,285.0,7.077228706232927,1,1,1,1,1,1,1
2024-01-04,07:03:30,CNR6829154,Completed,CID3922397,Go Mini,Pataudi Chowk,Delhi Gate,13.9,30.9,,,,,,,204.0,7.18,4.6,4.6,Uber Wallet,2024-01-04 07:03:30,2024,1,January,4,3,Thursday,7,0,Morning,1,0,0,0,Completed,204.0,28.41225626740947,1,1,1,1,1,1,1
2024-11-19,20:40:25,CNR6829154,No Driver Found,CID7580946,Auto,Connaught Place,Meerut,,,,,,,,,,,,,,2024-11-19 20:40:25,2024,11,November,19,1,Tuesday,20,0,Evening,0,0,0,1,No Driver Found,0.0,,0,0,0,0,0,0,0
2024-02-04,19:00:52,CNR6834292,No Driver Found,CID9014731,Go Mini,Chanakyapuri,Vidhan Sabha,,,,,,,,,,,,,,2024-02-04 19:00:52,2024,2,February,4,6,Sunday,19,1,Evening,0,0,0,1,No Driver Found,0.0,,0,0,0,0,0,0,0
2024-05-22,17:08:53,CNR6834292,Completed,CID9909528,Bike,Shahdara,RK Puram,4.8,28.4,,,,,,,304.0,24.45,3.7,3.6,Uber Wallet,2024-05-22 17:08:53,2024,5,May,22,2,Wednesday,17,0,Evening,1,0,0,0,Completed,304.0,12.433537832310838,1,1,1,1,1,1,1
2024-09-05,17:29:45,CNR6837270,Completed,CID9372970,eBike,Karkarduma,Chhatarpur,11.2,35.1,,,,,,,960.0,27.73,3.8,4.8,Uber Wallet,2024-09-05 17:29:45,2024,9,September,5,3,Thursday,17,0,Evening,1,0,0,0,Completed,960.0,34.61954561846376,1,1,1,1,1,1,1
2024-11-20,07:29:55,CNR6837270,Completed,CID5657270,Auto,Sohna Road,RK Puram,4.8,41.5,,,,,,,225.0,42.6,4.6,4.3,UPI,2024-11-20 07:29:55,2024,11,November,20,2,Wednesday,7,0,Morning,1,0,0,0,Completed,225.0,5.28169014084507,1,1,1,1,1,1,1
2024-06-21,09:16:43,CNR6842666,Completed,CID9042835,Premier Sedan,Ashok Park Main,Ardee City,6.1,43.9,,,,,,,130.0,23.55,4.3,4.9,Uber Wallet,2024-06-21 09:16:43,2024,6,June,21,4,Friday,9,0,Morning,1,0,0,0,Completed,130.0,5.520169851380042,1,1,1,1,1,1,1
2024-09-21,07:51:05,CNR6842666,Completed,CID7442998,Auto,Kashmere Gate ISBT,Manesar,4.6,41.8,,,,,,,661.0,10.79,4.8,4.9,Credit Card,2024-09-21 07:51:05,2024,9,September,21,5,Saturday,7,1,Morning,1,0,0,0,Completed,661.0,61.26042632066729,1,1,1,1,1,1,1
2024-04-07,23:44:32,CNR6856515,No Driver Found,CID2449894,Bike,Kashmere Gate,Bhiwadi,,,,,,,,,,,,,,2024-04-07 23:44:32,2024,4,April,7,6,Sunday,23,1,Late Evening,0,0,0,1,No Driver Found,0.0,,0,0,0,0,0,0,0
2024-10-05,13:52:52,CNR6856515,Incomplete,CID3603987,Auto,Jama Masjid,Patel Chowk,3.3,17.6,,,,,1.0,Customer Demand,434.0,11.71,,,Credit Card,2024-10-05 13:52:52,2024,10,October,5,5,Saturday,13,1,Afternoon,0,0,1,0,Incomplete,0.0,,1,1,0,0,1,1,1
2024-10-06,17:57:54,CNR6864124,Completed,CID1023838,Auto,Laxmi Nagar,Khandsa,4.2,42.9,,,,,,,231.0,38.58,4.6,3.1,UPI,2024-10-06 17:57:54,2024,10,October,6,6,Sunday,17,1,Evening,1,0,0,0,Completed,231.0,5.9875583203732505,1,1,1,1,1,1,1
2024-05-25,17:19:25,CNR6864124,Completed,CID8761526,Go Sedan,Karkarduma,Vishwavidyalaya,4.7,39.7,,,,,,,495.0,43.29,4.9,4.8,UPI,2024-05-25 17:19:25,2024,5,May,25,5,Saturday,17,1,Evening,1,0,0,0,Completed,495.0,11.434511434511435,1,1,1,1,1,1,1
2024-09-30,17:41:12,CNR6868511,Completed,CID4379289,Bike,Laxmi Nagar,Udyog Vihar,8.2,36.3,,,,,,,720.0,33.48,4.5,4.8,UPI,2024-09-30 17:41:12,2024,9,September,30,0,Monday,17,0,Evening,1,0,0,0,Completed,720.0,21.505376344086024,1,1,1,1,1,1,1
2024-08-03,07:04:26,CNR6868511,No Driver Found,CID8087784,Go Mini,Ghitorni Village,Ramesh Nagar,,,,,,,,,,,,,,2024-08-03 07:04:26,2024,8,August,3,5,Saturday,7,1,Morning,0,0,0,1,No Driver Found,0.0,,0,0,0,0,0,0,0
2024-07-18,17:35:17,CNR6882593,Completed,CID6071668,Auto,Manesar,Pragati Maidan,10.8,34.5,,,,,,,871.0,27.89,4.4,4.6,Credit Card,2024-07-18 17:35:17,2024,7,July,18,3,Thursday,17,0,Evening,1,0,0,0,Completed,871.0,31.229831480817495,1,1,1,1,1,1,1
2024-05-24,12:05:33,CNR6882593,Cancelled by Driver,CID1565867,Bike,Shivaji Park,Indraprastha,4.9,,,,1.0,Personal & Car related issues,,,,,,,,2024-05-24 12:05:33,2024,5,May,24,4,Friday,12,0,Afternoon,0,1,0,0,Driver Cancelled,0.0,,0,0,0,0,0,1,0
2024-03-10,07:20:08,CNR6887021,Completed,CID9284353,Go Mini,Cyber Hub,Tagore Garden,4.1,43.2,,,,,,,158.0,42.88,4.3,4.4,Debit Card,2024-03-10 07:20:08,2024,3,March,10,6,Sunday,7,1,Morning,1,0,0,0,Completed,158.0,3.684701492537313,1,1,1,1,1,1,1
2024-07-10,08:52:41,CNR6887021,Completed,CID2997357,Bike,Pulbangash,Meerut,10.7,40.0,,,,,,,101.0,5.16,4.7,4.6,Debit Card,2024-07-10 08:52:41,2024,7,July,10,2,Wednesday,8,0,Morning,1,0,0,0,Completed,101.0,19.573643410852714,1,1,1,1,1,1,1
2024-01-07,13:19:58,CNR6902897,Completed,CID1505528,eBike,Jama Masjid,Sarai Kale Khan,6.0,42.0,,,,,,,581.0,40.14,4.2,4.3,Cash,2024-01-07 13:19:58,2024,1,January,7,6,Sunday,13,1,Afternoon,1,0,0,0,Completed,581.0,14.47433981066268,1,1,1,1,1,1,1
2024-04-13,19:02:59,CNR6902897,Cancelled by Driver,CID4971840,Bike,New Colony,RK Puram,11.6,,,,1.0,More than permitted people in there,,,,,,,,2024-04-13 19:02:59,2024,4,April,13,5,Saturday,19,1,Evening,0,1,0,0,Driver Cancelled,0.0,,0,0,0,0,0,1,0
2024-08-18,20:42:47,CNR6905667,Incomplete,CID9835334,Bike,Welcome,Greater Kailash,9.7,22.4,,,,,1.0,Customer Demand,267.0,18.8,,,UPI,2024-08-18 20:42:47,2024,8,August,18,6,Sunday,20,1,Evening,0,0,1,0,Incomplete,0.0,,1,1,0,0,1,1,1
2024-01-21,13:16:11,CNR6905667,Completed,CID8774852,Auto,Rohini East,Mayur Vihar,4.9,28.9,,,,,,,339.0,11.09,4.2,5.0,Debit Card,2024-01-21 13:16:11,2024,1,January,21,6,Sunday,13,1,Afternoon,1,0,0,0,Completed,339.0,30.568079350766457,1,1,1,1,1,1,1
2024-05-24,07:16:29,CNR6906941,Completed,CID1743123,Auto,Udyog Vihar,Karkarduma,13.7,23.1,,,,,,,762.0,30.63,4.4,3.7,Credit Card,2024-05-24 07:16:29,2024,5,May,24,4,Friday,7,0,Morning,1,0,0,0,Completed,762.0,24.87757100881489,1,1,1,1,1,1,1
2024-06-07,09:58:07,CNR6906941,Completed,CID3407146,Go Sedan,Adarsh Nagar,New Delhi Railway Station,5.5,36.9,,,,,,,313.0,13.17,4.6,4.2,Cash,2024-06-07 09:58:07,2024,6,June,7,4,Friday,9,0,Morning,1,0,0,0,Completed,313.0,23.766135155656794,1,1,1,1,1,1,1
2024-06-10,19:30:52,CNR6915442,Completed,CID5717387,Bike,IGNOU Road,Huda City Centre,8.9,18.2,,,,,,,470.0,32.26,4.3,4.9,Cash,2024-06-10 19:30:52,2024,6,June,10,0,Monday,19,0,Evening,1,0,0,0,Completed,470.0,14.569125852448854,1,1,1,1,1,1,1
2024-07-12,22:16:09,CNR6915442,Completed,CID5725259,eBike,Hauz Rani,Model Town,11.2,17.0,,,,,,,107.0,40.12,4.4,4.1,Uber Wallet,2024-07-12 22:16:09,2024,7,July,12,4,Friday,22,0,Late Evening,1,0,0,0,Completed,107.0,2.666999002991027,1,1,1,1,1,1,1
2024-01-31,15:41:01,CNR6915863,Cancelled by Driver,CID8472620,Go Sedan,Pragati Maidan,Sonipat,9.2,,,,1.0,Personal & Car related issues,,,,,,,,2024-01-31 15:41:01,2024,1,January,31,2,Wednesday,15,0,Afternoon,0,1,0,0,Driver Cancelled,0.0,,0,0,0,0,0,1,0
2024-01-09,14:56:38,CNR6915863,Completed,CID2344330,Go Mini,Rajiv Chowk,Anand Vihar,8.2,23.7,,,,,,,362.0,25.56,4.9,5.0,UPI,2024-01-09 14:56:38,2024,1,January,9,1,Tuesday,14,0,Afternoon,1,0,0,0,Completed,362.0,14.162754303599375,1,1,1,1,1,1,1
2024-04-10,11:20:20,CNR6919794,Cancelled by Driver,CID6310811,Go Mini,Palam Vihar,Mandi House,3.5,,,,1.0,Customer related issue,,,,,,,,2024-04-10 11:20:20,2024,4,April,10,2,Wednesday,11,0,Morning,0,1,0,0,Driver Cancelled,0.0,,0,0,0,0,0,1,0
2024-10-21,11:46:44,CNR6919794,Completed,CID6774748,Auto,Bahadurgarh,Manesar,12.2,34.0,,,,,,,770.0,20.76,4.0,4.2,UPI,2024-10-21 11:46:44,2024,10,October,21,0,Monday,11,0,Morning,1,0,0,0,Completed,770.0,37.090558766859345,1,1,1,1,1,1,1
2024-08-09,16:04:45,CNR6930282,Cancelled by Driver,CID3835037,Go Sedan,New Delhi Railway Station,Inderlok,5.0,,,,1.0,More than permitted people in there,,,,,,,,2024-08-09 16:04:45,2024,8,August,9,4,Friday,16,0,Afternoon,0,1,0,0,Driver Cancelled,0.0,,0,0,0,0,0,1,0
2024-04-15,11:25:50,CNR6930282,Completed,CID9964795,Go Mini,Chhatarpur,Udyog Vihar Phase 4,13.0,35.7,,,,,,,209.0,11.4,5.0,5.0,Cash,2024-04-15 11:25:50,2024,4,April,15,0,Monday,11,0,Morning,1,0,0,0,Completed,209.0,18.333333333333332,1,1,1,1,1,1,1
2024-05-10,22:56:48,CNR6931378,Completed,CID2232728,Go Mini,Hauz Khas,Okhla,11.2,41.4,,,,,,,763.0,22.18,4.9,4.3,Credit Card,2024-05-10 22:56:48,2024,5,May,10,4,Friday,22,0,Late Evening,1,0,0,0,Completed,763.0,34.400360685302076,1,1,1,1,1,1,1
2024-07-06,08:18:19,CNR6931378,Incomplete,CID1480528,Go Mini,Inderlok,Manesar,3.4,26.5,,,,,1.0,Other Issue,1488.0,18.08,,,UPI,2024-07-06 08:18:19,2024,7,July,6,5,Saturday,8,1,Morning,0,0,1,0,Incomplete,0.0,,1,1,0,0,1,1,1
2024-08-01,19:10:35,CNR6936137,Completed,CID8767092,Bike,Shastri Park,Greater Noida,5.5,35.5,,,,,,,319.0,14.45,4.7,4.2,UPI,2024-08-01 19:10:35,2024,8,August,1,3,Thursday,19,0,Evening,1,0,0,0,Completed,319.0,22.07612456747405,1,1,1,1,1,1,1
2024-11-22,16:39:45,CNR6936137,Completed,CID2278557,Auto,Khandsa,Patel Chowk,14.1,35.1,,,,,,,116.0,17.82,4.3,4.9,Debit Card,2024-11-22 16:39:45,2024,11,November,22,4,Friday,16,0,Afternoon,1,0,0,0,Completed,116.0,6.509539842873176,1,1,1,1,1,1,1
2024-08-16,17:43:29,CNR6941131,Completed,CID3592149,Auto,Rohini East,Munirka,5.1,36.7,,,,,,,945.0,8.99,4.3,4.9,Cash,2024-08-16 17:43:29,2024,8,August,16,4,Friday,17,0,Evening,1,0,0,0,Completed,945.0,105.11679644048942,1,1,1,1,1,1,1
2024-05-14,15:05:41,CNR6941131,Completed,CID2041506,eBike,Rajiv Nagar,Kashmere Gate,6.3,37.3,,,,,,,617.0,6.33,4.3,4.6,Cash,2024-05-14 15:05:41,2024,5,May,14,1,Tuesday,15,0,Afternoon,1,0,0,0,Completed,617.0,97.47235387045814,1,1,1,1,1,1,1
2024-12-01,19:47:22,CNR6952220,Completed,CID4733836,Bike,Mehrauli,Saket,8.0,32.3,,,,,,,112.0,29.85,4.1,3.6,UPI,2024-12-01 19:47:22,2024,12,December,1,6,Sunday,19,1,Evening,1,0,0,0,Completed,112.0,3.7520938023450583,1,1,1,1,1,1,1
2024-06-05,20:17:24,CNR6952220,Completed,CID4556018,Auto,Mansarovar Park,New Colony,13.1,44.9,,,,,,,280.0,8.78,4.1,4.1,UPI,2024-06-05 20:17:24,2024,6,June,5,2,Wednesday,20,0,Evening,1,0,0,0,Completed,280.0,31.890660592255127,1,1,1,1,1,1,1
2024-10-07,12:30:45,CNR6954899,No Driver Found,CID6287907,Go Sedan,IMT Manesar,Karol Bagh,,,,,,,,,,,,,,2024-10-07 12:30:45,2024,10,October,7,0,Monday,12,0,Afternoon,0,0,0,1,No Driver Found,0.0,,0,0,0,0,0,0,0
2024-01-15,17:29:31,CNR6954899,Completed,CID2232634,Go Sedan,Shastri Park,Rohini,11.1,42.7,,,,,,,199.0,48.04,3.1,4.7,UPI,2024-01-15 17:29:31,2024,1,January,15,0,Monday,17,0,Evening,1,0,0,0,Completed,199.0,4.1423813488759365,1,1,1,1,1,1,1
2024-11-20,21:48:53,CNR6959234,Completed,CID1391361,Auto,Uttam Nagar,Model Town,4.3,34.2,,,,,,,160.0,32.58,4.2,4.2,UPI,2024-11-20 21:48:53,2024,11,November,20,2,Wednesday,21,0,Late Evening,1,0,0,0,Completed,160.0,4.910988336402701,1,1,1,1,1,1,1
2024-05-13,15:09:22,CNR6959234,Completed,CID8427754,Go Sedan,Gwal Pahari,Dilshad Garden,12.8,24.2,,,,,,,283.0,2.92,4.2,4.8,Cash,2024-05-13 15:09:22,2024,5,May,13,0,Monday,15,0,Afternoon,1,0,0,0,Completed,283.0,96.91780821917808,1,1,1,1,1,1,1
2024-10-25,11:21:36,CNR6961453,Completed,CID1730754,Bike,Indraprastha,DLF Phase 3,13.1,34.1,,,,,,,205.0,37.76,4.9,4.2,Credit Card,2024-10-25 11:21:36,2024,10,October,25,4,Friday,11,0,Morning,1,0,0,0,Completed,205.0,5.429025423728814,1,1,1,1,1,1,1
2024-10-27,11:43:06,CNR6961453,No Driver Found,CID9366588,Go Sedan,India Gate,Mundka,,,,,,,,,,,,,,2024-10-27 11:43:06,2024,10,October,27,6,Sunday,11,1,Morning,0,0,0,1,No Driver Found,0.0,,0,0,0,0,0,0,0
2024-05-10,13:12:21,CNR6962371,Completed,CID1751348,Bike,Green Park,Sikanderpur,10.0,20.7,,,,,,,479.0,47.28,4.7,4.8,Debit Card,2024-05-10 13:12:21,2024,5,May,10,4,Friday,13,0,Afternoon,1,0,0,0,Completed,479.0,10.131133671742809,1,1,1,1,1,1,1
2024-10-03,21:06:42,CNR6962371,Completed,CID5730692,Auto,Nirman Vihar,Indirapuram,13.9,21.9,,,,,,,571.0,30.34,4.2,3.1,Credit Card,2024-10-03 21:06:42,2024,10,October,3,3,Thursday,21,0,Late Evening,1,0,0,0,Completed,571.0,18.82003955174687,1,1,1,1,1,1,1
2024-02-26,15:05:28,CNR6963756,No Driver Found,CID4533430,Go Mini,Vaishali,Keshav Puram,,,,,,,,,,,,,,2024-02-26 15:05:28,2024,2,February,26,0,Monday,15,0,Afternoon,0,0,0,1,No Driver Found,0.0,,0,0,0,0,0,0,0
2024-04-27,10:37:49,CNR6963756,Completed,CID8747220,Premier Sedan,INA Market,Pitampura,8.6,31.3,,,,,,,1373.0,20.73,3.2,5.0,Cash,2024-04-27 10:37:49,2024,4,April,27,5,Saturday,10,1,Morning,1,0,0,0,Completed,1373.0,66.23251326579836,1,1,1,1,1,1,1
2024-11-24,16:13:19,CNR6971623,Completed,CID8412984,eBike,Barakhamba Road,Ghitorni,11.8,42.2,,,,,,,379.0,35.16,4.2,4.5,Credit Card,2024-11-24 16:13:19,2024,11,November,24,6,Sunday,16,1,Afternoon,1,0,0,0,Completed,379.0,10.77929465301479,1,1,1,1,1,1,1
2024-10-09,18:52:26,CNR6971623,Completed,CID9060002,Auto,Central Secretariat,Rajouri Garden,8.1,26.6,,,,,,,330.0,14.91,4.3,4.3,Credit Card,2024-10-09 18:52:26,2024,10,October,9,2,Wednesday,18,0,Evening,1,0,0,0,Completed,330.0,22.132796780684103,1,1,1,1,1,1,1
2024-10-25,18:05:20,CNR6977914,No Driver Found,CID4291486,Auto,Anand Vihar ISBT,Chirag Delhi,,,,,,,,,,,,,,2024-10-25 18:05:20,2024,10,October,25,4,Friday,18,0,Evening,0,0,0,1,No Driver Found,0.0,,0,0,0,0,0,0,0
2024-10-03,09:11:09,CNR6977914,Completed,CID9574283,Uber XL,Barakhamba Road,Vaishali,10.9,20.8,,,,,,,351.0,44.94,5.0,4.4,Cash,2024-10-03 09:11:09,2024,10,October,3,3,Thursday,9,0,Morning,1,0,0,0,Completed,351.0,7.810413885180241,1,1,1,1,1,1,1
2024-09-07,12:59:08,CNR6978072,Completed,CID4917299,Auto,Jor Bagh,Old Gurgaon,10.6,18.1,,,,,,,1180.0,3.04,4.9,4.1,UPI,2024-09-07 12:59:08,2024,9,September,7,5,Saturday,12,1,Afternoon,1,0,0,0,Completed,1180.0,388.1578947368421,1,1,1,1,1,1,1
2024-07-17,10:05:41,CNR6978072,Completed,CID9331882,Auto,New Delhi Railway Station,Adarsh Nagar,6.8,18.1,,,,,,,283.0,25.28,3.3,4.3,Credit Card,2024-07-17 10:05:41,2024,7,July,17,2,Wednesday,10,0,Morning,1,0,0,0,Completed,283.0,11.194620253164556,1,1,1,1,1,1,1
2024-12-24,18:48:27,CNR6982958,Completed,CID6786852,Go Mini,Jasola,Khan Market,12.0,40.6,,,,,,,170.0,36.18,4.7,4.8,UPI,2024-12-24 18:48:27,2024,12,December,24,1,Tuesday,18,0,Evening,1,0,0,0,Completed,170.0,4.698728579325595,1,1,1,1,1,1,1
2024-05-09,13:18:20,CNR6982958,Cancelled by Customer,CID1188544,Go Mini,INA Market,Gurgaon Sector 29,15.4,,1.0,Change of plans,,,,,,,,,,2024-05-09 13:18:20,2024,5,May,9,3,Thursday,13,0,Afternoon,0,1,0,0,Customer Cancelled,0.0,,0,0,0,0,0,1,0
2024-09-29,11:31:45,CNR6996758,Incomplete,CID7678408,Go Mini,Tughlakabad,Golf Course Road,6.9,18.3,,,,,1.0,Vehicle Breakdown,895.0,1.89,,,Cash,2024-09-29 11:31:45,2024,9,September,29,6,Sunday,11,1,Morning,0,0,1,0,Incomplete,0.0,,1,1,0,0,1,1,1
2024-09-12,04:23:14,CNR6996758,Completed,CID4092046,Premier Sedan,Udyog Vihar,Bhiwadi,10.8,28.7,,,,,,,1290.0,33.68,4.3,4.6,UPI,2024-09-12 04:23:14,2024,9,September,12,3,Thursday,4,0,Night,1,0,0,0,Completed,1290.0,38.30166270783848,1,1,1,1,1,1,1
2024-11-28,08:08:54,CNR7003451,Cancelled by Driver,CID9016341,Go Sedan,IGNOU Road,Sonipat,5.9,,,,1.0,Customer related issue,,,,,,,,2024-11-28 08:08:54,2024,11,November,28,3,Thursday,8,0,Morning,0,1,0,0,Driver Cancelled,0.0,,0,0,0,0,0,1,0
2024-06-29,11:49:54,CNR7003451,No Driver Found,CID9446945,Go Mini,Azadpur,Hauz Khas,,,,,,,,,,,,,,2024-06-29 11:49:54,2024,6,June,29,5,Saturday,11,1,Morning,0,0,0,1,No Driver Found,0.0,,0,0,0,0,0,0,0
2024-09-18,16:12:24,CNR7014316,No Driver Found,CID5164604,Go Sedan,Okhla,Kirti Nagar,,,,,,,,,,,,,,2024-09-18 16:12:24,2024,9,September,18,2,Wednesday,16,0,Afternoon,0,0,0,1,No Driver Found,0.0,,0,0,0,0,0,0,0
2024-05-10,19:33:21,CNR7014316,Completed,CID8159005,eBike,Ashok Vihar,Bahadurgarh,8.7,37.7,,,,,,,311.0,42.67,3.4,4.8,Cash,2024-05-10 19:33:21,2024,5,May,10,4,Friday,19,0,Evening,1,0,0,0,Completed,311.0,7.288493086477619,1,1,1,1,1,1,1
2024-03-03,16:44:17,CNR7022060,Completed,CID8379656,eBike,Mundka,Rajiv Chowk,9.1,15.0,,,,,,,124.0,45.56,4.2,4.2,UPI,2024-03-03 16:44:17,2024,3,March,3,6,Sunday,16,1,Afternoon,1,0,0,0,Completed,124.0,2.7216856892010535,1,1,1,1,1,1,1
2024-12-02,19:26:34,CNR7022060,Completed,CID4572967,Auto,Samaypur Badli,Huda City Centre,10.6,28.1,,,,,,,358.0,44.33,4.1,4.8,Credit Card,2024-12-02 19:26:34,2024,12,December,2,0,Monday,19,0,Evening,1,0,0,0,Completed,358.0,8.075795172569366,1,1,1,1,1,1,1
2024-08-03,08:33:14,CNR7030373,Cancelled by Driver,CID2208883,Go Mini,AIIMS,Shastri Nagar,7.3,,,,1.0,The customer was coughing/sick,,,,,,,,2024-08-03 08:33:14,2024,8,August,3,5,Saturday,8,1,Morning,0,1,0,0,Driver Cancelled,0.0,,0,0,0,0,0,1,0
2024-01-11,16:31:25,CNR7030373,Completed,CID5335459,Auto,Welcome,Ghitorni,5.9,18.7,,,,,,,713.0,37.13,4.3,4.9,Debit Card,2024-01-11 16:31:25,2024,1,January,11,3,Thursday,16,0,Afternoon,1,0,0,0,Completed,713.0,19.202800969566386,1,1,1,1,1,1,1
2024-12-23,16:21:05,CNR7031110,Cancelled by Driver,CID6565093,Premier Sedan,DLF City Court,Shastri Park,9.6,,,,1.0,The customer was coughing/sick,,,,,,,,2024-12-23 16:21:05,2024,12,December,23,0,Monday,16,0,Afternoon,0,1,0,0,Driver Cancelled,0.0,,0,0,0,0,0,1,0
2024-08-03,12:08:37,CNR7031110,Completed,CID3053330,Auto,AIIMS,Rajiv Chowk,11.5,18.2,,,,,,,828.0,39.81,3.3,5.0,Credit Card,2024-08-03 12:08:37,2024,8,August,3,5,Saturday,12,1,Afternoon,1,0,0,0,Completed,828.0,20.798794272795778,1,1,1,1,1,1,1
2024-12-29,10:26:50,CNR7037928,Cancelled by Driver,CID5327329,Auto,Vidhan Sabha,Patel Chowk,10.5,,,,1.0,More than permitted people in there,,,,,,,,2024-12-29 10:26:50,2024,12,December,29,6,Sunday,10,1,Morning,0,1,0,0,Driver Cancelled,0.0,,0,0,0,0,0,1,0
2024-07-18,20:17:14,CNR7037928,Completed,CID1888513,Go Sedan,Shastri Nagar,India Gate,2.8,19.9,,,,,,,791.0,20.04,4.7,4.2,Cash,2024-07-18 20:17:14,2024,7,July,18,3,Thursday,20,0,Evening,1,0,0,0,Completed,791.0,39.47105788423154,1,1,1,1,1,1,1
2024-12-25,20:39:32,CNR7038047,Cancelled by Driver,CID8136168,Go Mini,Palam Vihar,Sushant Lok,7.2,,,,1.0,More than permitted people in there,,,,,,,,2024-12-25 20:39:32,2024,12,December,25,2,Wednesday,20,0,Evening,0,1,0,0,Driver Cancelled,0.0,,0,0,0,0,0,1,0
2024-01-17,02:34:58,CNR7038047,Completed,CID5635695,Auto,South Extension,Sonipat,7.5,26.0,,,,,,,216.0,43.25,4.4,4.6,Cash,2024-01-17 02:34:58,2024,1,January,17,2,Wednesday,2,0,Night,1,0,0,0,Completed,216.0,4.994219653179191,1,1,1,1,1,1,1
2024-04-06,17:02:33,CNR7038114,Completed,CID4719643,Premier Sedan,Khandsa,Jhilmil,10.8,33.2,,,,,,,505.0,46.35,4.3,4.4,Credit Card,2024-04-06 17:02:33,2024,4,April,6,5,Saturday,17,1,Evening,1,0,0,0,Completed,505.0,10.895361380798274,1,1,1,1,1,1,1
2024-10-07,16:35:30,CNR7038114,Completed,CID7335526,Go Mini,Golf Course Road,Malviya Nagar,13.0,16.5,,,,,,,327.0,36.35,4.8,4.4,UPI,2024-10-07 16:35:30,2024,10,October,7,0,Monday,16,0,Afternoon,1,0,0,0,Completed,327.0,8.995873452544703,1,1,1,1,1,1,1
2024-05-16,04:23:44,CNR7046122,Cancelled by Customer,CID9284400,Bike,Tilak Nagar,Raj Nagar Extension,15.2,,1.0,Driver asked to cancel,,,,,,,,,,2024-05-16 04:23:44,2024,5,May,16,3,Thursday,4,0,Night,0,1,0,0,Customer Cancelled,0.0,,0,0,0,0,0,1,0
2024-06-23,11:22:57,CNR7046122,Completed,CID6024990,Auto,Yamuna Bank,Badshahpur,10.9,40.9,,,,,,,286.0,5.71,4.2,4.2,UPI,2024-06-23 11:22:57,2024,6,June,23,6,Sunday,11,1,Morning,1,0,0,0,Completed,286.0,50.08756567425569,1,1,1,1,1,1,1
2024-03-08,14:50:13,CNR7069978,No Driver Found,CID1796143,Go Mini,Pataudi Chowk,Gurgaon Railway Station,,,,,,,,,,,,,,2024-03-08 14:50:13,2024,3,March,8,4,Friday,14,0,Afternoon,0,0,0,1,No Driver Found,0.0,,0,0,0,0,0,0,0
2024-04-29,10:48:49,CNR7069978,Completed,CID2703131,Bike,IFFCO Chowk,Dwarka Mor,3.1,33.6,,,,,,,64.0,40.24,4.3,4.3,Cash,2024-04-29 10:48:49,2024,4,April,29,0,Monday,10,0,Morning,1,0,0,0,Completed,64.0,1.5904572564612325,1,1,1,1,1,1,1
2024-08-31,20:44:48,CNR7083602,Completed,CID9466644,Go Mini,Rohini,IGNOU Road,2.2,40.4,,,,,,,257.0,6.36,4.7,4.3,Credit Card,2024-08-31 20:44:48,2024,8,August,31,5,Saturday,20,1,Evening,1,0,0,0,Completed,257.0,40.40880503144654,1,1,1,1,1,1,1
2024-11-16,11:06:56,CNR7083602,Completed,CID4786955,Go Sedan,Mandi House,Ambience Mall,13.6,26.7,,,,,,,133.0,30.4,3.8,4.0,Credit Card,2024-11-16 11:06:56,2024,11,November,16,5,Saturday,11,1,Morning,1,0,0,0,Completed,133.0,4.375,1,1,1,1,1,1,1
2024-07-31,14:59:48,CNR7083663,Completed,CID9280041,Bike,Karkarduma,Hauz Khas,3.2,32.0,,,,,,,307.0,9.62,4.6,4.9,Cash,2024-07-31 14:59:48,2024,7,July,31,2,Wednesday,14,0,Afternoon,1,0,0,0,Completed,307.0,31.912681912681915,1,1,1,1,1,1,1
2024-07-06,12:21:47,CNR7083663,Cancelled by Customer,CID8889250,Premier Sedan,Old Gurgaon,Nehru Place,14.3,,1.0,AC is not working,,,,,,,,,,2024-07-06 12:21:47,2024,7,July,6,5,Saturday,12,1,Afternoon,0,1,0,0,Customer Cancelled,0.0,,0,0,0,0,0,1,0
2024-12-04,10:51:56,CNR7089920,Completed,CID8836600,Bike,Central Secretariat,Akshardham,10.4,38.9,,,,,,,896.0,44.46,4.3,4.2,UPI,2024-12-04 10:51:56,2024,12,December,4,2,Wednesday,10,0,Morning,1,0,0,0,Completed,896.0,20.15294646873594,1,1,1,1,1,1,1
2024-02-18,04:42:46,CNR7089920,Completed,CID3421976,Bike,ITO,Sultanpur,9.6,30.8,,,,,,,498.0,8.12,4.6,3.7,Cash,2024-02-18 04:42:46,2024,2,February,18,6,Sunday,4,1,Night,1,0,0,0,Completed,498.0,61.33004926108375,1,1,1,1,1,1,1
2024-02-21,14:24:19,CNR7093392,Cancelled by Driver,CID1236176,Go Mini,Civil Lines Gurgaon,Dwarka Sector 21,10.5,,,,1.0,Personal & Car related issues,,,,,,,,2024-02-21 14:24:19,2024,2,February,21,2,Wednesday,14,0,Afternoon,0,1,0,0,Driver Cancelled,0.0,,0,0,0,0,0,1,0
2024-01-23,23:29:43,CNR7093392,No Driver Found,CID4796641,Go Sedan,Karol Bagh,Patel Chowk,,,,,,,,,,,,,,2024-01-23 23:29:43,2024,1,January,23,1,Tuesday,23,0,Late Evening,0,0,0,1,No Driver Found,0.0,,0,0,0,0,0,0,0
2024-11-01,16:40:10,CNR7095689,Cancelled by Customer,CID8264150,eBike,Noida Film City,Vinobapuri,13.7,,1.0,Change of plans,,,,,,,,,,2024-11-01 16:40:10,2024,11,November,1,4,Friday,16,0,Afternoon,0,1,0,0,Customer Cancelled,0.0,,0,0,0,0,0,1,0
2024-11-05,19:17:33,CNR7095689,Completed,CID9502110,Auto,Udyog Vihar Phase 4,Shahdara,8.3,32.2,,,,,,,295.0,21.23,3.4,4.6,Uber Wallet,2024-11-05 19:17:33,2024,11,November,5,1,Tuesday,19,0,Evening,1,0,0,0,Completed,295.0,13.89543099387659,1,1,1,1,1,1,1
2024-10-24,11:43:40,CNR7096387,Completed,CID2431806,Go Mini,Shastri Nagar,Maidan Garhi,3.1,30.7,,,,,,,412.0,45.96,3.4,5.0,UPI,2024-10-24 11:43:40,2024,10,October,24,3,Thursday,11,0,Morning,1,0,0,0,Completed,412.0,8.96431679721497,1,1,1,1,1,1,1
2024-02-27,11:40:58,CNR7096387,Completed,CID8448864,Auto,Ghitorni Village,Greater Kailash,3.4,26.9,,,,,,,903.0,23.86,4.7,4.4,UPI,2024-02-27 11:40:58,2024,2,February,27,1,Tuesday,11,0,Morning,1,0,0,0,Completed,903.0,37.84576697401509,1,1,1,1,1,1,1
2024-03-03,06:36:01,CNR7101408,Completed,CID2549918,Go Sedan,Mehrauli,Keshav Puram,9.2,23.6,,,,,,,2345.0,9.6,4.1,3.2,Cash,2024-03-03 06:36:01,2024,3,March,3,6,Sunday,6,1,Morning,1,0,0,0,Completed,2345.0,244.27083333333334,1,1,1,1,1,1,1
2024-04-11,13:54:06,CNR7101408,Completed,CID1743915,Go Mini,Azadpur,IMT Manesar,6.3,27.3,,,,,,,492.0,13.43,3.9,4.6,Cash,2024-04-11 13:54:06,2024,4,April,11,3,Thursday,13,0,Afternoon,1,0,0,0,Completed,492.0,36.63440059568131,1,1,1,1,1,1,1
2024-11-09,16:17:15,CNR7128582,Completed,CID7295642,Go Sedan,Sikanderpur,IFFCO Chowk,12.1,21.7,,,,,,,643.0,41.57,4.3,4.4,Cash,2024-11-09 16:17:15,2024,11,November,9,5,Saturday,16,1,Afternoon,1,0,0,0,Completed,643.0,15.467885494346884,1,1,1,1,1,1,1
2024-06-09,00:14:50,CNR7128582,Completed,CID5586216,eBike,IIT Delhi,Ghaziabad,10.1,29.5,,,,,,,915.0,3.98,4.2,4.9,Credit Card,2024-06-09 00:14:50,2024,6,June,9,6,Sunday,0,1,Night,1,0,0,0,Completed,915.0,229.89949748743717,1,1,1,1,1,1,1
2024-01-22,19:34:19,CNR7131664,Completed,CID1730615,Auto,Ashok Vihar,Meerut,14.5,17.0,,,,,,,421.0,3.09,3.5,4.5,UPI,2024-01-22 19:34:19,2024,1,January,22,0,Monday,19,0,Evening,1,0,0,0,Completed,421.0,136.24595469255664,1,1,1,1,1,1,1
2024-08-22,18:33:19,CNR7131664,Completed,CID8764708,Go Mini,Vasant Kunj,IFFCO Chowk,7.3,18.8,,,,,,,228.0,33.99,3.8,4.8,Cash,2024-08-22 18:33:19,2024,8,August,22,3,Thursday,18,0,Evening,1,0,0,0,Completed,228.0,6.707855251544571,1,1,1,1,1,1,1
2024-05-23,20:44:27,CNR7132372,Completed,CID6950827,Go Sedan,Kalkaji,Sushant Lok,3.8,18.3,,,,,,,389.0,44.95,3.7,4.2,UPI,2024-05-23 20:44:27,2024,5,May,23,3,Thursday,20,0,Evening,1,0,0,0,Completed,389.0,8.654060066740822,1,1,1,1,1,1,1
2024-07-15,14:16:59,CNR7132372,Completed,CID6921450,Go Mini,Paschim Vihar,Jhilmil,13.6,43.3,,,,,,,124.0,41.76,4.5,4.6,Credit Card,2024-07-15 14:16:59,2024,7,July,15,0,Monday,14,0,Afternoon,1,0,0,0,Completed,124.0,2.9693486590038316,1,1,1,1,1,1,1
2024-03-02,15:23:31,CNR7141805,Completed,CID8874394,Auto,Basai Dhankot,Jahangirpuri,4.2,34.6,,,,,,,250.0,46.59,4.2,4.2,Credit Card,2024-03-02 15:23:31,2024,3,March,2,5,Saturday,15,1,Afternoon,1,0,0,0,Completed,250.0,5.365958360163125,1,1,1,1,1,1,1
2024-02-10,23:53:46,CNR7141805,Cancelled by Customer,CID5567238,Auto,Yamuna Bank,Delhi Gate,15.1,,1.0,Change of plans,,,,,,,,,,2024-02-10 23:53:46,2024,2,February,10,5,Saturday,23,1,Late Evening,0,1,0,0,Customer Cancelled,0.0,,0,0,0,0,0,1,0
2024-01-05,06:58:58,CNR7168228,Incomplete,CID9949924,Premier Sedan,Rajiv Chowk,Ashram,9.7,13.1,,,,,1.0,Vehicle Breakdown,51.0,6.22,,,UPI,2024-01-05 06:58:58,2024,1,January,5,4,Friday,6,0,Morning,0,0,1,0,Incomplete,0.0,,1,1,0,0,1,1,1
2024-04-13,21:22:52,CNR7168228,Completed,CID3946965,Auto,Connaught Place,IMT Manesar,7.1,44.5,,,,,,,600.0,7.46,4.4,4.6,Credit Card,2024-04-13 21:22:52,2024,4,April,13,5,Saturday,21,1,Late Evening,1,0,0,0,Completed,600.0,80.4289544235925,1,1,1,1,1,1,1
2024-12-04,09:04:30,CNR7176155,Completed,CID4716551,Auto,MG Road,Noida Extension,5.2,41.8,,,,,,,201.0,39.49,3.7,3.8,UPI,2024-12-04 09:04:30,2024,12,December,4,2,Wednesday,9,0,Morning,1,0,0,0,Completed,201.0,5.089896176247151,1,1,1,1,1,1,1
2024-11-13,10:45:56,CNR7176155,Cancelled by Driver,CID9423482,Premier Sedan,DLF City Court,Khan Market,5.2,,,,1.0,Customer related issue,,,,,,,,2024-11-13 10:45:56,2024,11,November,13,2,Wednesday,10,0,Morning,0,1,0,0,Driver Cancelled,0.0,,0,0,0,0,0,1,0
2024-08-26,11:35:37,CNR7183966,Completed,CID5837182,Go Mini,GTB Nagar,Saket A Block,6.2,26.6,,,,,,,546.0,38.51,4.3,4.2,Credit Card,2024-08-26 11:35:37,2024,8,August,26,0,Monday,11,0,Morning,1,0,0,0,Completed,546.0,14.178135549208,1,1,1,1,1,1,1
2024-10-04,09:46:16,CNR7183966,Incomplete,CID4669950,Go Mini,New Delhi Railway Station,Rohini,3.7,14.0,,,,,1.0,Other Issue,691.0,2.61,,,UPI,2024-10-04 09:46:16,2024,10,October,4,4,Friday,9,0,Morning,0,0,1,0,Incomplete,0.0,,1,1,0,0,1,1,1
2024-10-28,20:13:19,CNR7198577,No Driver Found,CID4430426,Go Sedan,Rohini,Rohini West,,,,,,,,,,,,,,2024-10-28 20:13:19,2024,10,October,28,0,Monday,20,0,Evening,0,0,0,1,No Driver Found,0.0,,0,0,0,0,0,0,0
2024-04-21,18:33:20,CNR7198577,Cancelled by Customer,CID3834956,Go Sedan,Vatika Chowk,Akshardham,15.7,,1.0,Change of plans,,,,,,,,,,2024-04-21 18:33:20,2024,4,April,21,6,Sunday,18,1,Evening,0,1,0,0,Customer Cancelled,0.0,,0,0,0,0,0,1,0
2024-07-16,20:37:55,CNR7199036,Completed,CID9702277,Go Mini,Jor Bagh,Chirag Delhi,12.2,30.0,,,,,,,289.0,30.78,5.0,4.6,UPI,2024-07-16 20:37:55,2024,7,July,16,1,Tuesday,20,0,Evening,1,0,0,0,Completed,289.0,9.389213775178687,1,1,1,1,1,1,1
2024-12-16,15:38:30,CNR7199036,Completed,CID5373866,Auto,Hauz Khas,DLF City Court,11.0,36.7,,,,,,,712.0,39.72,4.9,4.9,UPI,2024-12-16 15:38:30,2024,12,December,16,0,Monday,15,0,Afternoon,1,0,0,0,Completed,712.0,17.925478348439075,1,1,1,1,1,1,1
2024-12-28,20:17:25,CNR7199036,Completed,CID6308760,Auto,Kashmere Gate,Netaji Subhash Place,2.8,40.8,,,,,,,140.0,49.64,3.3,4.2,Cash,2024-12-28 20:17:25,2024,12,December,28,5,Saturday,20,1,Evening,1,0,0,0,Completed,140.0,2.8203062046736505,1,1,1,1,1,1,1
2024-06-14,07:36:04,CNR7204316,Completed,CID9883071,Bike,Jhilmil,Ashok Park Main,5.5,40.1,,,,,,,371.0,36.16,3.9,4.6,UPI,2024-06-14 07:36:04,2024,6,June,14,4,Friday,7,0,Morning,1,0,0,0,Completed,371.0,10.25995575221239,1,1,1,1,1,1,1
2024-05-17,18:59:59,CNR7204316,Completed,CID8978361,Auto,Tilak Nagar,Ghitorni Village,9.1,43.8,,,,,,,804.0,8.84,4.3,4.1,Cash,2024-05-17 18:59:59,2024,5,May,17,4,Friday,18,0,Evening,1,0,0,0,Completed,804.0,90.9502262443439,1,1,1,1,1,1,1
2024-10-10,14:14:15,CNR7208036,Completed,CID9888315,Go Sedan,Seelampur,Udyog Vihar,14.8,23.1,,,,,,,397.0,17.57,4.3,4.6,Credit Card,2024-10-10 14:14:15,2024,10,October,10,3,Thursday,14,0,Afternoon,1,0,0,0,Completed,397.0,22.59533295389869,1,1,1,1,1,1,1
2024-02-22,21:27:12,CNR7208036,Completed,CID1704368,Go Sedan,Tis Hazari,Mandi House,2.7,19.0,,,,,,,137.0,7.03,4.2,4.9,Uber Wallet,2024-02-22 21:27:12,2024,2,February,22,3,Thursday,21,0,Late Evening,1,0,0,0,Completed,137.0,19.48790896159317,1,1,1,1,1,1,1
2024-10-22,09:51:23,CNR7211092,Completed,CID9912455,Go Mini,Bahadurgarh,Gurgaon Sector 29,9.6,43.3,,,,,,,266.0,31.9,4.5,4.2,Debit Card,2024-10-22 09:51:23,2024,10,October,22,1,Tuesday,9,0,Morning,1,0,0,0,Completed,266.0,8.338557993730408,1,1,1,1,1,1,1
2024-12-01,10:50:20,CNR7211092,Completed,CID9419532,Premier Sedan,IGNOU Road,Jama Masjid,4.5,28.4,,,,,,,304.0,20.19,4.5,4.9,Uber Wallet,2024-12-01 10:50:20,2024,12,December,1,6,Sunday,10,1,Morning,1,0,0,0,Completed,304.0,15.056958890539871,1,1,1,1,1,1,1
2024-11-09,15:14:03,CNR7213262,Completed,CID3531651,Bike,South Extension,Madipur,10.6,29.7,,,,,,,266.0,34.77,4.6,4.6,UPI,2024-11-09 15:14:03,2024,11,November,9,5,Saturday,15,1,Afternoon,1,0,0,0,Completed,266.0,7.6502732240437155,1,1,1,1,1,1,1
2024-07-14,16:38:28,CNR7213262,Cancelled by Driver,CID2641557,Auto,Kashmere Gate,Yamuna Bank,11.4,,,,1.0,Personal & Car related issues,,,,,,,,2024-07-14 16:38:28,2024,7,July,14,6,Sunday,16,1,Afternoon,0,1,0,0,Driver Cancelled,0.0,,0,0,0,0,0,1,0
2024-06-25,21:26:04,CNR7238060,Completed,CID6025700,Auto,Lok Kalyan Marg,Rajiv Nagar,3.7,30.9,,,,,,,103.0,43.87,4.2,3.1,Debit Card,2024-06-25 21:26:04,2024,6,June,25,1,Tuesday,21,0,Late Evening,1,0,0,0,Completed,103.0,2.347845908365626,1,1,1,1,1,1,1
2024-03-13,17:49:47,CNR7238060,Cancelled by Driver,CID3716523,Auto,Gwal Pahari,Hauz Khas,7.5,,,,1.0,Customer related issue,,,,,,,,2024-03-13 17:49:47,2024,3,March,13,2,Wednesday,17,0,Evening,0,1,0,0,Driver Cancelled,0.0,,0,0,0,0,0,1,0
2024-11-05,16:17:29,CNR7240463,Cancelled by Driver,CID7948214,Auto,Panchsheel Park,Model Town,3.6,,,,1.0,The customer was coughing/sick,,,,,,,,2024-11-05 16:17:29,2024,11,November,5,1,Tuesday,16,0,Afternoon,0,1,0,0,Driver Cancelled,0.0,,0,0,0,0,0,1,0
2024-09-30,17:01:57,CNR7240463,Completed,CID7846756,Go Sedan,Udyog Vihar,Dwarka Mor,10.5,32.0,,,,,,,122.0,5.02,4.2,4.3,UPI,2024-09-30 17:01:57,2024,9,September,30,0,Monday,17,0,Evening,1,0,0,0,Completed,122.0,24.302788844621517,1,1,1,1,1,1,1
2024-01-31,17:55:22,CNR7244000,Completed,CID8747035,Auto,Meerut,Noida Sector 62,12.8,29.9,,,,,,,145.0,24.19,4.0,4.3,Debit Card,2024-01-31 17:55:22,2024,1,January,31,2,Wednesday,17,0,Evening,1,0,0,0,Completed,145.0,5.994212484497726,1,1,1,1,1,1,1
2024-02-01,15:02:12,CNR7244000,No Driver Found,CID8738615,Go Mini,Netaji Subhash Place,Mehrauli,,,,,,,,,,,,,,2024-02-01 15:02:12,2024,2,February,1,3,Thursday,15,0,Afternoon,0,0,0,1,No Driver Found,0.0,,0,0,0,0,0,0,0
2024-02-17,15:10:43,CNR7251507,Completed,CID1016306,Go Sedan,Seelampur,Sonipat,2.9,39.7,,,,,,,426.0,42.99,4.2,4.7,Uber Wallet,2024-02-17 15:10:43,2024,2,February,17,5,Saturday,15,1,Afternoon,1,0,0,0,Completed,426.0,9.909281228192603,1,1,1,1,1,1,1
2024-09-26,09:16:28,CNR7251507,Cancelled by Driver,CID6733378,Premier Sedan,Anand Vihar,Madipur,6.8,,,,1.0,The customer was coughing/sick,,,,,,,,2024-09-26 09:16:28,2024,9,September,26,3,Thursday,9,0,Morning,0,1,0,0,Driver Cancelled,0.0,,0,0,0,0,0,1,0
2024-01-27,06:17:43,CNR7257539,Completed,CID8944750,Premier Sedan,Akshardham,Rohini,9.6,44.0,,,,,,,511.0,45.53,4.2,3.6,UPI,2024-01-27 06:17:43,2024,1,January,27,5,Saturday,6,1,Morning,1,0,0,0,Completed,511.0,11.223369207116187,1,1,1,1,1,1,1
2024-10-12,17:56:44,CNR7257539,Cancelled by Customer,CID9958153,Go Sedan,Golf Course Road,Jasola,17.7,,1.0,Wrong Address,,,,,,,,,,2024-10-12 17:56:44,2024,10,October,12,5,Saturday,17,1,Evening,0,1,0,0,Customer Cancelled,0.0,,0,0,0,0,0,1,0
2024-02-02,18:14:05,CNR7258060,Completed,CID6880061,Go Mini,Rohini West,DLF Phase 3,11.9,30.1,,,,,,,78.0,4.14,3.6,4.3,UPI,2024-02-02 18:14:05,2024,2,February,2,4,Friday,18,0,Evening,1,0,0,0,Completed,78.0,18.84057971014493,1,1,1,1,1,1,1
2024-11-12,19:31:55,CNR7258060,Completed,CID4856055,eBike,Rithala,Punjabi Bagh,2.6,33.7,,,,,,,866.0,32.41,4.9,4.9,Debit Card,2024-11-12 19:31:55,2024,11,November,12,1,Tuesday,19,0,Evening,1,0,0,0,Completed,866.0,26.720148102437523,1,1,1,1,1,1,1
2024-09-10,16:33:36,CNR7267163,Cancelled by Customer,CID6732771,Premier Sedan,Rohini West,Peeragarhi,9.3,,1.0,Driver is not moving towards pickup location,,,,,,,,,,2024-09-10 16:33:36,2024,9,September,10,1,Tuesday,16,0,Afternoon,0,1,0,0,Customer Cancelled,0.0,,0,0,0,0,0,1,0
2024-11-21,19:16:02,CNR7267163,Completed,CID3407161,eBike,Mayur Vihar,GTB Nagar,12.1,32.4,,,,,,,480.0,23.11,4.0,3.6,UPI,2024-11-21 19:16:02,2024,11,November,21,3,Thursday,19,0,Evening,1,0,0,0,Completed,480.0,20.77022933794894,1,1,1,1,1,1,1
2024-03-17,08:16:07,CNR7280607,Completed,CID8351075,Premier Sedan,Saidulajab,Sohna Road,7.1,19.3,,,,,,,546.0,12.82,4.6,4.1,Credit Card,2024-03-17 08:16:07,2024,3,March,17,6,Sunday,8,1,Morning,1,0,0,0,Completed,546.0,42.58970358814352,1,1,1,1,1,1,1
2024-12-10,23:19:17,CNR7280607,No Driver Found,CID8012418,Bike,Netaji Subhash Place,Golf Course Road,,,,,,,,,,,,,,2024-12-10 23:19:17,2024,12,December,10,1,Tuesday,23,0,Late Evening,0,0,0,1,No Driver Found,0.0,,0,0,0,0,0,0,0
2024-10-25,21:12:26,CNR7284209,Completed,CID1597315,Premier Sedan,Mansarovar Park,Golf Course Road,14.8,23.9,,,,,,,176.0,9.71,4.7,4.6,Cash,2024-10-25 21:12:26,2024,10,October,25,4,Friday,21,0,Late Evening,1,0,0,0,Completed,176.0,18.125643666323377,1,1,1,1,1,1,1
2024-02-11,23:40:33,CNR7284209,Completed,CID6035069,Go Mini,Inderlok,Karkarduma,2.1,44.5,,,,,,,1380.0,21.03,4.5,5.0,UPI,2024-02-11 23:40:33,2024,2,February,11,6,Sunday,23,1,Late Evening,1,0,0,0,Completed,1380.0,65.62054208273894,1,1,1,1,1,1,1
2024-07-23,13:49:36,CNR7287698,Cancelled by Customer,CID3717140,Go Sedan,Nehru Place,New Delhi Railway Station,13.7,,1.0,Change of plans,,,,,,,,,,2024-07-23 13:49:36,2024,7,July,23,1,Tuesday,13,0,Afternoon,0,1,0,0,Customer Cancelled,0.0,,0,0,0,0,0,1,0
2024-09-10,18:52:20,CNR7287698,Completed,CID9155748,Auto,Raj Nagar Extension,Jama Masjid,8.7,21.0,,,,,,,895.0,3.95,4.9,4.5,UPI,2024-09-10 18:52:20,2024,9,September,10,1,Tuesday,18,0,Evening,1,0,0,0,Completed,895.0,226.58227848101265,1,1,1,1,1,1,1
2024-07-13,12:12:27,CNR7293147,Completed,CID3648607,Go Mini,Bhiwadi,Sikanderpur,2.4,28.3,,,,,,,650.0,24.9,4.5,3.7,UPI,2024-07-13 12:12:27,2024,7,July,13,5,Saturday,12,1,Afternoon,1,0,0,0,Completed,650.0,26.104417670682732,1,1,1,1,1,1,1
2024-05-12,13:28:49,CNR7293147,Completed,CID2342685,Auto,Moolchand,Vishwavidyalaya,10.1,18.3,,,,,,,280.0,48.08,3.3,4.3,Uber Wallet,2024-05-12 13:28:49,2024,5,May,12,6,Sunday,13,1,Afternoon,1,0,0,0,Completed,280.0,5.8236272878535775,1,1,1,1,1,1,1
2024-12-13,09:36:43,CNR7309967,No Driver Found,CID4915344,eBike,Vishwavidyalaya,New Colony,,,,,,,,,,,,,,2024-12-13 09:36:43,2024,12,December,13,4,Friday,9,0,Morning,0,0,0,1,No Driver Found,0.0,,0,0,0,0,0,0,0
2024-09-23,21:11:01,CNR7309967,Completed,CID9857862,Go Mini,Ghitorni Village,Sikanderpur,14.4,39.0,,,,,,,383.0,17.77,4.0,4.7,Credit Card,2024-09-23 21:11:01,2024,9,September,23,0,Monday,21,0,Late Evening,1,0,0,0,Completed,383.0,21.553179516038266,1,1,1,1,1,1,1
2024-07-05,23:42:34,CNR7314753,Cancelled by Customer,CID5643374,Go Mini,IGNOU Road,Preet Vihar,8.1,,1.0,Driver is not moving towards pickup location,,,,,,,,,,2024-07-05 23:42:34,2024,7,July,5,4,Friday,23,0,Late Evening,0,1,0,0,Customer Cancelled,0.0,,0,0,0,0,0,1,0
2024-12-27,04:54:43,CNR7314753,Completed,CID7836846,Go Mini,Subhash Chowk,Paharganj,4.3,21.2,,,,,,,324.0,16.87,4.4,3.8,UPI,2024-12-27 04:54:43,2024,12,December,27,4,Friday,4,0,Night,1,0,0,0,Completed,324.0,19.20569057498518,1,1,1,1,1,1,1
2024-01-25,19:24:25,CNR7316820,Cancelled by Driver,CID4384939,Premier Sedan,Pragati Maidan,Delhi Gate,5.2,,,,1.0,Customer related issue,,,,,,,,2024-01-25 19:24:25,2024,1,January,25,3,Thursday,19,0,Evening,0,1,0,0,Driver Cancelled,0.0,,0,0,0,0,0,1,0
2024-09-15,14:38:06,CNR7316820,Completed,CID9212813,Go Mini,Tughlakabad,Jhilmil,10.6,21.2,,,,,,,933.0,24.78,4.4,4.3,Cash,2024-09-15 14:38:06,2024,9,September,15,6,Sunday,14,1,Afternoon,1,0,0,0,Completed,933.0,37.65133171912833,1,1,1,1,1,1,1
2024-11-14,10:14:18,CNR7323750,Cancelled by Driver,CID4010105,Go Sedan,Chanakyapuri,Janakpuri,4.3,,,,1.0,The customer was coughing/sick,,,,,,,,2024-11-14 10:14:18,2024,11,November,14,3,Thursday,10,0,Morning,0,1,0,0,Driver Cancelled,0.0,,0,0,0,0,0,1,0
2024-07-21,22:59:29,CNR7323750,No Driver Found,CID3281490,Bike,Noida Film City,IGI Airport,,,,,,,,,,,,,,2024-07-21 22:59:29,2024,7,July,21,6,Sunday,22,1,Late Evening,0,0,0,1,No Driver Found,0.0,,0,0,0,0,0,0,0
2024-08-01,16:53:23,CNR7330976,Completed,CID2333055,Premier Sedan,Ghitorni Village,Khandsa,4.4,27.9,,,,,,,938.0,23.83,4.3,4.9,UPI,2024-08-01 16:53:23,2024,8,August,1,3,Thursday,16,0,Afternoon,1,0,0,0,Completed,938.0,39.362148552245074,1,1,1,1,1,1,1
2024-02-06,10:13:45,CNR7330976,Incomplete,CID3263911,Bike,Rajouri Garden,Khandsa,9.9,10.4,,,,,1.0,Customer Demand,769.0,12.47,,,Cash,2024-02-06 10:13:45,2024,2,February,6,1,Tuesday,10,0,Morning,0,0,1,0,Incomplete,0.0,,1,1,0,0,1,1,1
2024-04-01,03:51:10,CNR7346835,Cancelled by Driver,CID7057520,Uber XL,Panipat,Sarojini Nagar,5.9,,,,1.0,More than permitted people in there,,,,,,,,2024-04-01 03:51:10,2024,4,April,1,0,Monday,3,0,Night,0,1,0,0,Driver Cancelled,0.0,,0,0,0,0,0,1,0
2024-01-04,11:27:02,CNR7346835,Completed,CID6488295,Auto,Qutub Minar,Okhla,11.1,38.2,,,,,,,502.0,45.62,4.5,4.8,UPI,2024-01-04 11:27:02,2024,1,January,4,3,Thursday,11,0,Morning,1,0,0,0,Completed,502.0,11.003945637878124,1,1,1,1,1,1,1
2024-12-21,02:06:49,CNR7354391,Cancelled by Driver,CID4205900,Go Mini,Sarai Kale Khan,Vidhan Sabha,4.5,,,,1.0,More than permitted people in there,,,,,,,,2024-12-21 02:06:49,2024,12,December,21,5,Saturday,2,1,Night,0,1,0,0,Driver Cancelled,0.0,,0,0,0,0,0,1,0
2024-04-21,20:32:31,CNR7354391,Completed,CID1447588,Auto,GTB Nagar,AIIMS,6.2,24.5,,,,,,,389.0,43.97,3.3,4.0,UPI,2024-04-21 20:32:31,2024,4,April,21,6,Sunday,20,1,Evening,1,0,0,0,Completed,389.0,8.846941096201956,1,1,1,1,1,1,1
2024-01-09,10:42:39,CNR7355516,Completed,CID9571652,Auto,Sadar Bazar Gurgaon,Faridabad Sector 15,14.5,16.8,,,,,,,293.0,41.53,4.2,4.6,UPI,2024-01-09 10:42:39,2024,1,January,9,1,Tuesday,10,0,Morning,1,0,0,0,Completed,293.0,7.05514086202745,1,1,1,1,1,1,1
2024-05-29,20:29:29,CNR7355516,Completed,CID1542454,Go Mini,Vidhan Sabha,Preet Vihar,3.5,36.9,,,,,,,267.0,21.48,4.6,4.5,Cash,2024-05-29 20:29:29,2024,5,May,29,2,Wednesday,20,0,Evening,1,0,0,0,Completed,267.0,12.430167597765363,1,1,1,1,1,1,1
2024-12-21,18:32:49,CNR7361622,Completed,CID2808127,Go Mini,Ashok Park Main,Welcome,11.7,27.4,,,,,,,97.0,21.08,3.9,4.2,UPI,2024-12-21 18:32:49,2024,12,December,21,5,Saturday,18,1,Evening,1,0,0,0,Completed,97.0,4.601518026565465,1,1,1,1,1,1,1
2024-05-13,21:47:17,CNR7361622,Completed,CID7083121,Bike,Inderlok,GTB Nagar,5.2,28.5,,,,,,,287.0,15.34,4.9,4.2,Uber Wallet,2024-05-13 21:47:17,2024,5,May,13,0,Monday,21,0,Late Evening,1,0,0,0,Completed,287.0,18.709256844850067,1,1,1,1,1,1,1
2024-10-05,16:54:24,CNR7377211,Completed,CID3550397,Premier Sedan,Civil Lines Gurgaon,Sadar Bazar Gurgaon,2.4,41.4,,,,,,,604.0,4.78,4.3,5.0,Cash,2024-10-05 16:54:24,2024,10,October,5,5,Saturday,16,1,Afternoon,1,0,0,0,Completed,604.0,126.35983263598325,1,1,1,1,1,1,1
2024-04-05,20:32:56,CNR7377211,Cancelled by Driver,CID2468043,Bike,Old Gurgaon,Pataudi Chowk,9.8,,,,1.0,More than permitted people in there,,,,,,,,2024-04-05 20:32:56,2024,4,April,5,4,Friday,20,0,Evening,0,1,0,0,Driver Cancelled,0.0,,0,0,0,0,0,1,0
2024-07-09,05:26:46,CNR7388653,Incomplete,CID8757880,Auto,Rajiv Chowk,Chhatarpur,6.7,18.1,,,,,1.0,Vehicle Breakdown,481.0,9.56,,,Uber Wallet,2024-07-09 05:26:46,2024,7,July,9,1,Tuesday,5,0,Night,0,0,1,0,Incomplete,0.0,,1,1,0,0,1,1,1
2024-04-05,15:56:34,CNR7388653,Cancelled by Customer,CID6138809,Go Sedan,Arjangarh,Moolchand,16.2,,1.0,AC is not working,,,,,,,,,,2024-04-05 15:56:34,2024,4,April,5,4,Friday,15,0,Afternoon,0,1,0,0,Customer Cancelled,0.0,,0,0,0,0,0,1,0
2024-10-15,22:52:41,CNR7391569,Completed,CID2087309,Auto,Vinobapuri,Satguru Ram Singh Marg,11.0,22.5,,,,,,,240.0,5.04,3.7,4.7,Credit Card,2024-10-15 22:52:41,2024,10,October,15,1,Tuesday,22,0,Late Evening,1,0,0,0,Completed,240.0,47.61904761904762,1,1,1,1,1,1,1
2024-08-02,13:11:08,CNR7391569,Completed,CID9660794,Go Mini,Chhatarpur,Rajiv Chowk,10.4,21.9,,,,,,,81.0,2.85,4.7,4.6,Debit Card,2024-08-02 13:11:08,2024,8,August,2,4,Friday,13,0,Afternoon,1,0,0,0,Completed,81.0,28.421052631578945,1,1,1,1,1,1,1
2024-08-21,06:07:01,CNR7396575,Completed,CID8921844,eBike,South Extension,Ashok Vihar,13.7,23.1,,,,,,,269.0,5.86,4.1,4.3,Credit Card,2024-08-21 06:07:01,2024,8,August,21,2,Wednesday,6,0,Morning,1,0,0,0,Completed,269.0,45.90443686006826,1,1,1,1,1,1,1
2024-07-29,20:14:59,CNR7396575,Completed,CID7698426,Premier Sedan,Uttam Nagar,Jhilmil,9.1,16.9,,,,,,,59.0,9.0,4.7,3.0,Credit Card,2024-07-29 20:14:59,2024,7,July,29,0,Monday,20,0,Evening,1,0,0,0,Completed,59.0,6.555555555555555,1,1,1,1,1,1,1
2024-03-20,12:49:48,CNR7402495,Completed,CID7368261,Auto,Hauz Khas,Laxmi Nagar,13.6,32.5,,,,,,,464.0,47.07,4.3,4.2,Uber Wallet,2024-03-20 12:49:48,2024,3,March,20,2,Wednesday,12,0,Afternoon,1,0,0,0,Completed,464.0,9.857658806033568,1,1,1,1,1,1,1
2024-02-16,21:41:41,CNR7402495,Completed,CID9902197,Go Sedan,Botanical Garden,AIIMS,8.1,24.9,,,,,,,739.0,37.65,3.1,4.9,Cash,2024-02-16 21:41:41,2024,2,February,16,4,Friday,21,0,Late Evening,1,0,0,0,Completed,739.0,19.628154050464808,1,1,1,1,1,1,1
2024-08-01,18:13:12,CNR7407858,Incomplete,CID4946630,Bike,Lajpat Nagar,Munirka,4.5,16.5,,,,,1.0,Vehicle Breakdown,719.0,10.82,,,Uber Wallet,2024-08-01 18:13:12,2024,8,August,1,3,Thursday,18,0,Evening,0,0,1,0,Incomplete,0.0,,1,1,0,0,1,1,1
2024-09-16,21:16:32,CNR7407858,No Driver Found,CID8066109,Go Sedan,Madipur,Akshardham,,,,,,,,,,,,,,2024-09-16 21:16:32,2024,9,September,16,0,Monday,21,0,Late Evening,0,0,0,1,No Driver Found,0.0,,0,0,0,0,0,0,0
2024-03-31,11:10:55,CNR7408737,Cancelled by Driver,CID9154134,Bike,Barakhamba Road,Udyog Vihar Phase 4,8.3,,,,1.0,Personal & Car related issues,,,,,,,,2024-03-31 11:10:55,2024,3,March,31,6,Sunday,11,1,Morning,0,1,0,0,Driver Cancelled,0.0,,0,0,0,0,0,1,0
2024-06-09,15:53:00,CNR7408737,Completed,CID2645142,Premier Sedan,Jasola,Qutub Minar,11.6,24.4,,,,,,,236.0,15.8,4.9,4.3,Credit Card,2024-06-09 15:53:00,2024,6,June,9,6,Sunday,15,1,Afternoon,1,0,0,0,Completed,236.0,14.936708860759493,1,1,1,1,1,1,1
2024-01-26,08:47:06,CNR7410843,Completed,CID8391963,eBike,Seelampur,Meerut,4.8,32.3,,,,,,,609.0,2.57,4.6,4.1,UPI,2024-01-26 08:47:06,2024,1,January,26,4,Friday,8,0,Morning,1,0,0,0,Completed,609.0,236.9649805447471,1,1,1,1,1,1,1
2024-02-10,06:38:47,CNR7410843,Incomplete,CID5570660,Bike,Mundka,Ashram,4.9,13.1,,,,,1.0,Other Issue,703.0,17.03,,,Credit Card,2024-02-10 06:38:47,2024,2,February,10,5,Saturday,6,1,Morning,0,0,1,0,Incomplete,0.0,,1,1,0,0,1,1,1
2024-03-12,13:05:17,CNR7417409,Completed,CID2306906,Go Sedan,Central Secretariat,Huda City Centre,13.7,41.4,,,,,,,337.0,48.85,4.6,4.3,Cash,2024-03-12 13:05:17,2024,3,March,12,1,Tuesday,13,0,Afternoon,1,0,0,0,Completed,337.0,6.8986693961105425,1,1,1,1,1,1,1
2024-10-08,01:13:27,CNR7417409,Completed,CID9712019,Auto,RK Puram,Manesar,10.2,26.1,,,,,,,772.0,10.31,4.2,4.9,Debit Card,2024-10-08 01:13:27,2024,10,October,8,1,Tuesday,1,0,Night,1,0,0,0,Completed,772.0,74.87875848690591,1,1,1,1,1,1,1
2024-03-09,10:52:38,CNR7417664,Cancelled by Driver,CID1220654,Bike,INA Market,Laxmi Nagar,3.4,,,,1.0,Customer related issue,,,,,,,,2024-03-09 10:52:38,2024,3,March,9,5,Saturday,10,1,Morning,0,1,0,0,Driver Cancelled,0.0,,0,0,0,0,0,1,0
2024-03-14,10:45:22,CNR7417664,No Driver Found,CID2502556,Bike,AIIMS,Paharganj,,,,,,,,,,,,,,2024-03-14 10:45:22,2024,3,March,14,3,Thursday,10,0,Morning,0,0,0,1,No Driver Found,0.0,,0,0,0,0,0,0,0
2024-03-09,13:46:37,CNR7431533,Completed,CID8475448,Auto,Old Gurgaon,Saket A Block,12.3,29.2,,,,,,,193.0,28.65,4.7,4.3,UPI,2024-03-09 13:46:37,2024,3,March,9,5,Saturday,13,1,Afternoon,1,0,0,0,Completed,193.0,6.736474694589878,1,1,1,1,1,1,1
2024-11-20,10:41:13,CNR7431533,Completed,CID1251520,eBike,Hauz Rani,Laxmi Nagar,13.0,25.8,,,,,,,215.0,20.42,4.2,4.2,UPI,2024-11-20 10:41:13,2024,11,November,20,2,Wednesday,10,0,Morning,1,0,0,0,Completed,215.0,10.528893241919686,1,1,1,1,1,1,1
2024-07-29,00:56:17,CNR7433163,Completed,CID2761276,Auto,Civil Lines Gurgaon,Saidulajab,13.4,22.0,,,,,,,74.0,42.76,4.2,4.8,UPI,2024-07-29 00:56:17,2024,7,July,29,0,Monday,0,0,Night,1,0,0,0,Completed,74.0,1.7305893358278766,1,1,1,1,1,1,1
2024-03-30,15:06:16,CNR7433163,Completed,CID7686404,eBike,Ghitorni Village,Akshardham,13.3,25.5,,,,,,,302.0,21.04,4.9,4.8,UPI,2024-03-30 15:06:16,2024,3,March,30,5,Saturday,15,1,Afternoon,1,0,0,0,Completed,302.0,14.353612167300382,1,1,1,1,1,1,1
2024-02-24,19:50:16,CNR7436528,Completed,CID8727343,Uber XL,Pragati Maidan,Greater Noida,7.3,38.2,,,,,,,1465.0,6.79,4.9,4.2,UPI,2024-02-24 19:50:16,2024,2,February,24,5,Saturday,19,1,Evening,1,0,0,0,Completed,1465.0,215.7584683357879,1,1,1,1,1,1,1
2024-01-28,09:05:05,CNR7436528,Completed,CID4089910,Auto,Lajpat Nagar,Kirti Nagar,7.5,37.9,,,,,,,718.0,28.7,4.7,5.0,UPI,2024-01-28 09:05:05,2024,1,January,28,6,Sunday,9,1,Morning,1,0,0,0,Completed,718.0,25.017421602787458,1,1,1,1,1,1,1
2024-02-02,09:10:03,CNR7437949,Completed,CID1234593,Go Mini,Ghaziabad,Mundka,10.4,41.5,,,,,,,91.0,46.09,4.1,4.0,UPI,2024-02-02 09:10:03,2024,2,February,2,4,Friday,9,0,Morning,1,0,0,0,Completed,91.0,1.9743979171186807,1,1,1,1,1,1,1
2024-12-24,03:02:06,CNR7437949,Cancelled by Customer,CID3565601,Go Sedan,Sadar Bazar Gurgaon,IGI Airport,10.4,,1.0,Change of plans,,,,,,,,,,2024-12-24 03:02:06,2024,12,December,24,1,Tuesday,3,0,Night,0,1,0,0,Customer Cancelled,0.0,,0,0,0,0,0,1,0
2024-02-02,18:00:51,CNR7439454,Cancelled by Driver,CID1988356,Premier Sedan,Maidan Garhi,New Delhi Railway Station,10.1,,,,1.0,Personal & Car related issues,,,,,,,,2024-02-02 18:00:51,2024,2,February,2,4,Friday,18,0,Evening,0,1,0,0,Driver Cancelled,0.0,,0,0,0,0,0,1,0
2024-06-23,17:40:51,CNR7439454,Completed,CID7629081,Go Sedan,Noida Film City,Vidhan Sabha,10.0,42.6,,,,,,,3524.0,17.8,4.3,4.6,Uber Wallet,2024-06-23 17:40:51,2024,6,June,23,6,Sunday,17,1,Evening,1,0,0,0,Completed,3524.0,197.97752808988764,1,1,1,1,1,1,1
2024-07-03,08:44:27,CNR7452957,Completed,CID3129789,eBike,Ardee City,Saket,8.6,38.8,,,,,,,320.0,30.68,4.3,4.5,UPI,2024-07-03 08:44:27,2024,7,July,3,2,Wednesday,8,0,Morning,1,0,0,0,Completed,320.0,10.430247718383312,1,1,1,1,1,1,1
2024-09-29,18:39:40,CNR7452957,No Driver Found,CID8674464,Go Mini,Tagore Garden,Mandi House,,,,,,,,,,,,,,2024-09-29 18:39:40,2024,9,September,29,6,Sunday,18,1,Evening,0,0,0,1,No Driver Found,0.0,,0,0,0,0,0,0,0
2024-07-03,12:51:43,CNR7459851,Completed,CID6746499,Go Sedan,Anand Vihar,Kherki Daula Toll,11.0,33.3,,,,,,,303.0,34.54,4.2,4.9,Uber Wallet,2024-07-03 12:51:43,2024,7,July,3,2,Wednesday,12,0,Afternoon,1,0,0,0,Completed,303.0,8.772437753329474,1,1,1,1,1,1,1
2024-12-15,16:55:16,CNR7459851,Cancelled by Driver,CID9168789,Bike,Janakpuri,Hauz Khas,10.1,,,,1.0,Personal & Car related issues,,,,,,,,2024-12-15 16:55:16,2024,12,December,15,6,Sunday,16,1,Afternoon,0,1,0,0,Driver Cancelled,0.0,,0,0,0,0,0,1,0
2024-08-25,19:35:12,CNR7465883,Completed,CID6226038,Auto,Khan Market,Faridabad Sector 15,2.7,25.2,,,,,,,900.0,5.63,3.4,4.6,Debit Card,2024-08-25 19:35:12,2024,8,August,25,6,Sunday,19,1,Evening,1,0,0,0,Completed,900.0,159.85790408525756,1,1,1,1,1,1,1
2024-11-06,20:55:55,CNR7465883,Completed,CID3518006,Bike,Mandi House,Ghaziabad,9.0,19.8,,,,,,,814.0,22.51,3.9,4.3,UPI,2024-11-06 20:55:55,2024,11,November,6,2,Wednesday,20,0,Evening,1,0,0,0,Completed,814.0,36.16170590848512,1,1,1,1,1,1,1
2024-08-21,11:56:55,CNR7472712,No Driver Found,CID7671298,Go Mini,Noida Sector 18,Central Secretariat,,,,,,,,,,,,,,2024-08-21 11:56:55,2024,8,August,21,2,Wednesday,11,0,Morning,0,0,0,1,No Driver Found,0.0,,0,0,0,0,0,0,0
2024-03-25,19:13:24,CNR7472712,No Driver Found,CID1492489,Go Mini,Noida Extension,Karol Bagh,,,,,,,,,,,,,,2024-03-25 19:13:24,2024,3,March,25,0,Monday,19,0,Evening,0,0,0,1,No Driver Found,0.0,,0,0,0,0,0,0,0
2024-02-04,14:35:31,CNR7486186,Completed,CID4038600,eBike,Kashmere Gate ISBT,Chirag Delhi,2.8,24.2,,,,,,,2600.0,15.46,4.5,4.5,UPI,2024-02-04 14:35:31,2024,2,February,4,6,Sunday,14,1,Afternoon,1,0,0,0,Completed,2600.0,168.17593790426906,1,1,1,1,1,1,1
2024-06-05,20:04:25,CNR7486186,Completed,CID9804751,Auto,Noida Extension,Meerut,8.0,18.4,,,,,,,241.0,34.58,3.2,4.9,Uber Wallet,2024-06-05 20:04:25,2024,6,June,5,2,Wednesday,20,0,Evening,1,0,0,0,Completed,241.0,6.969346443030654,1,1,1,1,1,1,1
2024-05-19,08:03:14,CNR7490166,Completed,CID6359885,eBike,Sarai Kale Khan,DLF City Court,9.6,24.3,,,,,,,1111.0,48.15,3.7,4.9,UPI,2024-05-19 08:03:14,2024,5,May,19,6,Sunday,8,1,Morning,1,0,0,0,Completed,1111.0,23.07372793354102,1,1,1,1,1,1,1
2024-06-07,09:57:16,CNR7490166,No Driver Found,CID8753410,Go Mini,Ghitorni Village,Ardee City,,,,,,,,,,,,,,2024-06-07 09:57:16,2024,6,June,7,4,Friday,9,0,Morning,0,0,0,1,No Driver Found,0.0,,0,0,0,0,0,0,0
2024-01-09,17:13:19,CNR7490214,Cancelled by Driver,CID5560273,Auto,Golf Course Road,Palam Vihar,4.8,,,,1.0,More than permitted people in there,,,,,,,,2024-01-09 17:13:19,2024,1,January,9,1,Tuesday,17,0,Evening,0,1,0,0,Driver Cancelled,0.0,,0,0,0,0,0,1,0
2024-04-11,17:08:11,CNR7490214,Completed,CID3408697,Auto,Sarai Kale Khan,Shahdara,13.9,20.4,,,,,,,392.0,30.53,4.2,4.9,Cash,2024-04-11 17:08:11,2024,4,April,11,3,Thursday,17,0,Evening,1,0,0,0,Completed,392.0,12.83982967572879,1,1,1,1,1,1,1
2024-08-07,13:25:28,CNR7495444,Completed,CID9487073,Bike,Hero Honda Chowk,New Delhi Railway Station,13.8,44.1,,,,,,,532.0,31.24,4.3,4.4,Cash,2024-08-07 13:25:28,2024,8,August,7,2,Wednesday,13,0,Afternoon,1,0,0,0,Completed,532.0,17.02944942381562,1,1,1,1,1,1,1
2024-11-29,16:34:12,CNR7495444,Cancelled by Driver,CID9601516,Auto,Anand Vihar,Hero Honda Chowk,9.3,,,,1.0,More than permitted people in there,,,,,,,,2024-11-29 16:34:12,2024,11,November,29,4,Friday,16,0,Afternoon,0,1,0,0,Driver Cancelled,0.0,,0,0,0,0,0,1,0
2024-12-21,12:23:54,CNR7521829,Completed,CID7724022,Auto,Welcome,Anand Vihar ISBT,13.0,23.5,,,,,,,549.0,30.14,4.2,4.9,Uber Wallet,2024-12-21 12:23:54,2024,12,December,21,5,Saturday,12,1,Afternoon,1,0,0,0,Completed,549.0,18.214996682149966,1,1,1,1,1,1,1
2024-02-04,21:21:33,CNR7521829,Incomplete,CID4160584,Bike,AIIMS,Govindpuri,6.7,23.9,,,,,1.0,Customer Demand,360.0,12.77,,,Credit Card,2024-02-04 21:21:33,2024,2,February,4,6,Sunday,21,1,Late Evening,0,0,1,0,Incomplete,0.0,,1,1,0,0,1,1,1
2024-08-22,08:23:40,CNR7525379,Completed,CID1847683,Bike,Golf Course Road,Shahdara,10.6,35.7,,,,,,,60.0,9.23,4.0,4.2,Cash,2024-08-22 08:23:40,2024,8,August,22,3,Thursday,8,0,Morning,1,0,0,0,Completed,60.0,6.500541711809317,1,1,1,1,1,1,1
2024-04-09,12:55:10,CNR7525379,Incomplete,CID2118835,Auto,Okhla,Madipur,8.6,19.3,,,,,1.0,Other Issue,475.0,11.88,,,Cash,2024-04-09 12:55:10,2024,4,April,9,1,Tuesday,12,0,Afternoon,0,0,1,0,Incomplete,0.0,,1,1,0,0,1,1,1
2024-01-17,20:09:43,CNR7526456,Cancelled by Customer,CID3494323,Premier Sedan,Qutub Minar,Barakhamba Road,17.9,,1.0,Wrong Address,,,,,,,,,,2024-01-17 20:09:43,2024,1,January,17,2,Wednesday,20,0,Evening,0,1,0,0,Customer Cancelled,0.0,,0,0,0,0,0,1,0
2024-12-02,07:00:32,CNR7526456,Completed,CID8938173,Go Sedan,Dilshad Garden,Noida Extension,3.9,36.2,,,,,,,927.0,39.47,4.8,4.3,Uber Wallet,2024-12-02 07:00:32,2024,12,December,2,0,Monday,7,0,Morning,1,0,0,0,Completed,927.0,23.48619204459083,1,1,1,1,1,1,1
2024-11-06,00:50:00,CNR7546077,Cancelled by Driver,CID4687866,Go Sedan,Delhi Gate,Tughlakabad,4.8,,,,1.0,Customer related issue,,,,,,,,2024-11-06 00:50:00,2024,11,November,6,2,Wednesday,0,0,Night,0,1,0,0,Driver Cancelled,0.0,,0,0,0,0,0,1,0
2024-09-23,19:53:48,CNR7546077,Cancelled by Driver,CID5375616,Premier Sedan,Mundka,Peeragarhi,8.8,,,,1.0,Customer related issue,,,,,,,,2024-09-23 19:53:48,2024,9,September,23,0,Monday,19,0,Evening,0,1,0,0,Driver Cancelled,0.0,,0,0,0,0,0,1,0
2024-09-24,08:40:00,CNR7551078,Completed,CID5287077,Go Sedan,Anand Vihar,Rajouri Garden,11.7,28.0,,,,,,,109.0,49.87,4.3,4.5,UPI,2024-09-24 08:40:00,2024,9,September,24,1,Tuesday,8,0,Morning,1,0,0,0,Completed,109.0,2.1856827752155605,1,1,1,1,1,1,1
2024-05-06,21:30:45,CNR7551078,Completed,CID2329633,Go Sedan,Karkarduma,Kirti Nagar,7.8,23.1,,,,,,,895.0,20.53,4.8,4.3,UPI,2024-05-06 21:30:45,2024,5,May,6,0,Monday,21,0,Late Evening,1,0,0,0,Completed,895.0,43.59473940574768,1,1,1,1,1,1,1
2024-05-07,17:02:10,CNR7563960,Completed,CID6627279,Uber XL,Raj Nagar Extension,Lok Kalyan Marg,14.8,32.0,,,,,,,980.0,29.48,4.6,3.9,Cash,2024-05-07 17:02:10,2024,5,May,7,1,Tuesday,17,0,Evening,1,0,0,0,Completed,980.0,33.242876526458616,1,1,1,1,1,1,1
2024-05-14,07:55:12,CNR7563960,Cancelled by Driver,CID1410894,Bike,Ashok Vihar,South Extension,7.5,,,,1.0,More than permitted people in there,,,,,,,,2024-05-14 07:55:12,2024,5,May,14,1,Tuesday,7,0,Morning,0,1,0,0,Driver Cancelled,0.0,,0,0,0,0,0,1,0
2024-01-19,10:51:46,CNR7563991,Completed,CID5988791,Premier Sedan,Kalkaji,Vaishali,5.0,42.6,,,,,,,495.0,4.47,4.6,4.5,Cash,2024-01-19 10:51:46,2024,1,January,19,4,Friday,10,0,Morning,1,0,0,0,Completed,495.0,110.73825503355705,1,1,1,1,1,1,1
2024-05-01,08:06:40,CNR7563991,Cancelled by Driver,CID8066472,Auto,IGNOU Road,Dilshad Garden,5.4,,,,1.0,More than permitted people in there,,,,,,,,2024-05-01 08:06:40,2024,5,May,1,2,Wednesday,8,0,Morning,0,1,0,0,Driver Cancelled,0.0,,0,0,0,0,0,1,0
2024-11-08,21:57:34,CNR7567361,Completed,CID2962676,Auto,Okhla,Akshardham,13.5,41.1,,,,,,,147.0,37.48,4.5,3.8,UPI,2024-11-08 21:57:34,2024,11,November,8,4,Friday,21,0,Late Evening,1,0,0,0,Completed,147.0,3.922091782283885,1,1,1,1,1,1,1
2024-08-27,21:08:36,CNR7567361,Completed,CID3083409,Uber XL,Greater Noida,Model Town,12.5,44.4,,,,,,,377.0,36.78,3.2,4.5,Cash,2024-08-27 21:08:36,2024,8,August,27,1,Tuesday,21,0,Late Evening,1,0,0,0,Completed,377.0,10.250135943447525,1,1,1,1,1,1,1
2024-12-06,20:53:45,CNR7584977,Cancelled by Driver,CID2149706,Bike,Anand Vihar,Madipur,5.6,,,,1.0,The customer was coughing/sick,,,,,,,,2024-12-06 20:53:45,2024,12,December,6,4,Friday,20,0,Evening,0,1,0,0,Driver Cancelled,0.0,,0,0,0,0,0,1,0
2024-07-19,12:27:12,CNR7584977,Cancelled by Customer,CID7954147,Premier Sedan,Noida Extension,Kalkaji,12.0,,1.0,AC is not working,,,,,,,,,,2024-07-19 12:27:12,2024,7,July,19,4,Friday,12,0,Afternoon,0,1,0,0,Customer Cancelled,0.0,,0,0,0,0,0,1,0
2024-01-14,10:01:37,CNR7585544,Completed,CID5216867,Uber XL,Kalkaji,Vidhan Sabha,9.5,23.1,,,,,,,300.0,19.82,3.8,4.1,Cash,2024-01-14 10:01:37,2024,1,January,14,6,Sunday,10,1,Morning,1,0,0,0,Completed,300.0,15.136226034308779,1,1,1,1,1,1,1
2024-06-11,11:14:52,CNR7585544,Completed,CID8495428,Premier Sedan,Pragati Maidan,Janakpuri,7.0,41.0,,,,,,,196.0,8.51,4.0,4.6,Uber Wallet,2024-06-11 11:14:52,2024,6,June,11,1,Tuesday,11,0,Morning,1,0,0,0,Completed,196.0,23.031727379553466,1,1,1,1,1,1,1
2024-02-23,12:42:56,CNR7585544,Completed,CID5335035,Premier Sedan,Noida Sector 18,Mansarovar Park,6.2,33.0,,,,,,,531.0,37.83,4.2,4.2,Cash,2024-02-23 12:42:56,2024,2,February,23,4,Friday,12,0,Afternoon,1,0,0,0,Completed,531.0,14.036478984932593,1,1,1,1,1,1,1
2024-03-15,23:18:52,CNR7586603,Completed,CID3101709,Auto,Chirag Delhi,AIIMS,6.6,31.1,,,,,,,734.0,31.43,4.5,4.2,Credit Card,2024-03-15 23:18:52,2024,3,March,15,4,Friday,23,0,Late Evening,1,0,0,0,Completed,734.0,23.35348393254852,1,1,1,1,1,1,1
2024-02-17,17:47:58,CNR7586603,Completed,CID3562245,Go Mini,Chhatarpur,Gurgaon Sector 29,12.6,44.7,,,,,,,571.0,18.67,3.3,4.9,Cash,2024-02-17 17:47:58,2024,2,February,17,5,Saturday,17,1,Evening,1,0,0,0,Completed,571.0,30.583824317086233,1,1,1,1,1,1,1
2024-08-08,16:16:13,CNR7591975,Completed,CID6845955,Go Mini,Chandni Chowk,Greater Kailash,12.8,17.0,,,,,,,947.0,46.97,4.1,4.9,Credit Card,2024-08-08 16:16:13,2024,8,August,8,3,Thursday,16,0,Afternoon,1,0,0,0,Completed,947.0,20.161805407707046,1,1,1,1,1,1,1
2024-02-01,18:33:21,CNR7591975,Cancelled by Driver,CID1354184,Go Mini,Okhla,Inderlok,8.9,,,,1.0,Customer related issue,,,,,,,,2024-02-01 18:33:21,2024,2,February,1,3,Thursday,18,0,Evening,0,1,0,0,Driver Cancelled,0.0,,0,0,0,0,0,1,0
2024-10-04,06:20:08,CNR7593517,Completed,CID9987557,Auto,Vatika Chowk,Kherki Daula Toll,13.3,34.2,,,,,,,208.0,17.02,4.3,4.3,Credit Card,2024-10-04 06:20:08,2024,10,October,4,4,Friday,6,0,Morning,1,0,0,0,Completed,208.0,12.220916568742656,1,1,1,1,1,1,1
2024-05-22,16:02:59,CNR7593517,Cancelled by Driver,CID6339957,Go Sedan,Indirapuram,Saket,11.1,,,,1.0,Customer related issue,,,,,,,,2024-05-22 16:02:59,2024,5,May,22,2,Wednesday,16,0,Afternoon,0,1,0,0,Driver Cancelled,0.0,,0,0,0,0,0,1,0
2024-08-21,15:33:26,CNR7611391,Completed,CID5240043,Go Mini,Sohna Road,Welcome,14.5,19.9,,,,,,,190.0,26.26,3.8,4.6,UPI,2024-08-21 15:33:26,2024,8,August,21,2,Wednesday,15,0,Afternoon,1,0,0,0,Completed,190.0,7.235338918507235,1,1,1,1,1,1,1
2024-09-11,08:44:38,CNR7611391,Completed,CID6638998,Go Sedan,DLF Phase 3,Qutub Minar,3.6,22.5,,,,,,,269.0,8.15,4.3,4.6,UPI,2024-09-11 08:44:38,2024,9,September,11,2,Wednesday,8,0,Morning,1,0,0,0,Completed,269.0,33.00613496932515,1,1,1,1,1,1,1
2024-06-05,10:19:03,CNR7629981,Cancelled by Driver,CID1341188,Go Sedan,India Gate,Udyog Vihar Phase 4,3.9,,,,1.0,Customer related issue,,,,,,,,2024-06-05 10:19:03,2024,6,June,5,2,Wednesday,10,0,Morning,0,1,0,0,Driver Cancelled,0.0,,0,0,0,0,0,1,0
2024-11-17,08:59:48,CNR7629981,Completed,CID2010687,Auto,IMT Manesar,New Colony,12.3,22.2,,,,,,,630.0,36.93,3.3,3.6,Cash,2024-11-17 08:59:48,2024,11,November,17,6,Sunday,8,1,Morning,1,0,0,0,Completed,630.0,17.059301380991066,1,1,1,1,1,1,1
2024-06-21,18:48:09,CNR7642097,Completed,CID3093079,Auto,Gurgaon Sector 56,IMT Manesar,4.2,25.8,,,,,,,871.0,47.22,4.9,5.0,Credit Card,2024-06-21 18:48:09,2024,6,June,21,4,Friday,18,0,Evening,1,0,0,0,Completed,871.0,18.44557390936044,1,1,1,1,1,1,1
2024-09-19,14:52:45,CNR7642097,Completed,CID8007251,Go Sedan,Preet Vihar,Cyber Hub,9.4,42.0,,,,,,,415.0,45.29,4.5,4.4,UPI,2024-09-19 14:52:45,2024,9,September,19,3,Thursday,14,0,Afternoon,1,0,0,0,Completed,415.0,9.16317067785383,1,1,1,1,1,1,1
2024-05-26,22:03:42,CNR7642097,Cancelled by Driver,CID8488681,Auto,Rajouri Garden,Mehrauli,4.4,,,,1.0,Customer related issue,,,,,,,,2024-05-26 22:03:42,2024,5,May,26,6,Sunday,22,1,Late Evening,0,1,0,0,Driver Cancelled,0.0,,0,0,0,0,0,1,0
2024-03-25,10:33:46,CNR7648682,Cancelled by Customer,CID2509548,Go Mini,Karol Bagh,Rajouri Garden,16.7,,1.0,Driver is not moving towards pickup location,,,,,,,,,,2024-03-25 10:33:46,2024,3,March,25,0,Monday,10,0,Morning,0,1,0,0,Customer Cancelled,0.0,,0,0,0,0,0,1,0
2024-01-20,09:12:55,CNR7648682,Cancelled by Driver,CID6247720,Go Mini,Greater Noida,Sohna Road,6.6,,,,1.0,Customer related issue,,,,,,,,2024-01-20 09:12:55,2024,1,January,20,5,Saturday,9,1,Morning,0,1,0,0,Driver Cancelled,0.0,,0,0,0,0,0,1,0
2024-04-29,03:40:25,CNR7653970,No Driver Found,CID8009558,Bike,Karkarduma,Kashmere Gate ISBT,,,,,,,,,,,,,,2024-04-29 03:40:25,2024,4,April,29,0,Monday,3,0,Night,0,0,0,1,No Driver Found,0.0,,0,0,0,0,0,0,0
2024-10-15,07:27:21,CNR7653970,Cancelled by Driver,CID5295419,Go Mini,Gwal Pahari,Tis Hazari,7.5,,,,1.0,Personal & Car related issues,,,,,,,,2024-10-15 07:27:21,2024,10,October,15,1,Tuesday,7,0,Morning,0,1,0,0,Driver Cancelled,0.0,,0,0,0,0,0,1,0
2024-02-01,21:40:45,CNR7656524,Completed,CID8792706,Go Sedan,AIIMS,Ashok Park Main,3.2,20.3,,,,,,,139.0,3.4,4.3,4.4,Credit Card,2024-02-01 21:40:45,2024,2,February,1,3,Thursday,21,0,Late Evening,1,0,0,0,Completed,139.0,40.88235294117647,1,1,1,1,1,1,1
2024-05-17,05:53:16,CNR7656524,No Driver Found,CID4156695,Go Mini,Civil Lines Gurgaon,DLF City Court,,,,,,,,,,,,,,2024-05-17 05:53:16,2024,5,May,17,4,Friday,5,0,Night,0,0,0,1,No Driver Found,0.0,,0,0,0,0,0,0,0
2024-09-25,20:26:16,CNR7656783,Completed,CID9095378,Premier Sedan,Panipat,Arjangarh,7.7,36.5,,,,,,,174.0,4.71,4.3,4.3,Cash,2024-09-25 20:26:16,2024,9,September,25,2,Wednesday,20,0,Evening,1,0,0,0,Completed,174.0,36.94267515923567,1,1,1,1,1,1,1
2024-07-25,09:00:14,CNR7656783,Completed,CID2114866,Go Sedan,Jhilmil,IFFCO Chowk,3.8,24.3,,,,,,,890.0,10.69,5.0,4.6,Uber Wallet,2024-07-25 09:00:14,2024,7,July,25,3,Thursday,9,0,Morning,1,0,0,0,Completed,890.0,83.2553788587465,1,1,1,1,1,1,1
2024-10-05,18:04:45,CNR7663699,Incomplete,CID4826286,Go Sedan,DLF Phase 3,Kirti Nagar,8.8,19.7,,,,,1.0,Vehicle Breakdown,967.0,12.91,,,UPI,2024-10-05 18:04:45,2024,10,October,5,5,Saturday,18,1,Evening,0,0,1,0,Incomplete,0.0,,1,1,0,0,1,1,1
2024-10-11,21:27:08,CNR7663699,Completed,CID3592456,Go Mini,Dilshad Garden,IIT Delhi,2.1,37.1,,,,,,,88.0,8.95,4.2,4.8,Cash,2024-10-11 21:27:08,2024,10,October,11,4,Friday,21,0,Late Evening,1,0,0,0,Completed,88.0,9.832402234636872,1,1,1,1,1,1,1
2024-02-13,10:33:06,CNR7665959,Completed,CID1535233,Premier Sedan,Sarai Kale Khan,Welcome,11.0,28.6,,,,,,,879.0,11.54,4.2,4.3,Uber Wallet,2024-02-13 10:33:06,2024,2,February,13,1,Tuesday,10,0,Morning,1,0,0,0,Completed,879.0,76.16984402079723,1,1,1,1,1,1,1
2024-07-21,20:58:46,CNR7665959,Completed,CID2437807,Premier Sedan,Golf Course Road,DLF City Court,9.5,23.9,,,,,,,443.0,16.75,4.7,4.6,UPI,2024-07-21 20:58:46,2024,7,July,21,6,Sunday,20,1,Evening,1,0,0,0,Completed,443.0,26.44776119402985,1,1,1,1,1,1,1
2024-08-23,11:37:48,CNR7667933,Cancelled by Driver,CID2093244,Go Sedan,Meerut,GTB Nagar,3.4,,,,1.0,Customer related issue,,,,,,,,2024-08-23 11:37:48,2024,8,August,23,4,Friday,11,0,Morning,0,1,0,0,Driver Cancelled,0.0,,0,0,0,0,0,1,0
2024-05-01,14:26:02,CNR7667933,Completed,CID5253893,Go Sedan,Shivaji Park,Sikanderpur,4.0,41.2,,,,,,,170.0,10.05,3.8,4.6,Credit Card,2024-05-01 14:26:02,2024,5,May,1,2,Wednesday,14,0,Afternoon,1,0,0,0,Completed,170.0,16.915422885572138,1,1,1,1,1,1,1
2024-08-08,17:42:29,CNR7670420,Completed,CID8023914,Premier Sedan,Badshahpur,Barakhamba Road,10.5,24.3,,,,,,,250.0,17.75,5.0,4.6,UPI,2024-08-08 17:42:29,2024,8,August,8,3,Thursday,17,0,Evening,1,0,0,0,Completed,250.0,14.084507042253522,1,1,1,1,1,1,1
2024-04-01,09:54:46,CNR7670420,Completed,CID5918251,Go Sedan,New Colony,Kalkaji,5.9,36.4,,,,,,,855.0,41.63,4.2,4.4,Cash,2024-04-01 09:54:46,2024,4,April,1,0,Monday,9,0,Morning,1,0,0,0,Completed,855.0,20.53807350468412,1,1,1,1,1,1,1
2024-08-21,10:25:55,CNR7677975,No Driver Found,CID4501096,Auto,Ashram,Sohna Road,,,,,,,,,,,,,,2024-08-21 10:25:55,2024,8,August,21,2,Wednesday,10,0,Morning,0,0,0,1,No Driver Found,0.0,,0,0,0,0,0,0,0
2024-07-15,12:07:46,CNR7677975,Completed,CID8106088,Premier Sedan,Dilshad Garden,Hauz Khas,7.4,38.9,,,,,,,760.0,14.04,4.3,4.3,Cash,2024-07-15 12:07:46,2024,7,July,15,0,Monday,12,0,Afternoon,1,0,0,0,Completed,760.0,54.131054131054135,1,1,1,1,1,1,1
2024-12-23,10:22:14,CNR7701097,Incomplete,CID1598470,Premier Sedan,Arjangarh,Rithala,8.3,21.1,,,,,1.0,Vehicle Breakdown,470.0,10.31,,,Cash,2024-12-23 10:22:14,2024,12,December,23,0,Monday,10,0,Morning,0,0,1,0,Incomplete,0.0,,1,1,0,0,1,1,1
2024-06-15,20:11:50,CNR7701097,Completed,CID4913366,Go Sedan,Pulbangash,Kadarpur,5.4,19.8,,,,,,,375.0,21.21,4.4,4.7,UPI,2024-06-15 20:11:50,2024,6,June,15,5,Saturday,20,1,Evening,1,0,0,0,Completed,375.0,17.68033946251768,1,1,1,1,1,1,1
2024-10-28,15:05:02,CNR7703751,Completed,CID9320040,Auto,Nirman Vihar,Manesar,14.0,43.5,,,,,,,661.0,26.56,3.9,3.4,Credit Card,2024-10-28 15:05:02,2024,10,October,28,0,Monday,15,0,Afternoon,1,0,0,0,Completed,661.0,24.887048192771086,1,1,1,1,1,1,1
2024-05-22,20:04:55,CNR7703751,Cancelled by Driver,CID5759706,Go Sedan,Munirka,Kashmere Gate,5.6,,,,1.0,Personal & Car related issues,,,,,,,,2024-05-22 20:04:55,2024,5,May,22,2,Wednesday,20,0,Evening,0,1,0,0,Driver Cancelled,0.0,,0,0,0,0,0,1,0
2024-09-01,19:33:00,CNR7705953,Completed,CID2669567,Go Mini,Ardee City,Paharganj,5.7,21.1,,,,,,,387.0,23.23,4.3,4.3,UPI,2024-09-01 19:33:00,2024,9,September,1,6,Sunday,19,1,Evening,1,0,0,0,Completed,387.0,16.659492036160138,1,1,1,1,1,1,1
2024-01-29,18:52:53,CNR7705953,Completed,CID2768790,Go Mini,Ghitorni,Chandni Chowk,10.3,31.8,,,,,,,425.0,38.24,4.0,4.7,UPI,2024-01-29 18:52:53,2024,1,January,29,0,Monday,18,0,Evening,1,0,0,0,Completed,425.0,11.114016736401673,1,1,1,1,1,1,1
2024-06-19,06:46:29,CNR7715554,Completed,CID7376651,Go Sedan,Udyog Bhawan,Vinobapuri,3.3,40.5,,,,,,,93.0,23.12,4.3,4.9,Uber Wallet,2024-06-19 06:46:29,2024,6,June,19,2,Wednesday,6,0,Morning,1,0,0,0,Completed,93.0,4.022491349480969,1,1,1,1,1,1,1
2024-05-06,11:54:46,CNR7715554,No Driver Found,CID4225622,Bike,Munirka,Chhatarpur,,,,,,,,,,,,,,2024-05-06 11:54:46,2024,5,May,6,0,Monday,11,0,Morning,0,0,0,1,No Driver Found,0.0,,0,0,0,0,0,0,0
2024-11-10,12:17:26,CNR7730722,No Driver Found,CID4610196,Go Mini,Chhatarpur,Model Town,,,,,,,,,,,,,,2024-11-10 12:17:26,2024,11,November,10,6,Sunday,12,1,Afternoon,0,0,0,1,No Driver Found,0.0,,0,0,0,0,0,0,0
2024-11-13,22:48:03,CNR7730722,Completed,CID4328117,Go Sedan,Patel Chowk,Saket,8.9,30.0,,,,,,,931.0,28.42,3.4,4.4,Cash,2024-11-13 22:48:03,2024,11,November,13,2,Wednesday,22,0,Late Evening,1,0,0,0,Completed,931.0,32.75862068965517,1,1,1,1,1,1,1
2024-02-02,08:02:00,CNR7740598,Incomplete,CID7946294,Go Sedan,Preet Vihar,Ashram,2.6,22.9,,,,,1.0,Other Issue,886.0,6.82,,,Cash,2024-02-02 08:02:00,2024,2,February,2,4,Friday,8,0,Morning,0,0,1,0,Incomplete,0.0,,1,1,0,0,1,1,1
2024-02-14,09:44:23,CNR7740598,Completed,CID8255885,eBike,Green Park,GTB Nagar,2.1,43.0,,,,,,,188.0,39.5,4.2,4.3,UPI,2024-02-14 09:44:23,2024,2,February,14,2,Wednesday,9,0,Morning,1,0,0,0,Completed,188.0,4.7594936708860756,1,1,1,1,1,1,1
2024-04-22,14:07:14,CNR7753071,Completed,CID4760164,Go Mini,Satguru Ram Singh Marg,Narsinghpur,2.8,18.9,,,,,,,529.0,43.08,3.7,4.8,UPI,2024-04-22 14:07:14,2024,4,April,22,0,Monday,14,0,Afternoon,1,0,0,0,Completed,529.0,12.279480037140205,1,1,1,1,1,1,1
2024-05-16,20:38:54,CNR7753071,Completed,CID1782297,Auto,Adarsh Nagar,Mundka,5.2,29.4,,,,,,,364.0,43.47,4.4,4.9,UPI,2024-05-16 20:38:54,2024,5,May,16,3,Thursday,20,0,Evening,1,0,0,0,Completed,364.0,8.373590982286634,1,1,1,1,1,1,1
2024-11-01,05:48:07,CNR7763190,Incomplete,CID2062406,Go Sedan,Civil Lines Gurgaon,AIIMS,5.6,14.6,,,,,1.0,Customer Demand,104.0,18.98,,,UPI,2024-11-01 05:48:07,2024,11,November,1,4,Friday,5,0,Night,0,0,1,0,Incomplete,0.0,,1,1,0,0,1,1,1
2024-02-01,20:39:05,CNR7763190,Completed,CID2967011,Go Sedan,Vasant Kunj,Sonipat,3.8,43.6,,,,,,,248.0,24.0,3.9,4.3,Cash,2024-02-01 20:39:05,2024,2,February,1,3,Thursday,20,0,Evening,1,0,0,0,Completed,248.0,10.333333333333334,1,1,1,1,1,1,1
2024-12-14,21:15:59,CNR7768664,Completed,CID4473762,eBike,Anand Vihar ISBT,Netaji Subhash Place,5.1,42.1,,,,,,,357.0,17.03,4.2,4.2,UPI,2024-12-14 21:15:59,2024,12,December,14,5,Saturday,21,1,Late Evening,1,0,0,0,Completed,357.0,20.963006459189664,1,1,1,1,1,1,1
2024-07-10,18:41:28,CNR7768664,Completed,CID3362853,Go Sedan,Lok Kalyan Marg,Gurgaon Railway Station,6.4,29.0,,,,,,,136.0,37.93,4.9,4.1,Cash,2024-07-10 18:41:28,2024,7,July,10,2,Wednesday,18,0,Evening,1,0,0,0,Completed,136.0,3.585552333245452,1,1,1,1,1,1,1
2024-01-13,11:34:07,CNR7771513,Cancelled by Customer,CID7950625,Bike,Malviya Nagar,Qutub Minar,19.6,,1.0,Wrong Address,,,,,,,,,,2024-01-13 11:34:07,2024,1,January,13,5,Saturday,11,1,Morning,0,1,0,0,Customer Cancelled,0.0,,0,0,0,0,0,1,0
2024-10-08,16:26:50,CNR7771513,Completed,CID9777140,Go Mini,MG Road,Karol Bagh,4.6,20.3,,,,,,,550.0,2.56,4.7,4.6,UPI,2024-10-08 16:26:50,2024,10,October,8,1,Tuesday,16,0,Afternoon,1,0,0,0,Completed,550.0,214.84375,1,1,1,1,1,1,1
2024-12-17,07:52:45,CNR7771594,Completed,CID7411091,Auto,Khan Market,IIT Delhi,14.1,17.6,,,,,,,887.0,40.27,4.9,4.7,Cash,2024-12-17 07:52:45,2024,12,December,17,1,Tuesday,7,0,Morning,1,0,0,0,Completed,887.0,22.0263223243109,1,1,1,1,1,1,1
2024-10-30,17:29:42,CNR7771594,Completed,CID8815553,Auto,Gurgaon Sector 29,Dilshad Garden,10.0,25.5,,,,,,,493.0,41.91,4.9,4.6,UPI,2024-10-30 17:29:42,2024,10,October,30,2,Wednesday,17,0,Evening,1,0,0,0,Completed,493.0,11.763302314483418,1,1,1,1,1,1,1
2024-10-02,18:21:28,CNR7774532,Completed,CID2500456,eBike,Laxmi Nagar,Saidulajab,8.4,43.4,,,,,,,309.0,5.75,4.9,4.9,Cash,2024-10-02 18:21:28,2024,10,October,2,2,Wednesday,18,0,Evening,1,0,0,0,Completed,309.0,53.73913043478261,1,1,1,1,1,1,1
2024-08-10,06:51:20,CNR7774532,No Driver Found,CID5479370,Auto,Indraprastha,Mundka,,,,,,,,,,,,,,2024-08-10 06:51:20,2024,8,August,10,5,Saturday,6,1,Morning,0,0,0,1,No Driver Found,0.0,,0,0,0,0,0,0,0
2024-10-27,10:30:42,CNR7776695,Cancelled by Customer,CID5505307,Go Mini,Raj Nagar Extension,Palam Vihar,5.4,,1.0,Driver is not moving towards pickup location,,,,,,,,,,2024-10-27 10:30:42,2024,10,October,27,6,Sunday,10,1,Morning,0,1,0,0,Customer Cancelled,0.0,,0,0,0,0,0,1,0
2024-05-15,21:35:40,CNR7776695,Cancelled by Driver,CID5568827,Auto,New Colony,Shastri Nagar,4.8,,,,1.0,Personal & Car related issues,,,,,,,,2024-05-15 21:35:40,2024,5,May,15,2,Wednesday,21,0,Late Evening,0,1,0,0,Driver Cancelled,0.0,,0,0,0,0,0,1,0
2024-12-30,18:38:38,CNR7781315,Cancelled by Customer,CID9693057,Bike,Indraprastha,Green Park,12.3,,1.0,Change of plans,,,,,,,,,,2024-12-30 18:38:38,2024,12,December,30,0,Monday,18,0,Evening,0,1,0,0,Customer Cancelled,0.0,,0,0,0,0,0,1,0
2024-03-08,21:01:54,CNR7781315,No Driver Found,CID6659360,Premier Sedan,India Gate,New Delhi Railway Station,,,,,,,,,,,,,,2024-03-08 21:01:54,2024,3,March,8,4,Friday,21,0,Late Evening,0,0,0,1,No Driver Found,0.0,,0,0,0,0,0,0,0
2024-12-02,23:22:37,CNR7782677,Completed,CID3067895,Auto,New Delhi Railway Station,Noida Sector 18,12.9,41.0,,,,,,,263.0,21.68,4.3,4.2,Cash,2024-12-02 23:22:37,2024,12,December,2,0,Monday,23,0,Late Evening,1,0,0,0,Completed,263.0,12.1309963099631,1,1,1,1,1,1,1
2024-04-07,17:11:47,CNR7782677,Completed,CID4916970,Go Mini,Peeragarhi,Nawada,11.3,25.5,,,,,,,552.0,29.12,4.1,4.1,Credit Card,2024-04-07 17:11:47,2024,4,April,7,6,Sunday,17,1,Evening,1,0,0,0,Completed,552.0,18.956043956043956,1,1,1,1,1,1,1
2024-05-29,22:14:48,CNR7794423,Completed,CID6034472,Premier Sedan,Noida Extension,India Gate,13.3,19.4,,,,,,,221.0,22.2,4.9,3.9,UPI,2024-05-29 22:14:48,2024,5,May,29,2,Wednesday,22,0,Late Evening,1,0,0,0,Completed,221.0,9.954954954954955,1,1,1,1,1,1,1
2024-08-04,12:23:34,CNR7794423,Incomplete,CID3603746,Bike,Badarpur,Noida Sector 62,3.4,10.6,,,,,1.0,Vehicle Breakdown,567.0,12.94,,,Cash,2024-08-04 12:23:34,2024,8,August,4,6,Sunday,12,1,Afternoon,0,0,1,0,Incomplete,0.0,,1,1,0,0,1,1,1
2024-09-26,18:07:01,CNR7797296,Incomplete,CID3985422,Uber XL,Ashok Vihar,Chhatarpur,9.9,27.8,,,,,1.0,Vehicle Breakdown,385.0,18.38,,,UPI,2024-09-26 18:07:01,2024,9,September,26,3,Thursday,18,0,Evening,0,0,1,0,Incomplete,0.0,,1,1,0,0,1,1,1
2024-04-18,19:00:44,CNR7797296,Cancelled by Customer,CID8929233,Go Sedan,Noida Sector 62,Old Gurgaon,5.3,,1.0,Wrong Address,,,,,,,,,,2024-04-18 19:00:44,2024,4,April,18,3,Thursday,19,0,Evening,0,1,0,0,Customer Cancelled,0.0,,0,0,0,0,0,1,0
2024-12-09,20:01:54,CNR7804791,Cancelled by Driver,CID7218375,eBike,Dwarka Sector 21,Vinobapuri,6.1,,,,1.0,The customer was coughing/sick,,,,,,,,2024-12-09 20:01:54,2024,12,December,9,0,Monday,20,0,Evening,0,1,0,0,Driver Cancelled,0.0,,0,0,0,0,0,1,0
2024-02-09,15:42:49,CNR7804791,Completed,CID1293869,Premier Sedan,Golf Course Road,Ramesh Nagar,13.3,35.0,,,,,,,604.0,26.93,4.9,3.4,Cash,2024-02-09 15:42:49,2024,2,February,9,4,Friday,15,0,Afternoon,1,0,0,0,Completed,604.0,22.428518380987747,1,1,1,1,1,1,1
2024-01-19,22:10:40,CNR7806283,Cancelled by Driver,CID1365607,Bike,Peeragarhi,DLF Phase 3,8.6,,,,1.0,Personal & Car related issues,,,,,,,,2024-01-19 22:10:40,2024,1,January,19,4,Friday,22,0,Late Evening,0,1,0,0,Driver Cancelled,0.0,,0,0,0,0,0,1,0
2024-07-05,19:54:24,CNR7806283,Completed,CID8193419,Premier Sedan,Azadpur,Sonipat,2.1,16.0,,,,,,,203.0,25.47,4.5,4.3,Cash,2024-07-05 19:54:24,2024,7,July,5,4,Friday,19,0,Evening,1,0,0,0,Completed,203.0,7.970160973694543,1,1,1,1,1,1,1
2024-01-02,12:08:37,CNR7812877,Completed,CID7219936,Auto,Mandi House,Rithala,10.7,30.2,,,,,,,385.0,42.72,3.5,4.2,UPI,2024-01-02 12:08:37,2024,1,January,2,1,Tuesday,12,0,Afternoon,1,0,0,0,Completed,385.0,9.012172284644196,1,1,1,1,1,1,1
2024-11-12,23:17:17,CNR7812877,Completed,CID5671491,Auto,Noida Extension,Noida Film City,3.2,15.3,,,,,,,582.0,4.98,4.6,4.9,Debit Card,2024-11-12 23:17:17,2024,11,November,12,1,Tuesday,23,0,Late Evening,1,0,0,0,Completed,582.0,116.86746987951807,1,1,1,1,1,1,1
2024-12-24,21:04:32,CNR7822789,Completed,CID8496673,Go Mini,Samaypur Badli,Vasant Kunj,4.5,21.0,,,,,,,62.0,12.79,4.6,4.4,Cash,2024-12-24 21:04:32,2024,12,December,24,1,Tuesday,21,0,Late Evening,1,0,0,0,Completed,62.0,4.847537138389367,1,1,1,1,1,1,1
2024-06-26,14:01:59,CNR7822789,Completed,CID3236069,Auto,Udyog Vihar Phase 4,Ashok Vihar,13.9,24.6,,,,,,,493.0,19.83,4.7,4.1,Uber Wallet,2024-06-26 14:01:59,2024,6,June,26,2,Wednesday,14,0,Afternoon,1,0,0,0,Completed,493.0,24.861321230458902,1,1,1,1,1,1,1
2024-06-26,16:39:52,CNR7831754,Completed,CID4913157,Auto,Sikanderpur,Kanhaiya Nagar,11.1,26.2,,,,,,,424.0,16.66,4.6,4.3,UPI,2024-06-26 16:39:52,2024,6,June,26,2,Wednesday,16,0,Afternoon,1,0,0,0,Completed,424.0,25.45018007202881,1,1,1,1,1,1,1
2024-09-19,06:56:12,CNR7831754,Completed,CID8557909,Auto,Malviya Nagar,Lal Quila,9.2,42.1,,,,,,,891.0,36.17,3.2,4.5,Uber Wallet,2024-09-19 06:56:12,2024,9,September,19,3,Thursday,6,0,Morning,1,0,0,0,Completed,891.0,24.633674315731266,1,1,1,1,1,1,1
2024-03-27,05:28:20,CNR7832602,Completed,CID3716694,Auto,Rohini West,Subhash Nagar,12.7,17.5,,,,,,,320.0,22.37,4.3,4.9,Uber Wallet,2024-03-27 05:28:20,2024,3,March,27,2,Wednesday,5,0,Night,1,0,0,0,Completed,320.0,14.30487259722843,1,1,1,1,1,1,1
2024-09-11,17:27:57,CNR7832602,No Driver Found,CID9032934,Go Mini,Nehru Place,Palam Vihar,,,,,,,,,,,,,,2024-09-11 17:27:57,2024,9,September,11,2,Wednesday,17,0,Evening,0,0,0,1,No Driver Found,0.0,,0,0,0,0,0,0,0
2024-02-11,04:53:51,CNR7837275,Completed,CID5964597,Auto,Netaji Subhash Place,Kashmere Gate,8.6,17.6,,,,,,,395.0,40.1,4.5,4.9,UPI,2024-02-11 04:53:51,2024,2,February,11,6,Sunday,4,1,Night,1,0,0,0,Completed,395.0,9.850374064837904,1,1,1,1,1,1,1
2024-04-08,15:22:12,CNR7837275,No Driver Found,CID1299804,Go Sedan,Ashram,Madipur,,,,,,,,,,,,,,2024-04-08 15:22:12,2024,4,April,8,0,Monday,15,0,Afternoon,0,0,0,1,No Driver Found,0.0,,0,0,0,0,0,0,0
2024-02-21,13:00:45,CNR7839171,Cancelled by Driver,CID4278197,eBike,Nehru Place,Vasant Kunj,10.8,,,,1.0,More than permitted people in there,,,,,,,,2024-02-21 13:00:45,2024,2,February,21,2,Wednesday,13,0,Afternoon,0,1,0,0,Driver Cancelled,0.0,,0,0,0,0,0,1,0
2024-02-13,20:07:27,CNR7839171,Cancelled by Driver,CID8940668,Premier Sedan,Noida Extension,Indirapuram,9.9,,,,1.0,Customer related issue,,,,,,,,2024-02-13 20:07:27,2024,2,February,13,1,Tuesday,20,0,Evening,0,1,0,0,Driver Cancelled,0.0,,0,0,0,0,0,1,0
2024-06-24,19:14:24,CNR7841172,No Driver Found,CID8863905,Auto,Mehrauli,Sohna Road,,,,,,,,,,,,,,2024-06-24 19:14:24,2024,6,June,24,0,Monday,19,0,Evening,0,0,0,1,No Driver Found,0.0,,0,0,0,0,0,0,0
2024-08-15,17:14:17,CNR7841172,Completed,CID5344991,Auto,Udyog Bhawan,Mansarovar Park,12.2,27.8,,,,,,,454.0,5.0,4.6,5.0,Cash,2024-08-15 17:14:17,2024,8,August,15,3,Thursday,17,0,Evening,1,0,0,0,Completed,454.0,90.8,1,1,1,1,1,1,1
2024-01-17,09:51:19,CNR7845081,Completed,CID7740999,Premier Sedan,Moolchand,Model Town,13.1,41.1,,,,,,,161.0,16.39,3.3,5.0,Uber Wallet,2024-01-17 09:51:19,2024,1,January,17,2,Wednesday,9,0,Morning,1,0,0,0,Completed,161.0,9.823062843197071,1,1,1,1,1,1,1
2024-05-29,16:28:07,CNR7845081,Cancelled by Driver,CID7331012,Go Mini,Indraprastha,Nehru Place,11.5,,,,1.0,Customer related issue,,,,,,,,2024-05-29 16:28:07,2024,5,May,29,2,Wednesday,16,0,Afternoon,0,1,0,0,Driver Cancelled,0.0,,0,0,0,0,0,1,0
2024-11-02,22:19:38,CNR7849258,Completed,CID7062138,Go Sedan,Gurgaon Railway Station,Civil Lines Gurgaon,6.2,20.2,,,,,,,1108.0,22.6,4.8,4.1,UPI,2024-11-02 22:19:38,2024,11,November,2,5,Saturday,22,1,Late Evening,1,0,0,0,Completed,1108.0,49.02654867256637,1,1,1,1,1,1,1
2024-10-29,12:46:49,CNR7849258,Completed,CID5639536,Go Mini,Gurgaon Railway Station,Badshahpur,3.3,41.3,,,,,,,393.0,18.86,3.8,4.3,Cash,2024-10-29 12:46:49,2024,10,October,29,1,Tuesday,12,0,Afternoon,1,0,0,0,Completed,393.0,20.837751855779427,1,1,1,1,1,1,1
2024-10-15,10:13:07,CNR7869469,Completed,CID9063009,Auto,Laxmi Nagar,Jasola,8.4,36.5,,,,,,,147.0,47.21,3.0,4.1,UPI,2024-10-15 10:13:07,2024,10,October,15,1,Tuesday,10,0,Morning,1,0,0,0,Completed,147.0,3.1137470874814657,1,1,1,1,1,1,1
2024-05-04,14:47:30,CNR7869469,Cancelled by Driver,CID9087345,Go Sedan,Tagore Garden,Cyber Hub,6.9,,,,1.0,The customer was coughing/sick,,,,,,,,2024-05-04 14:47:30,2024,5,May,4,5,Saturday,14,1,Afternoon,0,1,0,0,Driver Cancelled,0.0,,0,0,0,0,0,1,0
2024-10-08,11:15:30,CNR7886532,Completed,CID4495661,Bike,Dilshad Garden,AIIMS,9.9,30.4,,,,,,,372.0,7.26,4.2,3.8,UPI,2024-10-08 11:15:30,2024,10,October,8,1,Tuesday,11,0,Morning,1,0,0,0,Completed,372.0,51.239669421487605,1,1,1,1,1,1,1
2024-10-23,12:47:58,CNR7886532,Cancelled by Driver,CID1816753,Auto,Bahadurgarh,Nawada,3.1,,,,1.0,Personal & Car related issues,,,,,,,,2024-10-23 12:47:58,2024,10,October,23,2,Wednesday,12,0,Afternoon,0,1,0,0,Driver Cancelled,0.0,,0,0,0,0,0,1,0
2024-08-06,21:44:25,CNR7896115,Completed,CID8832918,Go Mini,Mandi House,Raj Nagar Extension,13.1,27.2,,,,,,,242.0,10.23,3.1,4.7,Cash,2024-08-06 21:44:25,2024,8,August,6,1,Tuesday,21,0,Late Evening,1,0,0,0,Completed,242.0,23.655913978494624,1,1,1,1,1,1,1
2024-08-29,19:23:59,CNR7896115,Cancelled by Driver,CID1453218,Auto,IGI Airport,Dwarka Mor,3.5,,,,1.0,More than permitted people in there,,,,,,,,2024-08-29 19:23:59,2024,8,August,29,3,Thursday,19,0,Evening,0,1,0,0,Driver Cancelled,0.0,,0,0,0,0,0,1,0
2024-12-30,07:01:22,CNR7908610,Completed,CID3266637,Bike,Bhikaji Cama Place,Mandi House,7.5,38.3,,,,,,,495.0,27.7,4.8,3.9,UPI,2024-12-30 07:01:22,2024,12,December,30,0,Monday,7,0,Morning,1,0,0,0,Completed,495.0,17.870036101083034,1,1,1,1,1,1,1
2024-09-03,19:38:29,CNR7908610,Completed,CID5251969,Go Mini,Saket A Block,Keshav Puram,13.3,36.0,,,,,,,456.0,27.73,4.6,4.7,Cash,2024-09-03 19:38:29,2024,9,September,3,1,Tuesday,19,0,Evening,1,0,0,0,Completed,456.0,16.444284168770285,1,1,1,1,1,1,1
2024-03-26,15:54:11,CNR7908610,Completed,CID7755899,Uber XL,Satguru Ram Singh Marg,Bahadurgarh,9.0,22.7,,,,,,,707.0,34.64,3.8,4.8,Cash,2024-03-26 15:54:11,2024,3,March,26,1,Tuesday,15,0,Afternoon,1,0,0,0,Completed,707.0,20.409930715935335,1,1,1,1,1,1,1
2024-11-26,07:08:29,CNR7910159,Completed,CID6917339,Go Mini,Dwarka Mor,Mehrauli,10.7,24.8,,,,,,,747.0,40.37,4.7,3.9,UPI,2024-11-26 07:08:29,2024,11,November,26,1,Tuesday,7,0,Morning,1,0,0,0,Completed,747.0,18.503839484765916,1,1,1,1,1,1,1
2024-12-03,09:57:07,CNR7910159,Completed,CID5478788,Bike,Rohini West,Sohna Road,5.9,38.4,,,,,,,776.0,43.85,3.8,3.0,UPI,2024-12-03 09:57:07,2024,12,December,3,1,Tuesday,9,0,Morning,1,0,0,0,Completed,776.0,17.696693272519955,1,1,1,1,1,1,1
2024-03-17,10:41:03,CNR7910616,Cancelled by Driver,CID3967355,Premier Sedan,Okhla,ITO,3.5,,,,1.0,Customer related issue,,,,,,,,2024-03-17 10:41:03,2024,3,March,17,6,Sunday,10,1,Morning,0,1,0,0,Driver Cancelled,0.0,,0,0,0,0,0,1,0
2024-07-03,12:40:16,CNR7910616,Completed,CID4302753,Premier Sedan,Kashmere Gate,New Delhi Railway Station,7.6,40.5,,,,,,,54.0,22.52,3.1,4.9,UPI,2024-07-03 12:40:16,2024,7,July,3,2,Wednesday,12,0,Afternoon,1,0,0,0,Completed,54.0,2.3978685612788633,1,1,1,1,1,1,1
2024-03-30,09:56:46,CNR7915956,Cancelled by Driver,CID9570069,Premier Sedan,Vatika Chowk,Vidhan Sabha,11.8,,,,1.0,The customer was coughing/sick,,,,,,,,2024-03-30 09:56:46,2024,3,March,30,5,Saturday,9,1,Morning,0,1,0,0,Driver Cancelled,0.0,,0,0,0,0,0,1,0
2024-09-05,12:50:28,CNR7915956,No Driver Found,CID1240053,eBike,Okhla,Sikanderpur,,,,,,,,,,,,,,2024-09-05 12:50:28,2024,9,September,5,3,Thursday,12,0,Afternoon,0,0,0,1,No Driver Found,0.0,,0,0,0,0,0,0,0
2024-04-26,18:47:52,CNR7921238,Completed,CID7362789,Auto,Rohini East,Palam Vihar,7.4,41.4,,,,,,,472.0,38.03,3.7,5.0,Cash,2024-04-26 18:47:52,2024,4,April,26,4,Friday,18,0,Evening,1,0,0,0,Completed,472.0,12.411254272942413,1,1,1,1,1,1,1
2024-06-20,19:37:37,CNR7921238,Completed,CID8171512,Auto,Ashok Vihar,Rajiv Nagar,7.2,25.4,,,,,,,550.0,33.15,4.9,4.6,Cash,2024-06-20 19:37:37,2024,6,June,20,3,Thursday,19,0,Evening,1,0,0,0,Completed,550.0,16.591251885369534,1,1,1,1,1,1,1
2024-01-13,07:12:44,CNR7921431,Completed,CID5434965,Go Sedan,Saket,Azadpur,5.5,40.3,,,,,,,759.0,10.2,4.3,4.3,UPI,2024-01-13 07:12:44,2024,1,January,13,5,Saturday,7,1,Morning,1,0,0,0,Completed,759.0,74.41176470588236,1,1,1,1,1,1,1
2024-08-24,21:23:52,CNR7921431,Completed,CID8740415,Go Sedan,Noida Sector 62,Sultanpur,5.1,40.6,,,,,,,411.0,14.42,4.5,4.4,UPI,2024-08-24 21:23:52,2024,8,August,24,5,Saturday,21,1,Late Evening,1,0,0,0,Completed,411.0,28.502080443828017,1,1,1,1,1,1,1
2024-02-22,20:29:50,CNR7926357,Completed,CID4775677,Premier Sedan,Inderlok,Sarojini Nagar,3.4,25.0,,,,,,,713.0,49.43,4.6,3.6,UPI,2024-02-22 20:29:50,2024,2,February,22,3,Thursday,20,0,Evening,1,0,0,0,Completed,713.0,14.424438600040462,1,1,1,1,1,1,1
2024-03-23,10:51:22,CNR7926357,Completed,CID8583090,Auto,Lok Kalyan Marg,South Extension,11.5,43.8,,,,,,,864.0,5.89,3.8,4.7,Credit Card,2024-03-23 10:51:22,2024,3,March,23,5,Saturday,10,1,Morning,1,0,0,0,Completed,864.0,146.6893039049236,1,1,1,1,1,1,1
2024-01-22,15:22:43,CNR7926971,Cancelled by Customer,CID6348601,Auto,Faridabad Sector 15,South Extension,8.5,,1.0,Driver asked to cancel,,,,,,,,,,2024-01-22 15:22:43,2024,1,January,22,0,Monday,15,0,Afternoon,0,1,0,0,Customer Cancelled,0.0,,0,0,0,0,0,1,0
2024-11-18,18:49:33,CNR7926971,Cancelled by Driver,CID4998708,Bike,Patel Chowk,IIT Delhi,5.3,,,,1.0,More than permitted people in there,,,,,,,,2024-11-18 18:49:33,2024,11,November,18,0,Monday,18,0,Evening,0,1,0,0,Driver Cancelled,0.0,,0,0,0,0,0,1,0
2024-04-25,09:42:32,CNR7931881,Cancelled by Driver,CID8572072,Go Sedan,Jor Bagh,Barakhamba Road,10.0,,,,1.0,Customer related issue,,,,,,,,2024-04-25 09:42:32,2024,4,April,25,3,Thursday,9,0,Morning,0,1,0,0,Driver Cancelled,0.0,,0,0,0,0,0,1,0
2024-09-26,10:39:10,CNR7931881,Completed,CID6705197,Auto,Indirapuram,Noida Extension,4.2,34.6,,,,,,,307.0,44.09,4.7,4.3,Cash,2024-09-26 10:39:10,2024,9,September,26,3,Thursday,10,0,Morning,1,0,0,0,Completed,307.0,6.963030165570424,1,1,1,1,1,1,1
2024-10-27,07:44:13,CNR7959701,Completed,CID7835168,Bike,Noida Sector 18,Old Gurgaon,10.8,34.7,,,,,,,1614.0,2.1,4.9,4.3,Credit Card,2024-10-27 07:44:13,2024,10,October,27,6,Sunday,7,1,Morning,1,0,0,0,Completed,1614.0,768.5714285714286,1,1,1,1,1,1,1
2024-10-13,06:20:01,CNR7959701,Completed,CID8012833,Auto,Delhi Gate,Noida Extension,10.3,30.8,,,,,,,765.0,3.63,4.7,4.3,Debit Card,2024-10-13 06:20:01,2024,10,October,13,6,Sunday,6,1,Morning,1,0,0,0,Completed,765.0,210.74380165289256,1,1,1,1,1,1,1
2024-03-01,08:54:16,CNR7968660,Completed,CID5978038,Uber XL,Barakhamba Road,Chhatarpur,11.4,16.0,,,,,,,915.0,8.67,3.9,4.6,UPI,2024-03-01 08:54:16,2024,3,March,1,4,Friday,8,0,Morning,1,0,0,0,Completed,915.0,105.5363321799308,1,1,1,1,1,1,1
2024-10-22,21:51:07,CNR7968660,Cancelled by Driver,CID5129854,Premier Sedan,Shastri Nagar,Noida Sector 18,8.8,,,,1.0,Personal & Car related issues,,,,,,,,2024-10-22 21:51:07,2024,10,October,22,1,Tuesday,21,0,Late Evening,0,1,0,0,Driver Cancelled,0.0,,0,0,0,0,0,1,0
2024-07-25,15:00:00,CNR7981430,Completed,CID2363502,Auto,Green Park,Jama Masjid,11.4,19.0,,,,,,,334.0,32.97,4.3,4.4,Credit Card,2024-07-25 15:00:00,2024,7,July,25,3,Thursday,15,0,Afternoon,1,0,0,0,Completed,334.0,10.130421595389748,1,1,1,1,1,1,1
2024-01-21,20:33:24,CNR7981430,Completed,CID5542205,Auto,Manesar,Akshardham,4.4,24.0,,,,,,,153.0,13.97,4.4,4.2,UPI,2024-01-21 20:33:24,2024,1,January,21,6,Sunday,20,1,Evening,1,0,0,0,Completed,153.0,10.952040085898354,1,1,1,1,1,1,1
2024-03-12,11:57:57,CNR7994649,Completed,CID1539199,Auto,IFFCO Chowk,IGNOU Road,11.4,31.5,,,,,,,269.0,21.1,4.0,4.9,UPI,2024-03-12 11:57:57,2024,3,March,12,1,Tuesday,11,0,Morning,1,0,0,0,Completed,269.0,12.748815165876776,1,1,1,1,1,1,1
2024-05-17,21:28:18,CNR7994649,Cancelled by Driver,CID2046910,Go Sedan,New Delhi Railway Station,Moti Nagar,5.5,,,,1.0,The customer was coughing/sick,,,,,,,,2024-05-17 21:28:18,2024,5,May,17,4,Friday,21,0,Late Evening,0,1,0,0,Driver Cancelled,0.0,,0,0,0,0,0,1,0
2024-04-25,18:26:07,CNR7995549,No Driver Found,CID6476408,Premier Sedan,Subhash Nagar,Khandsa,,,,,,,,,,,,,,2024-04-25 18:26:07,2024,4,April,25,3,Thursday,18,0,Evening,0,0,0,1,No Driver Found,0.0,,0,0,0,0,0,0,0
2024-03-21,20:42:00,CNR7995549,Cancelled by Driver,CID4785080,Auto,Ardee City,Jor Bagh,3.1,,,,1.0,The customer was coughing/sick,,,,,,,,2024-03-21 20:42:00,2024,3,March,21,3,Thursday,20,0,Evening,0,1,0,0,Driver Cancelled,0.0,,0,0,0,0,0,1,0
2024-10-25,14:07:38,CNR8004760,Completed,CID9843243,Go Mini,Lal Quila,Panchsheel Park,5.2,16.1,,,,,,,719.0,24.35,3.4,4.5,UPI,2024-10-25 14:07:38,2024,10,October,25,4,Friday,14,0,Afternoon,1,0,0,0,Completed,719.0,29.52772073921971,1,1,1,1,1,1,1
2024-03-19,23:27:25,CNR8004760,Completed,CID7958995,Go Mini,Tughlakabad,Khandsa,7.4,34.1,,,,,,,409.0,46.28,3.4,4.5,UPI,2024-03-19 23:27:25,2024,3,March,19,1,Tuesday,23,0,Late Evening,1,0,0,0,Completed,409.0,8.837510803802939,1,1,1,1,1,1,1
2024-08-02,17:05:31,CNR8005057,Cancelled by Customer,CID4600342,Go Mini,Chirag Delhi,Shastri Nagar,15.2,,1.0,Change of plans,,,,,,,,,,2024-08-02 17:05:31,2024,8,August,2,4,Friday,17,0,Evening,0,1,0,0,Customer Cancelled,0.0,,0,0,0,0,0,1,0
2024-07-23,18:15:49,CNR8005057,Completed,CID3948594,Go Mini,Mansarovar Park,Karol Bagh,10.0,44.3,,,,,,,375.0,30.36,4.9,4.5,Uber Wallet,2024-07-23 18:15:49,2024,7,July,23,1,Tuesday,18,0,Evening,1,0,0,0,Completed,375.0,12.351778656126482,1,1,1,1,1,1,1
2024-06-05,15:24:04,CNR8021667,Completed,CID8987561,Go Mini,Adarsh Nagar,Greater Noida,8.7,16.1,,,,,,,480.0,22.77,4.7,3.9,UPI,2024-06-05 15:24:04,2024,6,June,5,2,Wednesday,15,0,Afternoon,1,0,0,0,Completed,480.0,21.080368906455863,1,1,1,1,1,1,1
2024-07-01,20:25:31,CNR8021667,Completed,CID3121893,Go Mini,Mayur Vihar,IFFCO Chowk,3.8,40.3,,,,,,,1242.0,26.55,4.3,3.8,UPI,2024-07-01 20:25:31,2024,7,July,1,0,Monday,20,0,Evening,1,0,0,0,Completed,1242.0,46.77966101694915,1,1,1,1,1,1,1
2024-08-19,09:14:49,CNR8025607,Completed,CID3743332,Bike,Qutub Minar,Gwal Pahari,11.0,27.6,,,,,,,528.0,29.89,4.3,4.1,Cash,2024-08-19 09:14:49,2024,8,August,19,0,Monday,9,0,Morning,1,0,0,0,Completed,528.0,17.66477082636333,1,1,1,1,1,1,1
2024-03-23,22:39:40,CNR8025607,Completed,CID9873604,Go Mini,DLF Phase 3,Mehrauli,5.0,28.2,,,,,,,195.0,19.81,4.7,4.2,UPI,2024-03-23 22:39:40,2024,3,March,23,5,Saturday,22,1,Late Evening,1,0,0,0,Completed,195.0,9.843513377082282,1,1,1,1,1,1,1
2024-05-22,12:45:00,CNR8035743,Cancelled by Customer,CID9436271,Premier Sedan,New Delhi Railway Station,Gwal Pahari,18.7,,1.0,Change of plans,,,,,,,,,,2024-05-22 12:45:00,2024,5,May,22,2,Wednesday,12,0,Afternoon,0,1,0,0,Customer Cancelled,0.0,,0,0,0,0,0,1,0
2024-01-17,20:52:55,CNR8035743,Completed,CID8292218,Go Mini,IIT Delhi,Arjangarh,2.2,40.6,,,,,,,2198.0,15.47,4.3,5.0,UPI,2024-01-17 20:52:55,2024,1,January,17,2,Wednesday,20,0,Evening,1,0,0,0,Completed,2198.0,142.0814479638009,1,1,1,1,1,1,1
2024-02-20,11:20:41,CNR8049863,Completed,CID2497190,Premier Sedan,Moti Nagar,Vaishali,5.9,23.2,,,,,,,193.0,49.33,4.9,4.8,Debit Card,2024-02-20 11:20:41,2024,2,February,20,1,Tuesday,11,0,Morning,1,0,0,0,Completed,193.0,3.9124265153050883,1,1,1,1,1,1,1
2024-06-27,10:37:09,CNR8049863,Cancelled by Customer,CID6395056,Go Mini,Panchsheel Park,Ambience Mall,5.2,,1.0,Wrong Address,,,,,,,,,,2024-06-27 10:37:09,2024,6,June,27,3,Thursday,10,0,Morning,0,1,0,0,Customer Cancelled,0.0,,0,0,0,0,0,1,0
2024-11-29,11:39:55,CNR8055371,No Driver Found,CID1040812,Premier Sedan,Civil Lines Gurgaon,Preet Vihar,,,,,,,,,,,,,,2024-11-29 11:39:55,2024,11,November,29,4,Friday,11,0,Morning,0,0,0,1,No Driver Found,0.0,,0,0,0,0,0,0,0
2024-04-20,06:14:41,CNR8055371,Completed,CID2092715,Go Mini,Connaught Place,Paharganj,9.1,19.1,,,,,,,1249.0,48.35,4.7,4.8,UPI,2024-04-20 06:14:41,2024,4,April,20,5,Saturday,6,1,Morning,1,0,0,0,Completed,1249.0,25.832471561530507,1,1,1,1,1,1,1
2024-02-14,17:00:34,CNR8060009,Completed,CID1621318,Bike,Chanakyapuri,Gwal Pahari,8.4,31.2,,,,,,,720.0,2.82,4.6,4.0,Uber Wallet,2024-02-14 17:00:34,2024,2,February,14,2,Wednesday,17,0,Evening,1,0,0,0,Completed,720.0,255.31914893617022,1,1,1,1,1,1,1
2024-04-08,17:44:38,CNR8060009,Completed,CID1358751,eBike,Ambience Mall,Ramesh Nagar,13.8,39.0,,,,,,,514.0,17.71,3.0,4.6,UPI,2024-04-08 17:44:38,2024,4,April,8,0,Monday,17,0,Evening,1,0,0,0,Completed,514.0,29.023150762281194,1,1,1,1,1,1,1
2024-11-27,00:49:43,CNR8060131,Cancelled by Driver,CID3731169,Auto,Tughlakabad,Kirti Nagar,4.1,,,,1.0,The customer was coughing/sick,,,,,,,,2024-11-27 00:49:43,2024,11,November,27,2,Wednesday,0,0,Night,0,1,0,0,Driver Cancelled,0.0,,0,0,0,0,0,1,0
2024-08-17,23:56:08,CNR8060131,Completed,CID5138563,Go Mini,Palam Vihar,IGNOU Road,10.9,15.6,,,,,,,251.0,18.17,4.6,4.6,Cash,2024-08-17 23:56:08,2024,8,August,17,5,Saturday,23,1,Late Evening,1,0,0,0,Completed,251.0,13.813979086406162,1,1,1,1,1,1,1
2024-07-26,07:14:19,CNR8060444,Completed,CID1140341,Bike,Delhi Gate,New Delhi Railway Station,2.9,25.9,,,,,,,133.0,15.65,4.3,4.6,UPI,2024-07-26 07:14:19,2024,7,July,26,4,Friday,7,0,Morning,1,0,0,0,Completed,133.0,8.498402555910543,1,1,1,1,1,1,1
2024-04-14,20:05:49,CNR8060444,Cancelled by Driver,CID9708961,Uber XL,Barakhamba Road,Gurgaon Sector 56,3.6,,,,1.0,Customer related issue,,,,,,,,2024-04-14 20:05:49,2024,4,April,14,6,Sunday,20,1,Evening,0,1,0,0,Driver Cancelled,0.0,,0,0,0,0,0,1,0
2024-09-06,14:15:56,CNR8060520,Completed,CID8549916,Go Mini,Aya Nagar,IGI Airport,14.0,35.7,,,,,,,516.0,4.77,3.2,4.6,Cash,2024-09-06 14:15:56,2024,9,September,6,4,Friday,14,0,Afternoon,1,0,0,0,Completed,516.0,108.17610062893083,1,1,1,1,1,1,1
2024-07-17,18:39:28,CNR8060520,Completed,CID4328336,Auto,Rohini East,Model Town,5.5,34.3,,,,,,,229.0,29.84,4.3,4.6,Cash,2024-07-17 18:39:28,2024,7,July,17,2,Wednesday,18,0,Evening,1,0,0,0,Completed,229.0,7.674262734584451,1,1,1,1,1,1,1
2024-10-24,21:17:35,CNR8068770,Completed,CID4441307,Auto,Maidan Garhi,Vidhan Sabha,8.1,40.0,,,,,,,485.0,23.0,4.3,5.0,UPI,2024-10-24 21:17:35,2024,10,October,24,3,Thursday,21,0,Late Evening,1,0,0,0,Completed,485.0,21.08695652173913,1,1,1,1,1,1,1
2024-09-01,14:22:36,CNR8068770,Completed,CID2413593,Go Mini,New Delhi Railway Station,Cyber Hub,10.2,40.8,,,,,,,269.0,10.02,4.8,4.5,Debit Card,2024-09-01 14:22:36,2024,9,September,1,6,Sunday,14,1,Afternoon,1,0,0,0,Completed,269.0,26.846307385229544,1,1,1,1,1,1,1
2024-09-26,20:15:37,CNR8080968,Completed,CID4475944,Go Sedan,Subhash Chowk,Laxmi Nagar,10.3,40.6,,,,,,,187.0,17.67,4.3,4.5,Cash,2024-09-26 20:15:37,2024,9,September,26,3,Thursday,20,0,Evening,1,0,0,0,Completed,187.0,10.582908885116014,1,1,1,1,1,1,1
2024-01-26,23:30:19,CNR8080968,Cancelled by Driver,CID4628748,Go Mini,Preet Vihar,Rajiv Chowk,7.6,,,,1.0,Customer related issue,,,,,,,,2024-01-26 23:30:19,2024,1,January,26,4,Friday,23,0,Late Evening,0,1,0,0,Driver Cancelled,0.0,,0,0,0,0,0,1,0
2024-05-13,16:58:32,CNR8095503,Completed,CID1100336,Bike,Malviya Nagar,Sikanderpur,8.4,21.9,,,,,,,820.0,44.39,4.7,4.4,UPI,2024-05-13 16:58:32,2024,5,May,13,0,Monday,16,0,Afternoon,1,0,0,0,Completed,820.0,18.47262897048885,1,1,1,1,1,1,1
2024-03-13,21:34:29,CNR8095503,No Driver Found,CID2656430,Go Mini,Seelampur,Indraprastha,,,,,,,,,,,,,,2024-03-13 21:34:29,2024,3,March,13,2,Wednesday,21,0,Late Evening,0,0,0,1,No Driver Found,0.0,,0,0,0,0,0,0,0
2024-04-13,21:52:52,CNR8099403,Cancelled by Driver,CID4724947,Go Mini,Basai Dhankot,Noida Extension,8.7,,,,1.0,More than permitted people in there,,,,,,,,2024-04-13 21:52:52,2024,4,April,13,5,Saturday,21,1,Late Evening,0,1,0,0,Driver Cancelled,0.0,,0,0,0,0,0,1,0
2024-06-16,21:34:30,CNR8099403,Cancelled by Customer,CID8169380,Auto,Adarsh Nagar,Udyog Bhawan,7.8,,1.0,Change of plans,,,,,,,,,,2024-06-16 21:34:30,2024,6,June,16,6,Sunday,21,1,Late Evening,0,1,0,0,Customer Cancelled,0.0,,0,0,0,0,0,1,0
2024-03-29,20:23:05,CNR8109819,No Driver Found,CID8088194,Go Mini,Saket,Paharganj,,,,,,,,,,,,,,2024-03-29 20:23:05,2024,3,March,29,4,Friday,20,0,Evening,0,0,0,1,No Driver Found,0.0,,0,0,0,0,0,0,0
2024-04-01,17:44:02,CNR8109819,Completed,CID2631429,Go Mini,Jama Masjid,Hauz Rani,14.1,19.1,,,,,,,90.0,41.6,4.6,4.3,Uber Wallet,2024-04-01 17:44:02,2024,4,April,1,0,Monday,17,0,Evening,1,0,0,0,Completed,90.0,2.1634615384615383,1,1,1,1,1,1,1
2024-09-05,18:27:40,CNR8116477,No Driver Found,CID7461810,Auto,Paschim Vihar,Lok Kalyan Marg,,,,,,,,,,,,,,2024-09-05 18:27:40,2024,9,September,5,3,Thursday,18,0,Evening,0,0,0,1,No Driver Found,0.0,,0,0,0,0,0,0,0
2024-11-21,09:33:18,CNR8116477,Completed,CID5533684,Go Sedan,Panipat,Nirman Vihar,4.1,40.7,,,,,,,989.0,7.89,4.3,4.9,Cash,2024-11-21 09:33:18,2024,11,November,21,3,Thursday,9,0,Morning,1,0,0,0,Completed,989.0,125.34854245880862,1,1,1,1,1,1,1
2024-09-09,10:26:52,CNR8118010,Completed,CID3513642,Auto,Nirman Vihar,Connaught Place,4.2,17.6,,,,,,,348.0,38.18,4.9,4.9,Uber Wallet,2024-09-09 10:26:52,2024,9,September,9,0,Monday,10,0,Morning,1,0,0,0,Completed,348.0,9.114719748559455,1,1,1,1,1,1,1
2024-12-15,17:56:26,CNR8118010,Completed,CID1962071,Bike,Shastri Nagar,Nawada,4.4,33.1,,,,,,,111.0,49.53,4.6,4.3,UPI,2024-12-15 17:56:26,2024,12,December,15,6,Sunday,17,1,Evening,1,0,0,0,Completed,111.0,2.2410660205935797,1,1,1,1,1,1,1
2024-03-18,00:43:47,CNR8124914,Completed,CID5707477,Auto,Ghaziabad,Mayur Vihar,4.1,22.9,,,,,,,493.0,13.4,3.9,4.9,UPI,2024-03-18 00:43:47,2024,3,March,18,0,Monday,0,0,Night,1,0,0,0,Completed,493.0,36.7910447761194,1,1,1,1,1,1,1
2024-05-31,20:23:43,CNR8124914,Incomplete,CID4101223,Go Mini,Paschim Vihar,Anand Vihar,3.7,12.0,,,,,1.0,Customer Demand,356.0,15.94,,,UPI,2024-05-31 20:23:43,2024,5,May,31,4,Friday,20,0,Evening,0,0,1,0,Incomplete,0.0,,1,1,0,0,1,1,1
2024-01-11,11:11:11,CNR8130205,Completed,CID1110536,Auto,Kirti Nagar,Welcome,13.0,35.3,,,,,,,485.0,16.34,4.1,4.9,Cash,2024-01-11 11:11:11,2024,1,January,11,3,Thursday,11,0,Morning,1,0,0,0,Completed,485.0,29.681762545899634,1,1,1,1,1,1,1
2024-02-22,16:15:15,CNR8130205,Completed,CID4474661,Go Sedan,Khandsa,Chirag Delhi,7.2,32.5,,,,,,,589.0,9.11,4.8,4.9,UPI,2024-02-22 16:15:15,2024,2,February,22,3,Thursday,16,0,Afternoon,1,0,0,0,Completed,589.0,64.65422612513721,1,1,1,1,1,1,1
2024-02-25,12:17:52,CNR8137064,Completed,CID2795630,Go Mini,Sohna Road,IGNOU Road,8.3,18.7,,,,,,,551.0,20.94,4.2,4.5,Debit Card,2024-02-25 12:17:52,2024,2,February,25,6,Sunday,12,1,Afternoon,1,0,0,0,Completed,551.0,26.313276026743075,1,1,1,1,1,1,1
2024-01-11,15:14:09,CNR8137064,Completed,CID9230876,Auto,IGNOU Road,Ambience Mall,6.3,30.9,,,,,,,198.0,44.77,5.0,4.8,UPI,2024-01-11 15:14:09,2024,1,January,11,3,Thursday,15,0,Afternoon,1,0,0,0,Completed,198.0,4.422604422604422,1,1,1,1,1,1,1
2024-02-14,08:52:42,CNR8138172,No Driver Found,CID4098788,Go Sedan,Basai Dhankot,Lajpat Nagar,,,,,,,,,,,,,,2024-02-14 08:52:42,2024,2,February,14,2,Wednesday,8,0,Morning,0,0,0,1,No Driver Found,0.0,,0,0,0,0,0,0,0
2024-08-13,15:01:41,CNR8138172,Cancelled by Driver,CID2130278,Auto,Subhash Chowk,Ghaziabad,9.9,,,,1.0,Customer related issue,,,,,,,,2024-08-13 15:01:41,2024,8,August,13,1,Tuesday,15,0,Afternoon,0,1,0,0,Driver Cancelled,0.0,,0,0,0,0,0,1,0
2024-10-20,08:12:15,CNR8147940,Completed,CID8569869,Go Mini,Rohini East,Sarai Kale Khan,11.8,42.6,,,,,,,1348.0,47.2,4.4,4.5,Cash,2024-10-20 08:12:15,2024,10,October,20,6,Sunday,8,1,Morning,1,0,0,0,Completed,1348.0,28.559322033898304,1,1,1,1,1,1,1
2024-08-17,21:53:04,CNR8147940,Completed,CID7463298,eBike,Seelampur,Bhiwadi,11.0,17.9,,,,,,,516.0,11.29,4.4,4.7,Uber Wallet,2024-08-17 21:53:04,2024,8,August,17,5,Saturday,21,1,Late Evening,1,0,0,0,Completed,516.0,45.70416297608504,1,1,1,1,1,1,1
2024-04-01,16:12:45,CNR8149213,Incomplete,CID6481147,Go Mini,Sadar Bazar Gurgaon,Vaishali,3.9,20.7,,,,,1.0,Customer Demand,103.0,1.27,,,Debit Card,2024-04-01 16:12:45,2024,4,April,1,0,Monday,16,0,Afternoon,0,0,1,0,Incomplete,0.0,,1,1,0,0,1,1,1
2024-03-26,14:48:34,CNR8149213,Completed,CID9906234,Uber XL,Hauz Rani,Sohna Road,13.6,43.1,,,,,,,307.0,27.36,5.0,4.7,UPI,2024-03-26 14:48:34,2024,3,March,26,1,Tuesday,14,0,Afternoon,1,0,0,0,Completed,307.0,11.22076023391813,1,1,1,1,1,1,1
2024-07-31,16:37:00,CNR8153836,Completed,CID4074687,Go Sedan,Model Town,Meerut,7.7,43.8,,,,,,,107.0,10.08,3.9,5.0,Credit Card,2024-07-31 16:37:00,2024,7,July,31,2,Wednesday,16,0,Afternoon,1,0,0,0,Completed,107.0,10.615079365079366,1,1,1,1,1,1,1
2024-07-24,09:19:18,CNR8153836,Cancelled by Driver,CID7593354,Go Sedan,Netaji Subhash Place,Gurgaon Railway Station,4.7,,,,1.0,The customer was coughing/sick,,,,,,,,2024-07-24 09:19:18,2024,7,July,24,2,Wednesday,9,0,Morning,0,1,0,0,Driver Cancelled,0.0,,0,0,0,0,0,1,0
2024-07-17,00:41:04,CNR8170685,Cancelled by Driver,CID4382112,Go Sedan,Narsinghpur,Kadarpur,8.1,,,,1.0,Customer related issue,,,,,,,,2024-07-17 00:41:04,2024,7,July,17,2,Wednesday,0,0,Night,0,1,0,0,Driver Cancelled,0.0,,0,0,0,0,0,1,0
2024-09-21,21:34:40,CNR8170685,Completed,CID8003823,Go Mini,Jahangirpuri,Mansarovar Park,14.6,15.4,,,,,,,531.0,7.43,4.2,4.5,Debit Card,2024-09-21 21:34:40,2024,9,September,21,5,Saturday,21,1,Late Evening,1,0,0,0,Completed,531.0,71.46702557200538,1,1,1,1,1,1,1
2024-12-22,21:29:56,CNR8188452,Incomplete,CID1947140,Bike,Anand Vihar ISBT,Tughlakabad,4.1,19.4,,,,,1.0,Vehicle Breakdown,955.0,5.63,,,Credit Card,2024-12-22 21:29:56,2024,12,December,22,6,Sunday,21,1,Late Evening,0,0,1,0,Incomplete,0.0,,1,1,0,0,1,1,1
2024-09-15,15:04:55,CNR8188452,Completed,CID6920066,Go Mini,Mehrauli,Pulbangash,13.1,43.5,,,,,,,1107.0,42.64,4.6,4.5,Debit Card,2024-09-15 15:04:55,2024,9,September,15,6,Sunday,15,1,Afternoon,1,0,0,0,Completed,1107.0,25.96153846153846,1,1,1,1,1,1,1
2024-01-10,01:14:55,CNR8203217,Cancelled by Driver,CID8550358,Bike,Punjabi Bagh,India Gate,9.4,,,,1.0,The customer was coughing/sick,,,,,,,,2024-01-10 01:14:55,2024,1,January,10,2,Wednesday,1,0,Night,0,1,0,0,Driver Cancelled,0.0,,0,0,0,0,0,1,0
2024-08-11,19:55:30,CNR8203217,Cancelled by Customer,CID5942773,Go Mini,Munirka,Ashok Park Main,10.4,,1.0,Driver asked to cancel,,,,,,,,,,2024-08-11 19:55:30,2024,8,August,11,6,Sunday,19,1,Evening,0,1,0,0,Customer Cancelled,0.0,,0,0,0,0,0,1,0
2024-09-25,14:20:14,CNR8214302,Cancelled by Driver,CID1759373,Uber XL,Kanhaiya Nagar,Satguru Ram Singh Marg,9.8,,,,1.0,Customer related issue,,,,,,,,2024-09-25 14:20:14,2024,9,September,25,2,Wednesday,14,0,Afternoon,0,1,0,0,Driver Cancelled,0.0,,0,0,0,0,0,1,0
2024-08-22,07:11:04,CNR8214302,Incomplete,CID6750961,Auto,Chanakyapuri,RK Puram,8.5,18.1,,,,,1.0,Customer Demand,369.0,5.55,,,UPI,2024-08-22 07:11:04,2024,8,August,22,3,Thursday,7,0,Morning,0,0,1,0,Incomplete,0.0,,1,1,0,0,1,1,1
2024-07-11,10:18:10,CNR8222645,Completed,CID8494665,Go Mini,MG Road,Chandni Chowk,7.0,20.3,,,,,,,799.0,47.04,4.3,4.7,Credit Card,2024-07-11 10:18:10,2024,7,July,11,3,Thursday,10,0,Morning,1,0,0,0,Completed,799.0,16.985544217687075,1,1,1,1,1,1,1
2024-05-05,08:33:56,CNR8222645,Completed,CID2461436,Bike,Paschim Vihar,Indraprastha,4.3,17.8,,,,,,,112.0,25.65,4.8,4.5,Credit Card,2024-05-05 08:33:56,2024,5,May,5,6,Sunday,8,1,Morning,1,0,0,0,Completed,112.0,4.366471734892788,1,1,1,1,1,1,1
2024-09-30,06:40:23,CNR8227173,Completed,CID1594095,Auto,Dilshad Garden,Kashmere Gate,4.5,18.6,,,,,,,443.0,11.14,4.2,4.0,Credit Card,2024-09-30 06:40:23,2024,9,September,30,0,Monday,6,0,Morning,1,0,0,0,Completed,443.0,39.76660682226212,1,1,1,1,1,1,1
2024-01-18,20:12:09,CNR8227173,Completed,CID3773368,Go Mini,Narsinghpur,Saidulajab,5.4,18.0,,,,,,,421.0,25.82,3.9,4.6,Cash,2024-01-18 20:12:09,2024,1,January,18,3,Thursday,20,0,Evening,1,0,0,0,Completed,421.0,16.305189775367932,1,1,1,1,1,1,1
2024-12-28,05:50:24,CNR8229171,No Driver Found,CID5545292,Go Sedan,Meerut,Ashok Vihar,,,,,,,,,,,,,,2024-12-28 05:50:24,2024,12,December,28,5,Saturday,5,1,Night,0,0,0,1,No Driver Found,0.0,,0,0,0,0,0,0,0
2024-04-07,19:53:18,CNR8229171,Completed,CID9392081,Auto,DLF Phase 3,Gurgaon Sector 56,7.1,38.2,,,,,,,126.0,17.88,4.2,4.9,UPI,2024-04-07 19:53:18,2024,4,April,7,6,Sunday,19,1,Evening,1,0,0,0,Completed,126.0,7.046979865771813,1,1,1,1,1,1,1
2024-08-28,10:52:42,CNR8231935,Completed,CID8477797,Uber XL,Chanakyapuri,Saket A Block,11.9,20.0,,,,,,,565.0,43.11,3.7,4.3,UPI,2024-08-28 10:52:42,2024,8,August,28,2,Wednesday,10,0,Morning,1,0,0,0,Completed,565.0,13.106007886801207,1,1,1,1,1,1,1
2024-06-29,06:40:39,CNR8231935,Completed,CID7383449,Auto,Rithala,Vatika Chowk,8.7,20.0,,,,,,,427.0,36.5,4.3,4.6,Debit Card,2024-06-29 06:40:39,2024,6,June,29,5,Saturday,6,1,Morning,1,0,0,0,Completed,427.0,11.698630136986301,1,1,1,1,1,1,1
2024-03-09,18:26:56,CNR8240390,Cancelled by Driver,CID2669607,Auto,Sikanderpur,Preet Vihar,10.1,,,,1.0,More than permitted people in there,,,,,,,,2024-03-09 18:26:56,2024,3,March,9,5,Saturday,18,1,Evening,0,1,0,0,Driver Cancelled,0.0,,0,0,0,0,0,1,0
2024-04-14,06:23:07,CNR8240390,Completed,CID9811915,Premier Sedan,Rohini East,Shahdara,2.4,43.0,,,,,,,758.0,15.81,3.7,4.5,Uber Wallet,2024-04-14 06:23:07,2024,4,April,14,6,Sunday,6,1,Morning,1,0,0,0,Completed,758.0,47.944339025932955,1,1,1,1,1,1,1
2024-11-02,23:35:33,CNR8241727,Incomplete,CID5595722,Go Sedan,Laxmi Nagar,Jhilmil,8.1,22.2,,,,,1.0,Vehicle Breakdown,210.0,13.74,,,Debit Card,2024-11-02 23:35:33,2024,11,November,2,5,Saturday,23,1,Late Evening,0,0,1,0,Incomplete,0.0,,1,1,0,0,1,1,1
2024-06-23,08:41:34,CNR8241727,Cancelled by Driver,CID3615685,Bike,Tilak Nagar,Uttam Nagar,3.2,,,,1.0,Customer related issue,,,,,,,,2024-06-23 08:41:34,2024,6,June,23,6,Sunday,8,1,Morning,0,1,0,0,Driver Cancelled,0.0,,0,0,0,0,0,1,0
2024-11-15,16:45:56,CNR8243630,Cancelled by Customer,CID2481917,eBike,Vishwavidyalaya,Sarai Kale Khan,9.5,,1.0,Change of plans,,,,,,,,,,2024-11-15 16:45:56,2024,11,November,15,4,Friday,16,0,Afternoon,0,1,0,0,Customer Cancelled,0.0,,0,0,0,0,0,1,0
2024-06-17,14:43:44,CNR8243630,Completed,CID3630206,Bike,Moolchand,Nawada,10.5,28.2,,,,,,,482.0,16.44,3.8,4.3,Uber Wallet,2024-06-17 14:43:44,2024,6,June,17,0,Monday,14,0,Afternoon,1,0,0,0,Completed,482.0,29.318734793187346,1,1,1,1,1,1,1
2024-09-22,16:16:26,CNR8261028,Completed,CID8498730,Auto,Satguru Ram Singh Marg,Nehru Place,9.5,30.8,,,,,,,501.0,26.64,4.5,3.9,Cash,2024-09-22 16:16:26,2024,9,September,22,6,Sunday,16,1,Afternoon,1,0,0,0,Completed,501.0,18.806306306306308,1,1,1,1,1,1,1
2024-09-13,18:21:49,CNR8261028,Incomplete,CID1848925,Go Sedan,Munirka,Punjabi Bagh,9.2,12.4,,,,,1.0,Vehicle Breakdown,101.0,19.76,,,Uber Wallet,2024-09-13 18:21:49,2024,9,September,13,4,Friday,18,0,Evening,0,0,1,0,Incomplete,0.0,,1,1,0,0,1,1,1
2024-10-01,20:41:33,CNR8262370,Completed,CID8487837,Bike,Kirti Nagar,INA Market,2.5,40.1,,,,,,,248.0,41.62,4.8,4.3,Cash,2024-10-01 20:41:33,2024,10,October,1,1,Tuesday,20,0,Evening,1,0,0,0,Completed,248.0,5.958673714560308,1,1,1,1,1,1,1
2024-03-01,17:17:54,CNR8262370,Completed,CID6825600,eBike,Kaushambi,Chanakyapuri,2.3,16.5,,,,,,,995.0,35.82,4.6,4.6,Debit Card,2024-03-01 17:17:54,2024,3,March,1,4,Friday,17,0,Evening,1,0,0,0,Completed,995.0,27.77777777777778,1,1,1,1,1,1,1
2024-07-03,11:24:28,CNR8271723,Cancelled by Driver,CID7830901,Go Sedan,Dilshad Garden,Lok Kalyan Marg,3.1,,,,1.0,More than permitted people in there,,,,,,,,2024-07-03 11:24:28,2024,7,July,3,2,Wednesday,11,0,Morning,0,1,0,0,Driver Cancelled,0.0,,0,0,0,0,0,1,0
2024-06-13,17:45:38,CNR8271723,Cancelled by Driver,CID2905986,Bike,Sikanderpur,Manesar,11.0,,,,1.0,More than permitted people in there,,,,,,,,2024-06-13 17:45:38,2024,6,June,13,3,Thursday,17,0,Evening,0,1,0,0,Driver Cancelled,0.0,,0,0,0,0,0,1,0
2024-11-08,21:33:51,CNR8277267,Cancelled by Driver,CID9547088,Premier Sedan,Indirapuram,Welcome,8.5,,,,1.0,Customer related issue,,,,,,,,2024-11-08 21:33:51,2024,11,November,8,4,Friday,21,0,Late Evening,0,1,0,0,Driver Cancelled,0.0,,0,0,0,0,0,1,0
2024-11-24,10:26:42,CNR8277267,Completed,CID5615689,Premier Sedan,Tughlakabad,Udyog Vihar Phase 4,12.3,40.2,,,,,,,1317.0,12.47,4.1,5.0,Credit Card,2024-11-24 10:26:42,2024,11,November,24,6,Sunday,10,1,Morning,1,0,0,0,Completed,1317.0,105.61347233360064,1,1,1,1,1,1,1
2024-11-22,18:09:37,CNR8279988,Completed,CID8035938,Auto,Saket A Block,Dwarka Mor,5.5,23.8,,,,,,,675.0,49.35,4.6,4.7,Debit Card,2024-11-22 18:09:37,2024,11,November,22,4,Friday,18,0,Evening,1,0,0,0,Completed,675.0,13.677811550151976,1,1,1,1,1,1,1
2024-01-04,16:50:18,CNR8279988,Completed,CID4590498,Premier Sedan,Delhi Gate,Adarsh Nagar,8.4,23.2,,,,,,,335.0,35.03,4.9,4.8,Cash,2024-01-04 16:50:18,2024,1,January,4,3,Thursday,16,0,Afternoon,1,0,0,0,Completed,335.0,9.563231515843562,1,1,1,1,1,1,1
2024-09-26,09:53:58,CNR8289158,No Driver Found,CID2458338,Bike,Jhilmil,Barakhamba Road,,,,,,,,,,,,,,2024-09-26 09:53:58,2024,9,September,26,3,Thursday,9,0,Morning,0,0,0,1,No Driver Found,0.0,,0,0,0,0,0,0,0
2024-03-15,09:13:26,CNR8289158,Cancelled by Driver,CID8311192,Go Mini,Gurgaon Sector 56,Udyog Bhawan,3.4,,,,1.0,Personal & Car related issues,,,,,,,,2024-03-15 09:13:26,2024,3,March,15,4,Friday,9,0,Morning,0,1,0,0,Driver Cancelled,0.0,,0,0,0,0,0,1,0
2024-12-10,22:33:21,CNR8300217,Incomplete,CID9935679,Bike,IMT Manesar,Indraprastha,5.7,18.8,,,,,1.0,Customer Demand,623.0,3.43,,,UPI,2024-12-10 22:33:21,2024,12,December,10,1,Tuesday,22,0,Late Evening,0,0,1,0,Incomplete,0.0,,1,1,0,0,1,1,1
2024-04-03,11:44:03,CNR8300217,No Driver Found,CID3500391,Premier Sedan,Gwal Pahari,Keshav Puram,,,,,,,,,,,,,,2024-04-03 11:44:03,2024,4,April,3,2,Wednesday,11,0,Morning,0,0,0,1,No Driver Found,0.0,,0,0,0,0,0,0,0
2024-11-13,17:01:08,CNR8302839,Cancelled by Driver,CID1225979,Premier Sedan,Mehrauli,Ghaziabad,8.7,,,,1.0,The customer was coughing/sick,,,,,,,,2024-11-13 17:01:08,2024,11,November,13,2,Wednesday,17,0,Evening,0,1,0,0,Driver Cancelled,0.0,,0,0,0,0,0,1,0
2024-03-31,18:24:25,CNR8302839,Cancelled by Driver,CID1603611,Premier Sedan,Anand Vihar ISBT,Udyog Vihar Phase 4,8.3,,,,1.0,Customer related issue,,,,,,,,2024-03-31 18:24:25,2024,3,March,31,6,Sunday,18,1,Evening,0,1,0,0,Driver Cancelled,0.0,,0,0,0,0,0,1,0
2024-02-11,03:18:36,CNR8307016,Completed,CID8623226,Premier Sedan,Palam Vihar,Gurgaon Railway Station,14.7,41.3,,,,,,,844.0,15.13,4.2,4.7,UPI,2024-02-11 03:18:36,2024,2,February,11,6,Sunday,3,1,Night,1,0,0,0,Completed,844.0,55.783212161269,1,1,1,1,1,1,1
2024-12-28,11:03:52,CNR8307016,Cancelled by Driver,CID5774952,Bike,Bahadurgarh,Ashok Vihar,9.6,,,,1.0,Personal & Car related issues,,,,,,,,2024-12-28 11:03:52,2024,12,December,28,5,Saturday,11,1,Morning,0,1,0,0,Driver Cancelled,0.0,,0,0,0,0,0,1,0
2024-12-02,18:59:53,CNR8307846,Completed,CID1254008,Bike,Vishwavidyalaya,Greater Kailash,8.0,28.4,,,,,,,446.0,39.72,4.6,5.0,UPI,2024-12-02 18:59:53,2024,12,December,2,0,Monday,18,0,Evening,1,0,0,0,Completed,446.0,11.22860020140987,1,1,1,1,1,1,1
2024-04-04,05:38:41,CNR8307846,Cancelled by Driver,CID7521646,Auto,India Gate,New Delhi Railway Station,11.8,,,,1.0,More than permitted people in there,,,,,,,,2024-04-04 05:38:41,2024,4,April,4,3,Thursday,5,0,Night,0,1,0,0,Driver Cancelled,0.0,,0,0,0,0,0,1,0
2024-11-26,18:42:46,CNR8320262,Completed,CID6465890,Premier Sedan,South Extension,Lok Kalyan Marg,10.7,22.5,,,,,,,872.0,48.52,3.2,3.7,Cash,2024-11-26 18:42:46,2024,11,November,26,1,Tuesday,18,0,Evening,1,0,0,0,Completed,872.0,17.9719703215169,1,1,1,1,1,1,1
2024-09-04,16:06:08,CNR8320262,Cancelled by Driver,CID1288006,Go Mini,Lal Quila,GTB Nagar,3.4,,,,1.0,More than permitted people in there,,,,,,,,2024-09-04 16:06:08,2024,9,September,4,2,Wednesday,16,0,Afternoon,0,1,0,0,Driver Cancelled,0.0,,0,0,0,0,0,1,0
2024-08-13,21:05:17,CNR8327024,Completed,CID7292020,Bike,Janakpuri,Saidulajab,4.6,23.1,,,,,,,445.0,41.3,5.0,5.0,UPI,2024-08-13 21:05:17,2024,8,August,13,1,Tuesday,21,0,Late Evening,1,0,0,0,Completed,445.0,10.774818401937047,1,1,1,1,1,1,1
2024-08-07,17:27:16,CNR8327024,Completed,CID9944064,Premier Sedan,Shivaji Park,INA Market,3.0,30.3,,,,,,,541.0,2.57,4.2,4.7,Uber Wallet,2024-08-07 17:27:16,2024,8,August,7,2,Wednesday,17,0,Evening,1,0,0,0,Completed,541.0,210.5058365758755,1,1,1,1,1,1,1
2024-03-27,15:53:17,CNR8327138,Completed,CID3819898,Premier Sedan,Anand Vihar,Hero Honda Chowk,2.6,19.1,,,,,,,457.0,32.63,4.3,3.7,Cash,2024-03-27 15:53:17,2024,3,March,27,2,Wednesday,15,0,Afternoon,1,0,0,0,Completed,457.0,14.005516395954642,1,1,1,1,1,1,1
2024-05-15,07:27:14,CNR8327138,Cancelled by Driver,CID3299815,Premier Sedan,Chanakyapuri,Shahdara,9.9,,,,1.0,The customer was coughing/sick,,,,,,,,2024-05-15 07:27:14,2024,5,May,15,2,Wednesday,7,0,Morning,0,1,0,0,Driver Cancelled,0.0,,0,0,0,0,0,1,0
2024-11-06,15:15:18,CNR8328217,Completed,CID7419992,Auto,Karkarduma,Mayur Vihar,14.4,32.7,,,,,,,114.0,31.42,3.9,4.6,Cash,2024-11-06 15:15:18,2024,11,November,6,2,Wednesday,15,0,Afternoon,1,0,0,0,Completed,114.0,3.6282622533418203,1,1,1,1,1,1,1
2024-11-12,20:55:30,CNR8328217,Completed,CID3638780,eBike,Uttam Nagar,Rohini,4.3,27.4,,,,,,,214.0,25.93,5.0,4.3,Cash,2024-11-12 20:55:30,2024,11,November,12,1,Tuesday,20,0,Evening,1,0,0,0,Completed,214.0,8.252988816043194,1,1,1,1,1,1,1
2024-06-24,04:10:48,CNR8330210,No Driver Found,CID3745169,Bike,Civil Lines Gurgaon,Lok Kalyan Marg,,,,,,,,,,,,,,2024-06-24 04:10:48,2024,6,June,24,0,Monday,4,0,Night,0,0,0,1,No Driver Found,0.0,,0,0,0,0,0,0,0
2024-02-22,04:13:33,CNR8330210,Completed,CID8719946,Go Mini,Shahdara,Shastri Park,14.8,17.8,,,,,,,76.0,34.36,4.1,4.5,UPI,2024-02-22 04:13:33,2024,2,February,22,3,Thursday,4,0,Night,1,0,0,0,Completed,76.0,2.2118742724097786,1,1,1,1,1,1,1
2024-12-07,15:10:00,CNR8358654,Cancelled by Driver,CID6105144,Premier Sedan,Udyog Vihar,Badshahpur,9.3,,,,1.0,More than permitted people in there,,,,,,,,2024-12-07 15:10:00,2024,12,December,7,5,Saturday,15,1,Afternoon,0,1,0,0,Driver Cancelled,0.0,,0,0,0,0,0,1,0
2024-05-06,14:20:09,CNR8358654,No Driver Found,CID4680960,Go Sedan,Greater Kailash,Dwarka Mor,,,,,,,,,,,,,,2024-05-06 14:20:09,2024,5,May,6,0,Monday,14,0,Afternoon,0,0,0,1,No Driver Found,0.0,,0,0,0,0,0,0,0
2024-01-19,15:55:39,CNR8381815,Cancelled by Driver,CID4120917,Go Mini,Shastri Park,Noida Sector 18,4.8,,,,1.0,More than permitted people in there,,,,,,,,2024-01-19 15:55:39,2024,1,January,19,4,Friday,15,0,Afternoon,0,1,0,0,Driver Cancelled,0.0,,0,0,0,0,0,1,0
2024-05-10,15:27:01,CNR8381815,Completed,CID4480065,Premier Sedan,Tughlakabad,Connaught Place,6.2,15.3,,,,,,,377.0,4.87,4.2,3.5,Uber Wallet,2024-05-10 15:27:01,2024,5,May,10,4,Friday,15,0,Afternoon,1,0,0,0,Completed,377.0,77.41273100616016,1,1,1,1,1,1,1
2024-04-22,22:59:00,CNR8382349,Completed,CID8702883,Go Mini,Noida Extension,Munirka,10.5,31.3,,,,,,,694.0,40.24,4.0,4.3,UPI,2024-04-22 22:59:00,2024,4,April,22,0,Monday,22,0,Late Evening,1,0,0,0,Completed,694.0,17.24652087475149,1,1,1,1,1,1,1
2024-05-15,08:55:59,CNR8382349,Completed,CID9424654,Premier Sedan,RK Puram,Patel Chowk,11.6,30.5,,,,,,,1572.0,36.77,4.3,4.4,Uber Wallet,2024-05-15 08:55:59,2024,5,May,15,2,Wednesday,8,0,Morning,1,0,0,0,Completed,1572.0,42.752243676910524,1,1,1,1,1,1,1
2024-01-18,23:06:36,CNR8386858,Completed,CID5304210,Go Mini,Welcome,Kashmere Gate ISBT,13.8,42.1,,,,,,,170.0,28.2,5.0,4.2,Cash,2024-01-18 23:06:36,2024,1,January,18,3,Thursday,23,0,Late Evening,1,0,0,0,Completed,170.0,6.028368794326242,1,1,1,1,1,1,1
2024-12-17,16:35:33,CNR8386858,Completed,CID8728671,Go Mini,Qutub Minar,Gurgaon Sector 56,15.0,40.1,,,,,,,359.0,39.72,4.4,4.1,Credit Card,2024-12-17 16:35:33,2024,12,December,17,1,Tuesday,16,0,Afternoon,1,0,0,0,Completed,359.0,9.038267875125882,1,1,1,1,1,1,1
2024-05-11,15:20:57,CNR8391980,Completed,CID6433712,Go Sedan,Bhikaji Cama Place,Manesar,6.0,38.8,,,,,,,950.0,42.28,4.6,4.4,Credit Card,2024-05-11 15:20:57,2024,5,May,11,5,Saturday,15,1,Afternoon,1,0,0,0,Completed,950.0,22.469252601702934,1,1,1,1,1,1,1
2024-05-30,19:45:39,CNR8391980,Completed,CID9423582,Go Mini,Palam Vihar,Shahdara,3.4,21.3,,,,,,,928.0,2.88,4.1,4.3,Uber Wallet,2024-05-30 19:45:39,2024,5,May,30,3,Thursday,19,0,Evening,1,0,0,0,Completed,928.0,322.22222222222223,1,1,1,1,1,1,1
2024-02-25,13:39:15,CNR8395202,Incomplete,CID4851584,Go Mini,Mehrauli,Central Secretariat,5.9,22.6,,,,,1.0,Vehicle Breakdown,1160.0,13.75,,,Credit Card,2024-02-25 13:39:15,2024,2,February,25,6,Sunday,13,1,Afternoon,0,0,1,0,Incomplete,0.0,,1,1,0,0,1,1,1
2024-09-11,16:57:01,CNR8395202,Cancelled by Driver,CID9457292,Auto,Sikanderpur,Noida Sector 62,9.0,,,,1.0,Personal & Car related issues,,,,,,,,2024-09-11 16:57:01,2024,9,September,11,2,Wednesday,16,0,Afternoon,0,1,0,0,Driver Cancelled,0.0,,0,0,0,0,0,1,0
2024-03-03,15:48:10,CNR8400935,Completed,CID8962495,Go Mini,Shastri Nagar,Aya Nagar,2.1,21.3,,,,,,,1157.0,44.23,4.2,4.3,Cash,2024-03-03 15:48:10,2024,3,March,3,6,Sunday,15,1,Afternoon,1,0,0,0,Completed,1157.0,26.15871580375311,1,1,1,1,1,1,1
2024-12-01,07:20:28,CNR8400935,Cancelled by Driver,CID5933551,Go Sedan,MG Road,Paharganj,11.8,,,,1.0,The customer was coughing/sick,,,,,,,,2024-12-01 07:20:28,2024,12,December,1,6,Sunday,7,1,Morning,0,1,0,0,Driver Cancelled,0.0,,0,0,0,0,0,1,0
2024-12-30,10:36:44,CNR8406620,Cancelled by Driver,CID6166453,Auto,Gurgaon Sector 56,Nawada,6.0,,,,1.0,Customer related issue,,,,,,,,2024-12-30 10:36:44,2024,12,December,30,0,Monday,10,0,Morning,0,1,0,0,Driver Cancelled,0.0,,0,0,0,0,0,1,0
2024-12-21,12:47:48,CNR8406620,Completed,CID6681657,Auto,Green Park,Indirapuram,6.4,27.0,,,,,,,512.0,7.31,4.3,4.7,Uber Wallet,2024-12-21 12:47:48,2024,12,December,21,5,Saturday,12,1,Afternoon,1,0,0,0,Completed,512.0,70.04103967168263,1,1,1,1,1,1,1
2024-12-23,19:09:40,CNR8407704,Completed,CID2320962,Go Sedan,Seelampur,Nawada,9.6,33.2,,,,,,,479.0,41.01,4.3,4.5,Credit Card,2024-12-23 19:09:40,2024,12,December,23,0,Monday,19,0,Evening,1,0,0,0,Completed,479.0,11.680078029748842,1,1,1,1,1,1,1
2024-02-01,17:38:11,CNR8407704,Cancelled by Customer,CID3724503,Auto,Bahadurgarh,South Extension,9.4,,1.0,Wrong Address,,,,,,,,,,2024-02-01 17:38:11,2024,2,February,1,3,Thursday,17,0,Evening,0,1,0,0,Customer Cancelled,0.0,,0,0,0,0,0,1,0
2024-10-02,22:19:25,CNR8424394,Completed,CID4883225,Auto,Welcome,Hauz Rani,11.9,35.5,,,,,,,493.0,7.31,4.0,4.7,Credit Card,2024-10-02 22:19:25,2024,10,October,2,2,Wednesday,22,0,Late Evening,1,0,0,0,Completed,493.0,67.44186046511628,1,1,1,1,1,1,1
2024-10-03,19:59:39,CNR8424394,Completed,CID1181521,Premier Sedan,IFFCO Chowk,Sonipat,3.5,20.3,,,,,,,51.0,16.18,4.3,4.3,Debit Card,2024-10-03 19:59:39,2024,10,October,3,3,Thursday,19,0,Evening,1,0,0,0,Completed,51.0,3.1520395550061804,1,1,1,1,1,1,1
2024-09-08,07:41:37,CNR8432265,Completed,CID1704900,Premier Sedan,Mayur Vihar,Yamuna Bank,8.1,32.4,,,,,,,165.0,16.12,4.2,4.4,Cash,2024-09-08 07:41:37,2024,9,September,8,6,Sunday,7,1,Morning,1,0,0,0,Completed,165.0,10.235732009925558,1,1,1,1,1,1,1
2024-04-08,10:52:03,CNR8432265,Completed,CID8676283,Go Sedan,Chirag Delhi,INA Market,11.2,28.5,,,,,,,972.0,49.64,4.2,4.3,UPI,2024-04-08 10:52:03,2024,4,April,8,0,Monday,10,0,Morning,1,0,0,0,Completed,972.0,19.58098307816277,1,1,1,1,1,1,1
2024-06-30,07:03:18,CNR8435959,Completed,CID8697109,Auto,Badshahpur,Munirka,14.3,16.7,,,,,,,533.0,34.16,4.1,4.2,Credit Card,2024-06-30 07:03:18,2024,6,June,30,6,Sunday,7,1,Morning,1,0,0,0,Completed,533.0,15.60304449648712,1,1,1,1,1,1,1
2024-01-12,16:43:53,CNR8435959,Cancelled by Driver,CID9665618,Bike,Bahadurgarh,Jama Masjid,5.5,,,,1.0,Personal & Car related issues,,,,,,,,2024-01-12 16:43:53,2024,1,January,12,4,Friday,16,0,Afternoon,0,1,0,0,Driver Cancelled,0.0,,0,0,0,0,0,1,0
2024-06-03,18:51:39,CNR8464590,Cancelled by Driver,CID4514116,eBike,Netaji Subhash Place,Saket,7.3,,,,1.0,The customer was coughing/sick,,,,,,,,2024-06-03 18:51:39,2024,6,June,3,0,Monday,18,0,Evening,0,1,0,0,Driver Cancelled,0.0,,0,0,0,0,0,1,0
2024-11-01,20:26:15,CNR8464590,Cancelled by Customer,CID5139530,Bike,Nirman Vihar,Rajouri Garden,8.1,,1.0,Wrong Address,,,,,,,,,,2024-11-01 20:26:15,2024,11,November,1,4,Friday,20,0,Evening,0,1,0,0,Customer Cancelled,0.0,,0,0,0,0,0,1,0
2024-09-14,04:27:21,CNR8468427,Completed,CID1386834,Auto,MG Road,IGI Airport,2.8,41.3,,,,,,,832.0,22.88,4.3,4.5,Cash,2024-09-14 04:27:21,2024,9,September,14,5,Saturday,4,1,Night,1,0,0,0,Completed,832.0,36.36363636363637,1,1,1,1,1,1,1
2024-06-03,12:06:45,CNR8468427,Incomplete,CID7111769,Bike,Khan Market,IGNOU Road,8.7,15.6,,,,,1.0,Vehicle Breakdown,290.0,1.86,,,Uber Wallet,2024-06-03 12:06:45,2024,6,June,3,0,Monday,12,0,Afternoon,0,0,1,0,Incomplete,0.0,,1,1,0,0,1,1,1
2024-07-25,17:34:23,CNR8469335,Completed,CID9443770,Uber XL,Rohini West,Sushant Lok,5.1,21.2,,,,,,,283.0,13.29,4.2,4.6,UPI,2024-07-25 17:34:23,2024,7,July,25,3,Thursday,17,0,Evening,1,0,0,0,Completed,283.0,21.29420617005267,1,1,1,1,1,1,1
2024-07-27,20:50:07,CNR8469335,Completed,CID2769592,Auto,MG Road,Khan Market,14.1,31.5,,,,,,,379.0,20.66,4.5,4.7,Credit Card,2024-07-27 20:50:07,2024,7,July,27,5,Saturday,20,1,Evening,1,0,0,0,Completed,379.0,18.34462729912875,1,1,1,1,1,1,1
2024-01-22,09:52:14,CNR8470844,Incomplete,CID5163527,Go Sedan,IGNOU Road,Patel Chowk,2.1,26.2,,,,,1.0,Other Issue,226.0,11.66,,,UPI,2024-01-22 09:52:14,2024,1,January,22,0,Monday,9,0,Morning,0,0,1,0,Incomplete,0.0,,1,1,0,0,1,1,1
2024-01-15,18:42:57,CNR8470844,Cancelled by Customer,CID9404645,Auto,Central Secretariat,IFFCO Chowk,16.1,,1.0,Wrong Address,,,,,,,,,,2024-01-15 18:42:57,2024,1,January,15,0,Monday,18,0,Evening,0,1,0,0,Customer Cancelled,0.0,,0,0,0,0,0,1,0
2024-11-24,10:21:45,CNR8472673,Completed,CID6171355,eBike,Cyber Hub,Dilshad Garden,3.0,20.4,,,,,,,116.0,48.45,4.6,3.7,Uber Wallet,2024-11-24 10:21:45,2024,11,November,24,6,Sunday,10,1,Morning,1,0,0,0,Completed,116.0,2.39422084623323,1,1,1,1,1,1,1
2024-10-07,17:34:55,CNR8472673,Completed,CID7658071,Go Sedan,South Extension,RK Puram,2.4,30.3,,,,,,,482.0,7.15,4.2,4.9,UPI,2024-10-07 17:34:55,2024,10,October,7,0,Monday,17,0,Evening,1,0,0,0,Completed,482.0,67.41258741258741,1,1,1,1,1,1,1
2024-11-26,11:57:18,CNR8488135,Completed,CID1684585,Auto,Noida Sector 62,Green Park,4.8,38.5,,,,,,,536.0,28.65,4.3,4.9,Uber Wallet,2024-11-26 11:57:18,2024,11,November,26,1,Tuesday,11,0,Morning,1,0,0,0,Completed,536.0,18.708551483420596,1,1,1,1,1,1,1
2024-09-16,16:35:31,CNR8488135,No Driver Found,CID6375692,Go Mini,Vasant Kunj,Moolchand,,,,,,,,,,,,,,2024-09-16 16:35:31,2024,9,September,16,0,Monday,16,0,Afternoon,0,0,0,1,No Driver Found,0.0,,0,0,0,0,0,0,0
2024-05-30,20:47:58,CNR8494034,Cancelled by Driver,CID3285391,Bike,Model Town,Vasant Kunj,11.4,,,,1.0,Personal & Car related issues,,,,,,,,2024-05-30 20:47:58,2024,5,May,30,3,Thursday,20,0,Evening,0,1,0,0,Driver Cancelled,0.0,,0,0,0,0,0,1,0
2024-02-20,16:51:57,CNR8494034,Cancelled by Customer,CID4177327,Auto,IGNOU Road,Ramesh Nagar,15.5,,1.0,Driver is not moving towards pickup location,,,,,,,,,,2024-02-20 16:51:57,2024,2,February,20,1,Tuesday,16,0,Afternoon,0,1,0,0,Customer Cancelled,0.0,,0,0,0,0,0,1,0
2024-10-23,01:48:57,CNR8499430,Completed,CID8781785,Auto,Mansarovar Park,Nirman Vihar,3.8,17.1,,,,,,,413.0,30.72,4.6,4.2,Credit Card,2024-10-23 01:48:57,2024,10,October,23,2,Wednesday,1,0,Night,1,0,0,0,Completed,413.0,13.444010416666668,1,1,1,1,1,1,1
2024-05-30,16:53:27,CNR8499430,Cancelled by Customer,CID9303584,Go Mini,Nirman Vihar,Munirka,6.3,,1.0,AC is not working,,,,,,,,,,2024-05-30 16:53:27,2024,5,May,30,3,Thursday,16,0,Afternoon,0,1,0,0,Customer Cancelled,0.0,,0,0,0,0,0,1,0
2024-02-23,18:16:31,CNR8501578,Cancelled by Driver,CID1630869,Auto,Pitampura,Civil Lines Gurgaon,3.6,,,,1.0,Customer related issue,,,,,,,,2024-02-23 18:16:31,2024,2,February,23,4,Friday,18,0,Evening,0,1,0,0,Driver Cancelled,0.0,,0,0,0,0,0,1,0
2024-10-25,11:15:44,CNR8501578,Completed,CID9106864,Go Mini,Udyog Vihar,Gurgaon Sector 56,6.6,21.4,,,,,,,894.0,5.35,4.6,4.2,Cash,2024-10-25 11:15:44,2024,10,October,25,4,Friday,11,0,Morning,1,0,0,0,Completed,894.0,167.10280373831776,1,1,1,1,1,1,1
2024-11-11,19:56:48,CNR8505153,Incomplete,CID5046336,Premier Sedan,Seelampur,Indraprastha,9.4,11.1,,,,,1.0,Customer Demand,408.0,17.64,,,Cash,2024-11-11 19:56:48,2024,11,November,11,0,Monday,19,0,Evening,0,0,1,0,Incomplete,0.0,,1,1,0,0,1,1,1
2024-09-10,07:39:56,CNR8505153,Cancelled by Customer,CID2846012,Bike,Jama Masjid,Vishwavidyalaya,16.6,,1.0,Driver asked to cancel,,,,,,,,,,2024-09-10 07:39:56,2024,9,September,10,1,Tuesday,7,0,Morning,0,1,0,0,Customer Cancelled,0.0,,0,0,0,0,0,1,0
2024-10-18,20:50:34,CNR8505749,Cancelled by Driver,CID2238336,Premier Sedan,Noida Extension,Kaushambi,8.3,,,,1.0,Customer related issue,,,,,,,,2024-10-18 20:50:34,2024,10,October,18,4,Friday,20,0,Evening,0,1,0,0,Driver Cancelled,0.0,,0,0,0,0,0,1,0
2024-08-11,20:27:48,CNR8505749,Completed,CID7427636,Auto,Kashmere Gate ISBT,New Colony,7.1,24.0,,,,,,,776.0,17.04,4.1,4.3,Uber Wallet,2024-08-11 20:27:48,2024,8,August,11,6,Sunday,20,1,Evening,1,0,0,0,Completed,776.0,45.539906103286384,1,1,1,1,1,1,1
2024-06-16,18:52:18,CNR8512162,Cancelled by Driver,CID4925589,Bike,Kadarpur,Noida Sector 18,4.9,,,,1.0,More than permitted people in there,,,,,,,,2024-06-16 18:52:18,2024,6,June,16,6,Sunday,18,1,Evening,0,1,0,0,Driver Cancelled,0.0,,0,0,0,0,0,1,0
2024-09-08,19:46:42,CNR8512162,No Driver Found,CID2609681,Bike,Rajiv Chowk,Uttam Nagar,,,,,,,,,,,,,,2024-09-08 19:46:42,2024,9,September,8,6,Sunday,19,1,Evening,0,0,0,1,No Driver Found,0.0,,0,0,0,0,0,0,0
2024-11-02,10:45:25,CNR8512595,Completed,CID8017027,Auto,Ashok Vihar,Mehrauli,14.6,29.6,,,,,,,294.0,44.22,3.6,5.0,Cash,2024-11-02 10:45:25,2024,11,November,2,5,Saturday,10,1,Morning,1,0,0,0,Completed,294.0,6.648575305291724,1,1,1,1,1,1,1
2024-03-01,11:55:56,CNR8512595,Completed,CID9741888,Go Mini,Narsinghpur,Huda City Centre,3.5,15.4,,,,,,,187.0,41.45,4.4,4.2,Credit Card,2024-03-01 11:55:56,2024,3,March,1,4,Friday,11,0,Morning,1,0,0,0,Completed,187.0,4.51145958986731,1,1,1,1,1,1,1
2024-08-30,07:12:21,CNR8540413,Completed,CID1585243,Bike,Rohini,Karol Bagh,11.0,20.4,,,,,,,921.0,8.66,3.8,4.7,UPI,2024-08-30 07:12:21,2024,8,August,30,4,Friday,7,0,Morning,1,0,0,0,Completed,921.0,106.35103926096997,1,1,1,1,1,1,1
2024-09-10,22:14:53,CNR8540413,Cancelled by Driver,CID2653165,Bike,Jor Bagh,Mansarovar Park,10.0,,,,1.0,More than permitted people in there,,,,,,,,2024-09-10 22:14:53,2024,9,September,10,1,Tuesday,22,0,Late Evening,0,1,0,0,Driver Cancelled,0.0,,0,0,0,0,0,1,0
2024-04-12,17:14:47,CNR8569749,Cancelled by Customer,CID5823382,Auto,Sonipat,Udyog Bhawan,17.1,,1.0,Change of plans,,,,,,,,,,2024-04-12 17:14:47,2024,4,April,12,4,Friday,17,0,Evening,0,1,0,0,Customer Cancelled,0.0,,0,0,0,0,0,1,0
2024-02-21,06:54:25,CNR8569749,Cancelled by Customer,CID2808756,eBike,Karkarduma,Rohini East,18.4,,1.0,Driver asked to cancel,,,,,,,,,,2024-02-21 06:54:25,2024,2,February,21,2,Wednesday,6,0,Morning,0,1,0,0,Customer Cancelled,0.0,,0,0,0,0,0,1,0
2024-12-11,09:15:42,CNR8580367,Completed,CID8844265,Auto,IGI Airport,Noida Sector 62,6.8,24.7,,,,,,,754.0,29.81,4.3,4.8,UPI,2024-12-11 09:15:42,2024,12,December,11,2,Wednesday,9,0,Morning,1,0,0,0,Completed,754.0,25.293525662529355,1,1,1,1,1,1,1
2024-07-12,18:41:09,CNR8580367,Cancelled by Driver,CID9644865,Bike,Yamuna Bank,Kaushambi,10.9,,,,1.0,The customer was coughing/sick,,,,,,,,2024-07-12 18:41:09,2024,7,July,12,4,Friday,18,0,Evening,0,1,0,0,Driver Cancelled,0.0,,0,0,0,0,0,1,0
2024-01-09,09:07:39,CNR8591754,Completed,CID1848071,eBike,Model Town,South Extension,8.6,44.4,,,,,,,81.0,6.22,4.6,4.5,UPI,2024-01-09 09:07:39,2024,1,January,9,1,Tuesday,9,0,Morning,1,0,0,0,Completed,81.0,13.02250803858521,1,1,1,1,1,1,1
2024-03-21,20:03:14,CNR8591754,No Driver Found,CID2694177,Go Sedan,Akshardham,Sultanpur,,,,,,,,,,,,,,2024-03-21 20:03:14,2024,3,March,21,3,Thursday,20,0,Evening,0,0,0,1,No Driver Found,0.0,,0,0,0,0,0,0,0
2024-10-13,10:23:48,CNR8596210,Completed,CID5043576,Go Sedan,Ashok Park Main,Punjabi Bagh,13.0,42.7,,,,,,,301.0,41.44,4.2,4.8,UPI,2024-10-13 10:23:48,2024,10,October,13,6,Sunday,10,1,Morning,1,0,0,0,Completed,301.0,7.263513513513514,1,1,1,1,1,1,1
2024-05-24,15:50:27,CNR8596210,Completed,CID4501494,eBike,Moti Nagar,Maidan Garhi,12.7,28.5,,,,,,,116.0,27.29,4.6,4.5,Uber Wallet,2024-05-24 15:50:27,2024,5,May,24,4,Friday,15,0,Afternoon,1,0,0,0,Completed,116.0,4.250641260534994,1,1,1,1,1,1,1
2024-07-21,13:23:42,CNR8600812,Cancelled by Driver,CID2718890,Auto,Hauz Khas,Gurgaon Sector 29,8.0,,,,1.0,Personal & Car related issues,,,,,,,,2024-07-21 13:23:42,2024,7,July,21,6,Sunday,13,1,Afternoon,0,1,0,0,Driver Cancelled,0.0,,0,0,0,0,0,1,0
2024-10-24,14:24:56,CNR8600812,Completed,CID9190452,Auto,Subhash Nagar,Cyber Hub,6.6,36.4,,,,,,,196.0,25.8,4.4,4.4,UPI,2024-10-24 14:24:56,2024,10,October,24,3,Thursday,14,0,Afternoon,1,0,0,0,Completed,196.0,7.596899224806202,1,1,1,1,1,1,1
2024-07-29,19:29:43,CNR8607412,Completed,CID5678700,Auto,New Colony,Shastri Park,9.5,30.3,,,,,,,222.0,16.35,4.6,3.7,Cash,2024-07-29 19:29:43,2024,7,July,29,0,Monday,19,0,Evening,1,0,0,0,Completed,222.0,13.577981651376145,1,1,1,1,1,1,1
2024-03-23,20:34:59,CNR8607412,Cancelled by Driver,CID1892222,Auto,Subhash Chowk,Shastri Park,3.6,,,,1.0,The customer was coughing/sick,,,,,,,,2024-03-23 20:34:59,2024,3,March,23,5,Saturday,20,1,Evening,0,1,0,0,Driver Cancelled,0.0,,0,0,0,0,0,1,0
2024-03-12,09:57:41,CNR8614462,Completed,CID7015520,Auto,Bahadurgarh,South Extension,8.1,42.9,,,,,,,94.0,8.41,4.4,4.6,UPI,2024-03-12 09:57:41,2024,3,March,12,1,Tuesday,9,0,Morning,1,0,0,0,Completed,94.0,11.17717003567182,1,1,1,1,1,1,1
2024-10-21,18:36:54,CNR8614462,Cancelled by Customer,CID6952923,Premier Sedan,Jahangirpuri,Ardee City,11.1,,1.0,Driver is not moving towards pickup location,,,,,,,,,,2024-10-21 18:36:54,2024,10,October,21,0,Monday,18,0,Evening,0,1,0,0,Customer Cancelled,0.0,,0,0,0,0,0,1,0
2024-05-25,20:33:46,CNR8614753,Completed,CID8588710,Auto,Sarojini Nagar,Panchsheel Park,3.6,27.4,,,,,,,661.0,10.52,4.9,4.8,Cash,2024-05-25 20:33:46,2024,5,May,25,5,Saturday,20,1,Evening,1,0,0,0,Completed,661.0,62.832699619771866,1,1,1,1,1,1,1
2024-08-23,07:01:58,CNR8614753,Completed,CID1722726,Go Sedan,Barakhamba Road,Vaishali,12.9,21.5,,,,,,,198.0,47.18,4.1,3.9,Uber Wallet,2024-08-23 07:01:58,2024,8,August,23,4,Friday,7,0,Morning,1,0,0,0,Completed,198.0,4.196693514200932,1,1,1,1,1,1,1
2024-08-21,10:59:05,CNR8618504,Completed,CID7501562,Go Sedan,Tagore Garden,Sadar Bazar Gurgaon,9.4,31.1,,,,,,,924.0,43.49,4.1,4.7,Credit Card,2024-08-21 10:59:05,2024,8,August,21,2,Wednesday,10,0,Morning,1,0,0,0,Completed,924.0,21.246263508852607,1,1,1,1,1,1,1
2024-10-18,16:36:51,CNR8618504,Completed,CID2929159,Auto,Chanakyapuri,Basai Dhankot,12.3,36.5,,,,,,,68.0,16.04,4.7,4.0,Uber Wallet,2024-10-18 16:36:51,2024,10,October,18,4,Friday,16,0,Afternoon,1,0,0,0,Completed,68.0,4.239401496259352,1,1,1,1,1,1,1
2024-09-28,18:11:50,CNR8621548,Completed,CID3958234,Bike,Satguru Ram Singh Marg,Dilshad Garden,5.0,28.6,,,,,,,737.0,3.32,4.5,4.2,UPI,2024-09-28 18:11:50,2024,9,September,28,5,Saturday,18,1,Evening,1,0,0,0,Completed,737.0,221.98795180722894,1,1,1,1,1,1,1
2024-04-23,14:10:14,CNR8621548,Completed,CID7459584,Auto,Barakhamba Road,Gwal Pahari,14.6,21.8,,,,,,,399.0,43.59,4.9,4.7,Debit Card,2024-04-23 14:10:14,2024,4,April,23,1,Tuesday,14,0,Afternoon,1,0,0,0,Completed,399.0,9.153475567790776,1,1,1,1,1,1,1
2024-12-22,18:25:00,CNR8623762,Completed,CID5495320,Auto,Rohini West,Kalkaji,14.7,36.4,,,,,,,219.0,35.88,3.4,4.3,Cash,2024-12-22 18:25:00,2024,12,December,22,6,Sunday,18,1,Evening,1,0,0,0,Completed,219.0,6.103678929765886,1,1,1,1,1,1,1
2024-05-20,19:34:39,CNR8623762,Completed,CID1380951,Bike,Pataudi Chowk,Tilak Nagar,14.2,36.0,,,,,,,745.0,45.73,4.2,4.2,UPI,2024-05-20 19:34:39,2024,5,May,20,0,Monday,19,0,Evening,1,0,0,0,Completed,745.0,16.291274874261973,1,1,1,1,1,1,1
2024-02-07,16:32:06,CNR8628982,Cancelled by Driver,CID2069972,Go Mini,Qutub Minar,Sultanpur,8.3,,,,1.0,Personal & Car related issues,,,,,,,,2024-02-07 16:32:06,2024,2,February,7,2,Wednesday,16,0,Afternoon,0,1,0,0,Driver Cancelled,0.0,,0,0,0,0,0,1,0
2024-08-28,12:56:55,CNR8628982,Completed,CID6859648,Auto,Panipat,Nehru Place,10.8,44.9,,,,,,,111.0,9.64,4.7,3.7,UPI,2024-08-28 12:56:55,2024,8,August,28,2,Wednesday,12,0,Afternoon,1,0,0,0,Completed,111.0,11.514522821576763,1,1,1,1,1,1,1
2024-12-24,13:11:00,CNR8640396,Completed,CID8479903,eBike,Kirti Nagar,Lok Kalyan Marg,10.4,30.4,,,,,,,60.0,47.03,3.7,4.9,UPI,2024-12-24 13:11:00,2024,12,December,24,1,Tuesday,13,0,Afternoon,1,0,0,0,Completed,60.0,1.275781416117372,1,1,1,1,1,1,1
2024-02-15,13:13:56,CNR8640396,Completed,CID6615525,Premier Sedan,Noida Extension,Munirka,13.6,40.6,,,,,,,810.0,49.05,4.6,4.9,Uber Wallet,2024-02-15 13:13:56,2024,2,February,15,3,Thursday,13,0,Afternoon,1,0,0,0,Completed,810.0,16.51376146788991,1,1,1,1,1,1,1
2024-03-04,17:36:15,CNR8662163,Completed,CID9487623,Bike,Rithala,Cyber Hub,12.9,35.5,,,,,,,142.0,13.79,4.6,4.3,Cash,2024-03-04 17:36:15,2024,3,March,4,0,Monday,17,0,Evening,1,0,0,0,Completed,142.0,10.297316896301668,1,1,1,1,1,1,1
2024-04-26,19:40:34,CNR8662163,Completed,CID1504263,Go Mini,Madipur,Kherki Daula Toll,7.5,42.7,,,,,,,544.0,32.1,3.7,3.5,Uber Wallet,2024-04-26 19:40:34,2024,4,April,26,4,Friday,19,0,Evening,1,0,0,0,Completed,544.0,16.947040498442366,1,1,1,1,1,1,1
2024-05-23,17:48:27,CNR8675142,Completed,CID6469731,eBike,Ashram,Keshav Puram,11.0,20.1,,,,,,,319.0,22.27,4.2,3.1,UPI,2024-05-23 17:48:27,2024,5,May,23,3,Thursday,17,0,Evening,1,0,0,0,Completed,319.0,14.3242029636282,1,1,1,1,1,1,1
2024-01-19,08:29:25,CNR8675142,Completed,CID2947969,Go Sedan,Ghitorni Village,Chandni Chowk,13.2,21.0,,,,,,,214.0,23.7,4.2,4.7,UPI,2024-01-19 08:29:25,2024,1,January,19,4,Friday,8,0,Morning,1,0,0,0,Completed,214.0,9.029535864978904,1,1,1,1,1,1,1
2024-08-31,17:32:55,CNR8677643,Completed,CID2167521,Go Sedan,South Extension,Jhilmil,3.3,33.1,,,,,,,445.0,15.21,4.2,4.9,UPI,2024-08-31 17:32:55,2024,8,August,31,5,Saturday,17,1,Evening,1,0,0,0,Completed,445.0,29.25706771860618,1,1,1,1,1,1,1
2024-04-03,14:47:13,CNR8677643,Completed,CID5520791,Go Mini,Green Park,Hero Honda Chowk,9.3,16.2,,,,,,,652.0,40.38,3.6,4.3,UPI,2024-04-03 14:47:13,2024,4,April,3,2,Wednesday,14,0,Afternoon,1,0,0,0,Completed,652.0,16.146607231302625,1,1,1,1,1,1,1
2024-05-28,17:22:04,CNR8680546,Cancelled by Customer,CID5483840,Auto,Green Park,Ashok Park Main,5.8,,1.0,Change of plans,,,,,,,,,,2024-05-28 17:22:04,2024,5,May,28,1,Tuesday,17,0,Evening,0,1,0,0,Customer Cancelled,0.0,,0,0,0,0,0,1,0
2024-07-13,14:59:01,CNR8680546,Cancelled by Customer,CID3587857,Go Mini,Qutub Minar,Greater Kailash,14.6,,1.0,Driver asked to cancel,,,,,,,,,,2024-07-13 14:59:01,2024,7,July,13,5,Saturday,14,1,Afternoon,0,1,0,0,Customer Cancelled,0.0,,0,0,0,0,0,1,0
2024-11-23,12:21:10,CNR8683487,No Driver Found,CID6751774,Bike,Sultanpur,Bhikaji Cama Place,,,,,,,,,,,,,,2024-11-23 12:21:10,2024,11,November,23,5,Saturday,12,1,Afternoon,0,0,0,1,No Driver Found,0.0,,0,0,0,0,0,0,0
2024-06-17,14:49:41,CNR8683487,Cancelled by Driver,CID6497492,Go Mini,Panchsheel Park,Tagore Garden,7.2,,,,1.0,More than permitted people in there,,,,,,,,2024-06-17 14:49:41,2024,6,June,17,0,Monday,14,0,Afternoon,0,1,0,0,Driver Cancelled,0.0,,0,0,0,0,0,1,0
2024-05-28,18:37:50,CNR8696004,Completed,CID4608348,Premier Sedan,Kanhaiya Nagar,Ambience Mall,13.9,44.8,,,,,,,579.0,40.64,4.9,4.3,UPI,2024-05-28 18:37:50,2024,5,May,28,1,Tuesday,18,0,Evening,1,0,0,0,Completed,579.0,14.247047244094489,1,1,1,1,1,1,1
2024-05-12,09:03:06,CNR8696004,Completed,CID9070380,Auto,Golf Course Road,Ashok Park Main,9.0,21.5,,,,,,,877.0,14.47,4.3,4.3,Cash,2024-05-12 09:03:06,2024,5,May,12,6,Sunday,9,1,Morning,1,0,0,0,Completed,877.0,60.60815480304077,1,1,1,1,1,1,1
2024-09-07,07:22:22,CNR8701089,Completed,CID2884698,Auto,Moolchand,Kaushambi,5.7,31.9,,,,,,,760.0,45.31,4.6,4.2,UPI,2024-09-07 07:22:22,2024,9,September,7,5,Saturday,7,1,Morning,1,0,0,0,Completed,760.0,16.773339218715513,1,1,1,1,1,1,1
2024-08-09,07:42:55,CNR8701089,Cancelled by Driver,CID1694440,Go Sedan,Ashok Park Main,Vaishali,5.8,,,,1.0,The customer was coughing/sick,,,,,,,,2024-08-09 07:42:55,2024,8,August,9,4,Friday,7,0,Morning,0,1,0,0,Driver Cancelled,0.0,,0,0,0,0,0,1,0
2024-10-22,16:35:15,CNR8714087,Completed,CID1943989,Go Mini,Laxmi Nagar,Raj Nagar Extension,12.9,36.5,,,,,,,402.0,36.75,3.6,4.6,Debit Card,2024-10-22 16:35:15,2024,10,October,22,1,Tuesday,16,0,Afternoon,1,0,0,0,Completed,402.0,10.938775510204081,1,1,1,1,1,1,1
2024-02-07,20:38:08,CNR8714087,Completed,CID9487374,Auto,Shivaji Park,Rohini West,10.1,21.2,,,,,,,320.0,29.33,3.4,4.4,Cash,2024-02-07 20:38:08,2024,2,February,7,2,Wednesday,20,0,Evening,1,0,0,0,Completed,320.0,10.910330719399932,1,1,1,1,1,1,1
2024-12-21,18:36:37,CNR8721588,Incomplete,CID5888967,Go Sedan,Adarsh Nagar,Nehru Place,9.2,17.5,,,,,1.0,Vehicle Breakdown,914.0,8.47,,,Uber Wallet,2024-12-21 18:36:37,2024,12,December,21,5,Saturday,18,1,Evening,0,0,1,0,Incomplete,0.0,,1,1,0,0,1,1,1
2024-08-15,11:13:47,CNR8721588,Completed,CID7725557,Go Mini,Rohini West,Khan Market,10.1,18.2,,,,,,,160.0,26.63,4.7,5.0,UPI,2024-08-15 11:13:47,2024,8,August,15,3,Thursday,11,0,Morning,1,0,0,0,Completed,160.0,6.008261359369133,1,1,1,1,1,1,1
2024-12-01,18:40:38,CNR8722137,Cancelled by Driver,CID8850813,Bike,New Delhi Railway Station,Sonipat,11.7,,,,1.0,Personal & Car related issues,,,,,,,,2024-12-01 18:40:38,2024,12,December,1,6,Sunday,18,1,Evening,0,1,0,0,Driver Cancelled,0.0,,0,0,0,0,0,1,0
2024-12-11,18:48:13,CNR8722137,Cancelled by Customer,CID4258269,Go Mini,Chandni Chowk,Rohini East,16.3,,1.0,Driver asked to cancel,,,,,,,,,,2024-12-11 18:48:13,2024,12,December,11,2,Wednesday,18,0,Evening,0,1,0,0,Customer Cancelled,0.0,,0,0,0,0,0,1,0
2024-12-18,19:32:50,CNR8724731,No Driver Found,CID4762676,Go Mini,GTB Nagar,ITO,,,,,,,,,,,,,,2024-12-18 19:32:50,2024,12,December,18,2,Wednesday,19,0,Evening,0,0,0,1,No Driver Found,0.0,,0,0,0,0,0,0,0
2024-02-03,19:49:45,CNR8724731,No Driver Found,CID1092052,Go Mini,Civil Lines Gurgaon,Saidulajab,,,,,,,,,,,,,,2024-02-03 19:49:45,2024,2,February,3,5,Saturday,19,1,Evening,0,0,0,1,No Driver Found,0.0,,0,0,0,0,0,0,0
2024-07-01,19:17:08,CNR8731068,Completed,CID1022499,Uber XL,Rithala,Mansarovar Park,13.1,33.6,,,,,,,747.0,13.68,4.4,4.7,UPI,2024-07-01 19:17:08,2024,7,July,1,0,Monday,19,0,Evening,1,0,0,0,Completed,747.0,54.60526315789474,1,1,1,1,1,1,1
2024-10-24,01:26:35,CNR8731068,Cancelled by Driver,CID4015011,Premier Sedan,Badshahpur,Mansarovar Park,10.7,,,,1.0,More than permitted people in there,,,,,,,,2024-10-24 01:26:35,2024,10,October,24,3,Thursday,1,0,Night,0,1,0,0,Driver Cancelled,0.0,,0,0,0,0,0,1,0
2024-04-11,16:50:13,CNR8732016,Incomplete,CID3291138,Go Mini,Delhi Gate,Basai Dhankot,4.5,22.6,,,,,1.0,Other Issue,561.0,1.96,,,Cash,2024-04-11 16:50:13,2024,4,April,11,3,Thursday,16,0,Afternoon,0,0,1,0,Incomplete,0.0,,1,1,0,0,1,1,1
2024-01-28,13:04:17,CNR8732016,Completed,CID9803790,Auto,Civil Lines Gurgaon,Rajiv Chowk,4.7,33.2,,,,,,,229.0,46.63,5.0,4.1,UPI,2024-01-28 13:04:17,2024,1,January,28,6,Sunday,13,1,Afternoon,1,0,0,0,Completed,229.0,4.911001501179498,1,1,1,1,1,1,1
2024-11-26,08:39:45,CNR8738052,Completed,CID8320882,Auto,Chhatarpur,Udyog Vihar Phase 4,13.9,34.5,,,,,,,325.0,20.6,4.6,4.7,Cash,2024-11-26 08:39:45,2024,11,November,26,1,Tuesday,8,0,Morning,1,0,0,0,Completed,325.0,15.776699029126213,1,1,1,1,1,1,1
2024-08-31,18:42:54,CNR8738052,Cancelled by Customer,CID7007281,eBike,Welcome,Golf Course Road,14.9,,1.0,Wrong Address,,,,,,,,,,2024-08-31 18:42:54,2024,8,August,31,5,Saturday,18,1,Evening,0,1,0,0,Customer Cancelled,0.0,,0,0,0,0,0,1,0
2024-03-07,15:19:56,CNR8742285,No Driver Found,CID7242406,Auto,Udyog Vihar Phase 4,Tughlakabad,,,,,,,,,,,,,,2024-03-07 15:19:56,2024,3,March,7,3,Thursday,15,0,Afternoon,0,0,0,1,No Driver Found,0.0,,0,0,0,0,0,0,0
2024-09-13,10:21:02,CNR8742285,Cancelled by Customer,CID9714724,Premier Sedan,Mandi House,Nirman Vihar,11.2,,1.0,Driver asked to cancel,,,,,,,,,,2024-09-13 10:21:02,2024,9,September,13,4,Friday,10,0,Morning,0,1,0,0,Customer Cancelled,0.0,,0,0,0,0,0,1,0
2024-03-28,21:12:56,CNR8768028,Completed,CID6904155,Auto,Golf Course Road,Chanakyapuri,9.0,21.6,,,,,,,136.0,7.73,3.7,4.7,Debit Card,2024-03-28 21:12:56,2024,3,March,28,3,Thursday,21,0,Late Evening,1,0,0,0,Completed,136.0,17.59379042690815,1,1,1,1,1,1,1
2024-12-06,15:25:39,CNR8768028,Cancelled by Driver,CID8055294,Bike,Huda City Centre,Inderlok,6.8,,,,1.0,More than permitted people in there,,,,,,,,2024-12-06 15:25:39,2024,12,December,6,4,Friday,15,0,Afternoon,0,1,0,0,Driver Cancelled,0.0,,0,0,0,0,0,1,0
2024-06-14,00:22:42,CNR8768465,Completed,CID5720062,Bike,Kalkaji,Greater Noida,11.3,32.0,,,,,,,401.0,13.0,3.4,4.4,UPI,2024-06-14 00:22:42,2024,6,June,14,4,Friday,0,0,Night,1,0,0,0,Completed,401.0,30.846153846153847,1,1,1,1,1,1,1
2024-09-12,17:08:44,CNR8768465,Incomplete,CID8708664,Premier Sedan,Noida Sector 62,Sushant Lok,9.5,17.4,,,,,1.0,Customer Demand,186.0,5.59,,,Cash,2024-09-12 17:08:44,2024,9,September,12,3,Thursday,17,0,Evening,0,0,1,0,Incomplete,0.0,,1,1,0,0,1,1,1
2024-01-14,20:29:56,CNR8791095,No Driver Found,CID1817337,Uber XL,Arjangarh,Ashram,,,,,,,,,,,,,,2024-01-14 20:29:56,2024,1,January,14,6,Sunday,20,1,Evening,0,0,0,1,No Driver Found,0.0,,0,0,0,0,0,0,0
2024-03-14,02:35:15,CNR8791095,Cancelled by Driver,CID5466198,Auto,Golf Course Road,Central Secretariat,11.0,,,,1.0,Customer related issue,,,,,,,,2024-03-14 02:35:15,2024,3,March,14,3,Thursday,2,0,Night,0,1,0,0,Driver Cancelled,0.0,,0,0,0,0,0,1,0
2024-06-15,13:15:06,CNR8802252,Completed,CID1743329,Go Sedan,Sikanderpur,Peeragarhi,6.4,27.0,,,,,,,614.0,45.71,3.9,4.3,UPI,2024-06-15 13:15:06,2024,6,June,15,5,Saturday,13,1,Afternoon,1,0,0,0,Completed,614.0,13.432509297746664,1,1,1,1,1,1,1
2024-02-07,16:26:02,CNR8802252,Completed,CID3238247,Bike,Malviya Nagar,Punjabi Bagh,3.9,18.2,,,,,,,989.0,16.8,4.9,4.6,UPI,2024-02-07 16:26:02,2024,2,February,7,2,Wednesday,16,0,Afternoon,1,0,0,0,Completed,989.0,58.86904761904761,1,1,1,1,1,1,1
2024-04-11,04:11:03,CNR8806022,Completed,CID9108167,Auto,Govindpuri,Rajiv Chowk,12.9,19.6,,,,,,,371.0,7.27,3.4,4.8,Cash,2024-04-11 04:11:03,2024,4,April,11,3,Thursday,4,0,Night,1,0,0,0,Completed,371.0,51.031636863823934,1,1,1,1,1,1,1
2024-12-21,20:55:45,CNR8806022,Completed,CID3302469,Bike,Saket A Block,Gurgaon Railway Station,12.5,41.8,,,,,,,293.0,11.18,4.9,3.8,UPI,2024-12-21 20:55:45,2024,12,December,21,5,Saturday,20,1,Evening,1,0,0,0,Completed,293.0,26.207513416815743,1,1,1,1,1,1,1
2024-03-29,17:31:11,CNR8808855,Completed,CID4003992,Auto,Sarai Kale Khan,Shastri Nagar,3.4,27.5,,,,,,,1214.0,11.68,4.3,4.9,UPI,2024-03-29 17:31:11,2024,3,March,29,4,Friday,17,0,Evening,1,0,0,0,Completed,1214.0,103.93835616438356,1,1,1,1,1,1,1
2024-03-26,07:58:03,CNR8808855,Completed,CID3923468,Go Mini,Connaught Place,Central Secretariat,10.7,32.5,,,,,,,171.0,24.26,4.6,4.9,UPI,2024-03-26 07:58:03,2024,3,March,26,1,Tuesday,7,0,Morning,1,0,0,0,Completed,171.0,7.0486397361912605,1,1,1,1,1,1,1
2024-03-14,16:49:16,CNR8810235,Incomplete,CID5515026,Bike,Arjangarh,Model Town,9.8,12.3,,,,,1.0,Vehicle Breakdown,807.0,8.46,,,UPI,2024-03-14 16:49:16,2024,3,March,14,3,Thursday,16,0,Afternoon,0,0,1,0,Incomplete,0.0,,1,1,0,0,1,1,1
2024-03-05,21:30:03,CNR8810235,No Driver Found,CID1241860,Go Mini,Rohini West,Peeragarhi,,,,,,,,,,,,,,2024-03-05 21:30:03,2024,3,March,5,1,Tuesday,21,0,Late Evening,0,0,0,1,No Driver Found,0.0,,0,0,0,0,0,0,0
2024-06-10,20:06:56,CNR8823065,No Driver Found,CID7435385,Go Sedan,IGI Airport,Akshardham,,,,,,,,,,,,,,2024-06-10 20:06:56,2024,6,June,10,0,Monday,20,0,Evening,0,0,0,1,No Driver Found,0.0,,0,0,0,0,0,0,0
2024-06-30,09:19:32,CNR8823065,Incomplete,CID4435174,Bike,Khandsa,Pulbangash,3.0,24.4,,,,,1.0,Other Issue,468.0,3.04,,,UPI,2024-06-30 09:19:32,2024,6,June,30,6,Sunday,9,1,Morning,0,0,1,0,Incomplete,0.0,,1,1,0,0,1,1,1
2024-03-28,09:59:57,CNR8844129,Completed,CID7769221,Bike,Hauz Khas,Chirag Delhi,8.6,44.3,,,,,,,341.0,19.51,3.8,4.6,UPI,2024-03-28 09:59:57,2024,3,March,28,3,Thursday,9,0,Morning,1,0,0,0,Completed,341.0,17.478216299333674,1,1,1,1,1,1,1
2024-04-19,20:39:02,CNR8844129,Completed,CID8988631,eBike,Cyber Hub,Rohini,9.5,44.8,,,,,,,470.0,34.24,3.9,4.3,Cash,2024-04-19 20:39:02,2024,4,April,19,4,Friday,20,0,Evening,1,0,0,0,Completed,470.0,13.72663551401869,1,1,1,1,1,1,1
2024-08-08,12:54:19,CNR8845505,Completed,CID7511372,Premier Sedan,Samaypur Badli,Old Gurgaon,14.2,22.3,,,,,,,397.0,31.84,4.6,4.2,UPI,2024-08-08 12:54:19,2024,8,August,8,3,Thursday,12,0,Afternoon,1,0,0,0,Completed,397.0,12.46859296482412,1,1,1,1,1,1,1
2024-10-26,17:04:57,CNR8845505,Cancelled by Driver,CID6480601,Auto,Janakpuri,Vishwavidyalaya,8.6,,,,1.0,The customer was coughing/sick,,,,,,,,2024-10-26 17:04:57,2024,10,October,26,5,Saturday,17,1,Evening,0,1,0,0,Driver Cancelled,0.0,,0,0,0,0,0,1,0
2024-02-20,14:27:40,CNR8849494,Cancelled by Driver,CID1361443,Go Sedan,Ashram,Vishwavidyalaya,9.3,,,,1.0,Customer related issue,,,,,,,,2024-02-20 14:27:40,2024,2,February,20,1,Tuesday,14,0,Afternoon,0,1,0,0,Driver Cancelled,0.0,,0,0,0,0,0,1,0
2024-06-05,19:40:25,CNR8849494,Completed,CID2968541,Go Sedan,Sikanderpur,Subhash Nagar,8.7,21.7,,,,,,,376.0,36.89,4.3,4.7,Uber Wallet,2024-06-05 19:40:25,2024,6,June,5,2,Wednesday,19,0,Evening,1,0,0,0,Completed,376.0,10.192464082407156,1,1,1,1,1,1,1
2024-12-29,19:33:36,CNR8855791,Completed,CID9380849,Auto,Kadarpur,Keshav Puram,7.8,28.0,,,,,,,232.0,42.65,4.1,4.9,UPI,2024-12-29 19:33:36,2024,12,December,29,6,Sunday,19,1,Evening,1,0,0,0,Completed,232.0,5.439624853458382,1,1,1,1,1,1,1
2024-10-31,22:02:43,CNR8855791,Completed,CID1871874,Auto,Sohna Road,Lajpat Nagar,9.5,19.8,,,,,,,605.0,3.2,4.4,4.0,UPI,2024-10-31 22:02:43,2024,10,October,31,3,Thursday,22,0,Late Evening,1,0,0,0,Completed,605.0,189.0625,1,1,1,1,1,1,1
2024-12-13,11:46:56,CNR8866757,No Driver Found,CID1874411,Go Mini,Basai Dhankot,Ghaziabad,,,,,,,,,,,,,,2024-12-13 11:46:56,2024,12,December,13,4,Friday,11,0,Morning,0,0,0,1,No Driver Found,0.0,,0,0,0,0,0,0,0
2024-12-23,08:51:51,CNR8866757,Incomplete,CID4312865,Bike,Meerut,Kirti Nagar,6.8,12.1,,,,,1.0,Other Issue,963.0,5.4,,,UPI,2024-12-23 08:51:51,2024,12,December,23,0,Monday,8,0,Morning,0,0,1,0,Incomplete,0.0,,1,1,0,0,1,1,1
2024-10-26,19:06:45,CNR8874316,Completed,CID2962277,Go Mini,Saidulajab,ITO,14.2,31.7,,,,,,,188.0,34.28,4.3,4.2,Debit Card,2024-10-26 19:06:45,2024,10,October,26,5,Saturday,19,1,Evening,1,0,0,0,Completed,188.0,5.484247374562427,1,1,1,1,1,1,1
2024-12-05,20:33:34,CNR8874316,Completed,CID7042750,Auto,Jahangirpuri,Jama Masjid,5.7,37.1,,,,,,,180.0,30.24,4.3,4.3,UPI,2024-12-05 20:33:34,2024,12,December,5,3,Thursday,20,0,Evening,1,0,0,0,Completed,180.0,5.9523809523809526,1,1,1,1,1,1,1
2024-05-08,16:16:27,CNR8883614,Completed,CID3145110,Go Mini,Panipat,Anand Vihar ISBT,4.2,43.8,,,,,,,82.0,33.28,3.8,4.2,Debit Card,2024-05-08 16:16:27,2024,5,May,8,2,Wednesday,16,0,Afternoon,1,0,0,0,Completed,82.0,2.4639423076923075,1,1,1,1,1,1,1
2024-08-11,20:19:47,CNR8883614,Cancelled by Driver,CID7543782,Auto,Lok Kalyan Marg,Punjabi Bagh,6.2,,,,1.0,The customer was coughing/sick,,,,,,,,2024-08-11 20:19:47,2024,8,August,11,6,Sunday,20,1,Evening,0,1,0,0,Driver Cancelled,0.0,,0,0,0,0,0,1,0
2024-11-19,20:04:44,CNR8904635,Completed,CID9512941,Auto,Govindpuri,Nehru Place,14.9,36.7,,,,,,,148.0,7.24,3.5,4.9,Cash,2024-11-19 20:04:44,2024,11,November,19,1,Tuesday,20,0,Evening,1,0,0,0,Completed,148.0,20.441988950276244,1,1,1,1,1,1,1
2024-04-01,23:44:00,CNR8904635,Cancelled by Driver,CID2004795,Auto,New Colony,IGI Airport,8.1,,,,1.0,Personal & Car related issues,,,,,,,,2024-04-01 23:44:00,2024,4,April,1,0,Monday,23,0,Late Evening,0,1,0,0,Driver Cancelled,0.0,,0,0,0,0,0,1,0
2024-02-28,05:22:56,CNR8908060,Completed,CID4262618,Go Mini,DLF City Court,Ardee City,9.0,30.6,,,,,,,303.0,24.02,4.6,3.7,UPI,2024-02-28 05:22:56,2024,2,February,28,2,Wednesday,5,0,Night,1,0,0,0,Completed,303.0,12.614487926727728,1,1,1,1,1,1,1
2024-07-27,11:19:39,CNR8908060,Completed,CID6472040,Bike,Ghitorni Village,Peeragarhi,2.1,43.7,,,,,,,516.0,41.89,4.8,3.7,UPI,2024-07-27 11:19:39,2024,7,July,27,5,Saturday,11,1,Morning,1,0,0,0,Completed,516.0,12.31797565051325,1,1,1,1,1,1,1
2024-02-07,18:21:36,CNR8911870,Completed,CID4250474,Premier Sedan,Pulbangash,Karol Bagh,7.5,20.8,,,,,,,321.0,46.44,4.4,3.2,Cash,2024-02-07 18:21:36,2024,2,February,7,2,Wednesday,18,0,Evening,1,0,0,0,Completed,321.0,6.912144702842378,1,1,1,1,1,1,1
2024-03-23,17:49:47,CNR8911870,Completed,CID9449709,eBike,Noida Extension,Punjabi Bagh,4.9,19.9,,,,,,,341.0,21.92,4.5,3.6,Debit Card,2024-03-23 17:49:47,2024,3,March,23,5,Saturday,17,1,Evening,1,0,0,0,Completed,341.0,15.556569343065693,1,1,1,1,1,1,1
2024-09-17,22:36:19,CNR8921185,Completed,CID7801865,Bike,Uttam Nagar,Saket,14.8,19.4,,,,,,,327.0,39.97,4.4,4.7,Cash,2024-09-17 22:36:19,2024,9,September,17,1,Tuesday,22,0,Late Evening,1,0,0,0,Completed,327.0,8.181135851888916,1,1,1,1,1,1,1
2024-12-16,11:41:42,CNR8921185,No Driver Found,CID9130291,Auto,Cyber Hub,Lal Quila,,,,,,,,,,,,,,2024-12-16 11:41:42,2024,12,December,16,0,Monday,11,0,Morning,0,0,0,1,No Driver Found,0.0,,0,0,0,0,0,0,0
2024-04-14,17:48:37,CNR8946780,Incomplete,CID9157181,Auto,Subhash Chowk,Welcome,5.6,23.1,,,,,1.0,Customer Demand,1105.0,16.18,,,UPI,2024-04-14 17:48:37,2024,4,April,14,6,Sunday,17,1,Evening,0,0,1,0,Incomplete,0.0,,1,1,0,0,1,1,1
2024-03-20,07:00:38,CNR8946780,Completed,CID2302979,Auto,Azadpur,Noida Sector 18,7.5,37.4,,,,,,,254.0,18.84,3.3,3.0,Uber Wallet,2024-03-20 07:00:38,2024,3,March,20,2,Wednesday,7,0,Morning,1,0,0,0,Completed,254.0,13.481953290870488,1,1,1,1,1,1,1
2024-04-10,16:58:14,CNR8950447,Completed,CID8130265,Go Mini,Shivaji Park,Vidhan Sabha,7.2,22.2,,,,,,,768.0,5.38,3.8,4.3,UPI,2024-04-10 16:58:14,2024,4,April,10,2,Wednesday,16,0,Afternoon,1,0,0,0,Completed,768.0,142.75092936802974,1,1,1,1,1,1,1
2024-07-20,14:43:30,CNR8950447,Cancelled by Driver,CID5609776,Premier Sedan,Khan Market,Mansarovar Park,9.9,,,,1.0,Customer related issue,,,,,,,,2024-07-20 14:43:30,2024,7,July,20,5,Saturday,14,1,Afternoon,0,1,0,0,Driver Cancelled,0.0,,0,0,0,0,0,1,0
2024-12-20,01:23:05,CNR8951094,Cancelled by Customer,CID8855838,eBike,Nirman Vihar,Bhikaji Cama Place,13.7,,1.0,Change of plans,,,,,,,,,,2024-12-20 01:23:05,2024,12,December,20,4,Friday,1,0,Night,0,1,0,0,Customer Cancelled,0.0,,0,0,0,0,0,1,0
2024-02-21,13:43:21,CNR8951094,Completed,CID8925995,Auto,ITO,Vaishali,9.1,20.1,,,,,,,390.0,16.97,5.0,4.2,UPI,2024-02-21 13:43:21,2024,2,February,21,2,Wednesday,13,0,Afternoon,1,0,0,0,Completed,390.0,22.981732469063054,1,1,1,1,1,1,1
2024-02-17,13:24:44,CNR8952081,Completed,CID4419553,Bike,Rajiv Chowk,Govindpuri,4.7,21.7,,,,,,,979.0,42.09,4.3,3.9,Credit Card,2024-02-17 13:24:44,2024,2,February,17,5,Saturday,13,1,Afternoon,1,0,0,0,Completed,979.0,23.25968163459254,1,1,1,1,1,1,1
2024-12-25,21:00:25,CNR8952081,Completed,CID3572917,eBike,Tagore Garden,Faridabad Sector 15,4.8,39.8,,,,,,,667.0,19.35,4.4,4.6,UPI,2024-12-25 21:00:25,2024,12,December,25,2,Wednesday,21,0,Late Evening,1,0,0,0,Completed,667.0,34.4702842377261,1,1,1,1,1,1,1
2024-12-10,05:19:01,CNR8956184,Completed,CID2839134,Uber XL,Jhilmil,Vishwavidyalaya,4.8,15.2,,,,,,,777.0,9.34,4.2,4.3,UPI,2024-12-10 05:19:01,2024,12,December,10,1,Tuesday,5,0,Night,1,0,0,0,Completed,777.0,83.19057815845825,1,1,1,1,1,1,1
2024-05-29,11:23:05,CNR8956184,Cancelled by Driver,CID5930711,Premier Sedan,Kadarpur,Saidulajab,4.0,,,,1.0,Personal & Car related issues,,,,,,,,2024-05-29 11:23:05,2024,5,May,29,2,Wednesday,11,0,Morning,0,1,0,0,Driver Cancelled,0.0,,0,0,0,0,0,1,0
2024-11-17,01:34:14,CNR8960586,Completed,CID5694851,Premier Sedan,Raj Nagar Extension,Basai Dhankot,12.4,18.3,,,,,,,417.0,7.44,3.8,4.2,UPI,2024-11-17 01:34:14,2024,11,November,17,6,Sunday,1,1,Night,1,0,0,0,Completed,417.0,56.04838709677419,1,1,1,1,1,1,1
2024-05-14,14:54:52,CNR8960586,Incomplete,CID5896423,Go Mini,Khandsa,Pulbangash,7.8,14.5,,,,,1.0,Other Issue,387.0,18.18,,,Cash,2024-05-14 14:54:52,2024,5,May,14,1,Tuesday,14,0,Afternoon,0,0,1,0,Incomplete,0.0,,1,1,0,0,1,1,1
2024-06-10,17:50:29,CNR8961395,Incomplete,CID2427752,Go Mini,Subhash Chowk,Kanhaiya Nagar,8.1,25.3,,,,,1.0,Customer Demand,631.0,2.49,,,UPI,2024-06-10 17:50:29,2024,6,June,10,0,Monday,17,0,Evening,0,0,1,0,Incomplete,0.0,,1,1,0,0,1,1,1
2024-03-23,15:07:18,CNR8961395,Completed,CID3266063,Go Sedan,Ashok Vihar,Golf Course Road,8.2,30.0,,,,,,,364.0,27.04,3.5,4.6,Credit Card,2024-03-23 15:07:18,2024,3,March,23,5,Saturday,15,1,Afternoon,1,0,0,0,Completed,364.0,13.461538461538462,1,1,1,1,1,1,1
2024-05-10,13:08:14,CNR8967291,Completed,CID4514428,Premier Sedan,Rithala,DLF City Court,12.2,37.6,,,,,,,326.0,34.87,4.3,4.8,UPI,2024-05-10 13:08:14,2024,5,May,10,4,Friday,13,0,Afternoon,1,0,0,0,Completed,326.0,9.349010610840265,1,1,1,1,1,1,1
2024-06-24,15:24:18,CNR8967291,Cancelled by Driver,CID9477799,Bike,Hero Honda Chowk,Central Secretariat,4.4,,,,1.0,More than permitted people in there,,,,,,,,2024-06-24 15:24:18,2024,6,June,24,0,Monday,15,0,Afternoon,0,1,0,0,Driver Cancelled,0.0,,0,0,0,0,0,1,0
2024-08-06,13:48:24,CNR8972956,Completed,CID8422928,eBike,Karkarduma,INA Market,14.4,42.8,,,,,,,183.0,4.94,4.1,5.0,Cash,2024-08-06 13:48:24,2024,8,August,6,1,Tuesday,13,0,Afternoon,1,0,0,0,Completed,183.0,37.044534412955464,1,1,1,1,1,1,1
2024-02-02,16:04:33,CNR8972956,Incomplete,CID4102857,Auto,Delhi Gate,Kashmere Gate ISBT,7.9,27.3,,,,,1.0,Customer Demand,147.0,2.45,,,Uber Wallet,2024-02-02 16:04:33,2024,2,February,2,4,Friday,16,0,Afternoon,0,0,1,0,Incomplete,0.0,,1,1,0,0,1,1,1
2024-01-17,20:49:44,CNR8974492,Completed,CID5620213,Bike,Karkarduma,Pragati Maidan,12.9,29.3,,,,,,,909.0,11.11,4.3,4.7,UPI,2024-01-17 20:49:44,2024,1,January,17,2,Wednesday,20,0,Evening,1,0,0,0,Completed,909.0,81.81818181818183,1,1,1,1,1,1,1
2024-10-28,12:17:04,CNR8974492,No Driver Found,CID3698820,eBike,Meerut,IMT Manesar,,,,,,,,,,,,,,2024-10-28 12:17:04,2024,10,October,28,0,Monday,12,0,Afternoon,0,0,0,1,No Driver Found,0.0,,0,0,0,0,0,0,0
2024-05-15,19:36:31,CNR8977199,Completed,CID9174054,Premier Sedan,Maidan Garhi,DLF Phase 3,9.4,41.5,,,,,,,633.0,36.07,4.3,4.9,Cash,2024-05-15 19:36:31,2024,5,May,15,2,Wednesday,19,0,Evening,1,0,0,0,Completed,633.0,17.54920986969781,1,1,1,1,1,1,1
2024-02-26,12:45:32,CNR8977199,Completed,CID8836364,Go Mini,Karol Bagh,India Gate,14.3,20.5,,,,,,,55.0,36.86,4.6,3.2,UPI,2024-02-26 12:45:32,2024,2,February,26,0,Monday,12,0,Afternoon,1,0,0,0,Completed,55.0,1.4921323928377646,1,1,1,1,1,1,1
2024-10-21,22:06:06,CNR8998705,Incomplete,CID8595913,Go Mini,Karkarduma,Paharganj,4.8,13.4,,,,,1.0,Customer Demand,460.0,13.53,,,Cash,2024-10-21 22:06:06,2024,10,October,21,0,Monday,22,0,Late Evening,0,0,1,0,Incomplete,0.0,,1,1,0,0,1,1,1
2024-06-15,19:59:38,CNR8998705,Cancelled by Customer,CID1933776,Bike,RK Puram,New Colony,16.0,,1.0,Change of plans,,,,,,,,,,2024-06-15 19:59:38,2024,6,June,15,5,Saturday,19,1,Evening,0,1,0,0,Customer Cancelled,0.0,,0,0,0,0,0,1,0
2024-03-03,18:03:19,CNR9002372,Cancelled by Driver,CID8595988,Go Sedan,Arjangarh,Central Secretariat,7.9,,,,1.0,The customer was coughing/sick,,,,,,,,2024-03-03 18:03:19,2024,3,March,3,6,Sunday,18,1,Evening,0,1,0,0,Driver Cancelled,0.0,,0,0,0,0,0,1,0
2024-03-28,17:29:16,CNR9002372,Completed,CID1948307,Premier Sedan,Central Secretariat,Gwal Pahari,13.9,37.7,,,,,,,196.0,25.45,4.3,5.0,UPI,2024-03-28 17:29:16,2024,3,March,28,3,Thursday,17,0,Evening,1,0,0,0,Completed,196.0,7.701375245579568,1,1,1,1,1,1,1
2024-03-23,21:55:40,CNR9002847,Completed,CID2849068,Bike,Janakpuri,Sonipat,4.5,43.6,,,,,,,120.0,8.31,4.6,4.1,Credit Card,2024-03-23 21:55:40,2024,3,March,23,5,Saturday,21,1,Late Evening,1,0,0,0,Completed,120.0,14.440433212996389,1,1,1,1,1,1,1
2024-05-31,22:39:09,CNR9002847,Completed,CID6146721,Premier Sedan,Saidulajab,Rohini,3.6,27.1,,,,,,,623.0,4.17,4.2,4.9,Credit Card,2024-05-31 22:39:09,2024,5,May,31,4,Friday,22,0,Late Evening,1,0,0,0,Completed,623.0,149.40047961630697,1,1,1,1,1,1,1
2024-08-22,14:01:51,CNR9010694,Completed,CID9770714,Bike,Laxmi Nagar,Noida Sector 18,6.1,43.1,,,,,,,710.0,4.4,4.6,3.1,Cash,2024-08-22 14:01:51,2024,8,August,22,3,Thursday,14,0,Afternoon,1,0,0,0,Completed,710.0,161.36363636363635,1,1,1,1,1,1,1
2024-01-16,20:40:03,CNR9010694,Completed,CID9054718,Go Mini,Indirapuram,Vishwavidyalaya,9.6,25.8,,,,,,,486.0,40.55,3.6,3.9,Debit Card,2024-01-16 20:40:03,2024,1,January,16,1,Tuesday,20,0,Evening,1,0,0,0,Completed,486.0,11.985203452527744,1,1,1,1,1,1,1
2024-02-17,15:26:19,CNR9026484,Cancelled by Driver,CID2050215,Premier Sedan,Noida Film City,Paharganj,8.9,,,,1.0,Personal & Car related issues,,,,,,,,2024-02-17 15:26:19,2024,2,February,17,5,Saturday,15,1,Afternoon,0,1,0,0,Driver Cancelled,0.0,,0,0,0,0,0,1,0
2024-10-21,19:00:55,CNR9026484,Completed,CID6850565,Go Mini,Vishwavidyalaya,Malviya Nagar,8.4,23.3,,,,,,,833.0,44.7,4.3,4.2,Debit Card,2024-10-21 19:00:55,2024,10,October,21,0,Monday,19,0,Evening,1,0,0,0,Completed,833.0,18.635346756152124,1,1,1,1,1,1,1
2024-01-23,20:16:27,CNR9027093,Incomplete,CID5151186,Auto,Tilak Nagar,Lok Kalyan Marg,2.7,26.7,,,,,1.0,Customer Demand,198.0,7.37,,,Uber Wallet,2024-01-23 20:16:27,2024,1,January,23,1,Tuesday,20,0,Evening,0,0,1,0,Incomplete,0.0,,1,1,0,0,1,1,1
2024-11-26,18:09:44,CNR9027093,Incomplete,CID6331799,Go Mini,Kaushambi,IFFCO Chowk,6.5,20.1,,,,,1.0,Customer Demand,51.0,13.55,,,UPI,2024-11-26 18:09:44,2024,11,November,26,1,Tuesday,18,0,Evening,0,0,1,0,Incomplete,0.0,,1,1,0,0,1,1,1
2024-05-01,09:36:00,CNR9035426,Completed,CID9288073,Go Mini,Mayur Vihar,Rohini,9.9,37.2,,,,,,,314.0,33.11,4.1,4.9,Cash,2024-05-01 09:36:00,2024,5,May,1,2,Wednesday,9,0,Morning,1,0,0,0,Completed,314.0,9.483539716097855,1,1,1,1,1,1,1
2024-10-07,07:52:42,CNR9035426,Completed,CID1720713,Go Mini,Paharganj,Patel Chowk,5.5,18.6,,,,,,,65.0,46.45,4.6,4.2,UPI,2024-10-07 07:52:42,2024,10,October,7,0,Monday,7,0,Morning,1,0,0,0,Completed,65.0,1.3993541442411195,1,1,1,1,1,1,1
2024-10-04,21:53:26,CNR9036398,Completed,CID6924325,Go Mini,Vatika Chowk,Shastri Nagar,3.9,29.3,,,,,,,997.0,30.21,3.3,4.5,Credit Card,2024-10-04 21:53:26,2024,10,October,4,4,Friday,21,0,Late Evening,1,0,0,0,Completed,997.0,33.00231711353856,1,1,1,1,1,1,1
2024-04-24,10:30:40,CNR9036398,No Driver Found,CID3771243,Auto,Ardee City,India Gate,,,,,,,,,,,,,,2024-04-24 10:30:40,2024,4,April,24,2,Wednesday,10,0,Morning,0,0,0,1,No Driver Found,0.0,,0,0,0,0,0,0,0
2024-12-19,11:19:44,CNR9040600,Cancelled by Driver,CID7459138,eBike,Cyber Hub,Noida Sector 18,5.4,,,,1.0,Personal & Car related issues,,,,,,,,2024-12-19 11:19:44,2024,12,December,19,3,Thursday,11,0,Morning,0,1,0,0,Driver Cancelled,0.0,,0,0,0,0,0,1,0
2024-08-10,15:16:00,CNR9040600,Cancelled by Driver,CID1235973,Bike,Vatika Chowk,Golf Course Road,3.2,,,,1.0,More than permitted people in there,,,,,,,,2024-08-10 15:16:00,2024,8,August,10,5,Saturday,15,1,Afternoon,0,1,0,0,Driver Cancelled,0.0,,0,0,0,0,0,1,0
2024-06-24,19:32:20,CNR9071665,Cancelled by Driver,CID7929177,Go Sedan,GTB Nagar,Ashok Park Main,11.7,,,,1.0,Customer related issue,,,,,,,,2024-06-24 19:32:20,2024,6,June,24,0,Monday,19,0,Evening,0,1,0,0,Driver Cancelled,0.0,,0,0,0,0,0,1,0
2024-08-05,18:31:39,CNR9071665,No Driver Found,CID9697364,Go Mini,Bahadurgarh,Kanhaiya Nagar,,,,,,,,,,,,,,2024-08-05 18:31:39,2024,8,August,5,0,Monday,18,0,Evening,0,0,0,1,No Driver Found,0.0,,0,0,0,0,0,0,0
2024-07-24,01:07:10,CNR9073729,Cancelled by Driver,CID7886623,Auto,Jor Bagh,Manesar,6.3,,,,1.0,Personal & Car related issues,,,,,,,,2024-07-24 01:07:10,2024,7,July,24,2,Wednesday,1,0,Night,0,1,0,0,Driver Cancelled,0.0,,0,0,0,0,0,1,0
2024-11-10,10:21:39,CNR9073729,Completed,CID8710245,Go Mini,Shivaji Park,Ashok Park Main,9.4,40.9,,,,,,,127.0,23.95,4.2,4.5,Debit Card,2024-11-10 10:21:39,2024,11,November,10,6,Sunday,10,1,Morning,1,0,0,0,Completed,127.0,5.302713987473904,1,1,1,1,1,1,1
2024-07-07,18:51:44,CNR9095547,No Driver Found,CID2156853,eBike,Ardee City,Chanakyapuri,,,,,,,,,,,,,,2024-07-07 18:51:44,2024,7,July,7,6,Sunday,18,1,Evening,0,0,0,1,No Driver Found,0.0,,0,0,0,0,0,0,0
2024-03-23,03:53:07,CNR9095547,Cancelled by Driver,CID6650917,Go Sedan,Saidulajab,Inderlok,4.0,,,,1.0,Customer related issue,,,,,,,,2024-03-23 03:53:07,2024,3,March,23,5,Saturday,3,1,Night,0,1,0,0,Driver Cancelled,0.0,,0,0,0,0,0,1,0
2024-10-04,08:20:57,CNR9100358,Cancelled by Driver,CID9509826,Go Mini,Rohini,Mundka,6.2,,,,1.0,Personal & Car related issues,,,,,,,,2024-10-04 08:20:57,2024,10,October,4,4,Friday,8,0,Morning,0,1,0,0,Driver Cancelled,0.0,,0,0,0,0,0,1,0
2024-10-31,20:47:15,CNR9100358,Cancelled by Driver,CID9906103,Go Mini,Karkarduma,IGI Airport,9.0,,,,1.0,More than permitted people in there,,,,,,,,2024-10-31 20:47:15,2024,10,October,31,3,Thursday,20,0,Evening,0,1,0,0,Driver Cancelled,0.0,,0,0,0,0,0,1,0
2024-06-06,12:22:34,CNR9107892,Completed,CID6233575,Auto,Lok Kalyan Marg,Saket A Block,14.1,27.7,,,,,,,407.0,30.87,4.1,4.6,UPI,2024-06-06 12:22:34,2024,6,June,6,3,Thursday,12,0,Afternoon,1,0,0,0,Completed,407.0,13.184321347586653,1,1,1,1,1,1,1
2024-02-07,15:01:38,CNR9107892,Cancelled by Driver,CID5488483,Go Sedan,Anand Vihar,Udyog Vihar,8.8,,,,1.0,Personal & Car related issues,,,,,,,,2024-02-07 15:01:38,2024,2,February,7,2,Wednesday,15,0,Afternoon,0,1,0,0,Driver Cancelled,0.0,,0,0,0,0,0,1,0
2024-11-22,17:10:30,CNR9117202,Cancelled by Driver,CID2008300,Auto,New Delhi Railway Station,Saket A Block,3.1,,,,1.0,Personal & Car related issues,,,,,,,,2024-11-22 17:10:30,2024,11,November,22,4,Friday,17,0,Evening,0,1,0,0,Driver Cancelled,0.0,,0,0,0,0,0,1,0
2024-05-14,11:53:16,CNR9117202,Cancelled by Customer,CID6299225,Auto,Rajouri Garden,Sushant Lok,16.0,,1.0,Change of plans,,,,,,,,,,2024-05-14 11:53:16,2024,5,May,14,1,Tuesday,11,0,Morning,0,1,0,0,Customer Cancelled,0.0,,0,0,0,0,0,1,0
2024-05-01,07:24:38,CNR9124800,Cancelled by Driver,CID8352551,Go Sedan,Karol Bagh,Janakpuri,10.2,,,,1.0,Personal & Car related issues,,,,,,,,2024-05-01 07:24:38,2024,5,May,1,2,Wednesday,7,0,Morning,0,1,0,0,Driver Cancelled,0.0,,0,0,0,0,0,1,0
2024-06-15,02:02:28,CNR9124800,Completed,CID9248651,Premier Sedan,AIIMS,Aya Nagar,3.4,31.0,,,,,,,317.0,18.47,4.7,5.0,Cash,2024-06-15 02:02:28,2024,6,June,15,5,Saturday,2,1,Night,1,0,0,0,Completed,317.0,17.162966973470493,1,1,1,1,1,1,1
2024-06-22,18:59:37,CNR9125715,Cancelled by Driver,CID8089781,Bike,Samaypur Badli,Indirapuram,7.3,,,,1.0,Customer related issue,,,,,,,,2024-06-22 18:59:37,2024,6,June,22,5,Saturday,18,1,Evening,0,1,0,0,Driver Cancelled,0.0,,0,0,0,0,0,1,0
2024-11-20,15:58:39,CNR9125715,Completed,CID4822468,Go Mini,New Delhi Railway Station,Connaught Place,6.1,39.3,,,,,,,949.0,23.53,4.7,3.0,Cash,2024-11-20 15:58:39,2024,11,November,20,2,Wednesday,15,0,Afternoon,1,0,0,0,Completed,949.0,40.331491712707184,1,1,1,1,1,1,1
2024-10-06,22:40:21,CNR9132089,Cancelled by Driver,CID3766597,Bike,Anand Vihar ISBT,Ghitorni,9.6,,,,1.0,The customer was coughing/sick,,,,,,,,2024-10-06 22:40:21,2024,10,October,6,6,Sunday,22,1,Late Evening,0,1,0,0,Driver Cancelled,0.0,,0,0,0,0,0,1,0
2024-11-01,11:35:56,CNR9132089,Completed,CID8918577,eBike,Greater Kailash,Kaushambi,6.9,42.7,,,,,,,262.0,23.22,3.8,3.4,Cash,2024-11-01 11:35:56,2024,11,November,1,4,Friday,11,0,Morning,1,0,0,0,Completed,262.0,11.28337639965547,1,1,1,1,1,1,1
2024-01-09,18:46:38,CNR9149009,Completed,CID1638033,Bike,Paharganj,Aya Nagar,8.4,18.4,,,,,,,325.0,10.33,4.2,4.1,Uber Wallet,2024-01-09 18:46:38,2024,1,January,9,1,Tuesday,18,0,Evening,1,0,0,0,Completed,325.0,31.461761858664087,1,1,1,1,1,1,1
2024-06-15,05:18:01,CNR9149009,No Driver Found,CID8271809,Go Mini,AIIMS,Maidan Garhi,,,,,,,,,,,,,,2024-06-15 05:18:01,2024,6,June,15,5,Saturday,5,1,Night,0,0,0,1,No Driver Found,0.0,,0,0,0,0,0,0,0
2024-08-19,22:45:33,CNR9158544,Completed,CID2792729,Premier Sedan,Meerut,Peeragarhi,8.0,18.3,,,,,,,419.0,10.45,4.2,4.3,Debit Card,2024-08-19 22:45:33,2024,8,August,19,0,Monday,22,0,Late Evening,1,0,0,0,Completed,419.0,40.09569377990431,1,1,1,1,1,1,1
2024-02-25,16:14:06,CNR9158544,Completed,CID2571586,eBike,Yamuna Bank,Pitampura,6.1,26.6,,,,,,,423.0,40.63,4.1,3.7,Credit Card,2024-02-25 16:14:06,2024,2,February,25,6,Sunday,16,1,Afternoon,1,0,0,0,Completed,423.0,10.41102633522028,1,1,1,1,1,1,1
2024-03-11,16:53:15,CNR9189247,Cancelled by Driver,CID5123342,Auto,Shastri Nagar,Chirag Delhi,9.2,,,,1.0,The customer was coughing/sick,,,,,,,,2024-03-11 16:53:15,2024,3,March,11,0,Monday,16,0,Afternoon,0,1,0,0,Driver Cancelled,0.0,,0,0,0,0,0,1,0
2024-08-22,17:17:35,CNR9189247,Cancelled by Driver,CID2742982,Go Mini,Dwarka Sector 21,Shivaji Park,6.9,,,,1.0,Personal & Car related issues,,,,,,,,2024-08-22 17:17:35,2024,8,August,22,3,Thursday,17,0,Evening,0,1,0,0,Driver Cancelled,0.0,,0,0,0,0,0,1,0
2024-03-22,17:14:18,CNR9197578,Cancelled by Driver,CID3296350,Bike,Sohna Road,Punjabi Bagh,5.7,,,,1.0,The customer was coughing/sick,,,,,,,,2024-03-22 17:14:18,2024,3,March,22,4,Friday,17,0,Evening,0,1,0,0,Driver Cancelled,0.0,,0,0,0,0,0,1,0
2024-08-26,15:40:20,CNR9197578,Cancelled by Customer,CID2409190,eBike,Civil Lines Gurgaon,Ghitorni,12.1,,1.0,Driver asked to cancel,,,,,,,,,,2024-08-26 15:40:20,2024,8,August,26,0,Monday,15,0,Afternoon,0,1,0,0,Customer Cancelled,0.0,,0,0,0,0,0,1,0
2024-09-08,20:51:41,CNR9197579,Cancelled by Driver,CID9860452,Go Sedan,Uttam Nagar,Ghaziabad,6.3,,,,1.0,Customer related issue,,,,,,,,2024-09-08 20:51:41,2024,9,September,8,6,Sunday,20,1,Evening,0,1,0,0,Driver Cancelled,0.0,,0,0,0,0,0,1,0
2024-06-16,16:46:02,CNR9197579,Completed,CID4840434,Go Sedan,Jahangirpuri,Sarai Kale Khan,8.2,38.0,,,,,,,1042.0,11.04,4.3,4.9,UPI,2024-06-16 16:46:02,2024,6,June,16,6,Sunday,16,1,Afternoon,1,0,0,0,Completed,1042.0,94.3840579710145,1,1,1,1,1,1,1
2024-08-16,11:56:58,CNR9201950,Completed,CID6262791,Auto,Vatika Chowk,Vidhan Sabha,6.5,38.9,,,,,,,59.0,3.52,4.2,4.7,Debit Card,2024-08-16 11:56:58,2024,8,August,16,4,Friday,11,0,Morning,1,0,0,0,Completed,59.0,16.761363636363637,1,1,1,1,1,1,1
2024-04-26,07:29:19,CNR9201950,Completed,CID2683406,Premier Sedan,Kaushambi,Gwal Pahari,4.6,37.6,,,,,,,756.0,4.46,3.9,3.8,UPI,2024-04-26 07:29:19,2024,4,April,26,4,Friday,7,0,Morning,1,0,0,0,Completed,756.0,169.5067264573991,1,1,1,1,1,1,1
2024-05-13,10:36:46,CNR9207434,Completed,CID9765442,Auto,Jama Masjid,Ardee City,13.5,18.7,,,,,,,328.0,46.25,4.9,4.6,Debit Card,2024-05-13 10:36:46,2024,5,May,13,0,Monday,10,0,Morning,1,0,0,0,Completed,328.0,7.091891891891892,1,1,1,1,1,1,1
2024-08-27,07:46:11,CNR9207434,Completed,CID8315154,eBike,Indraprastha,New Colony,11.0,34.8,,,,,,,613.0,24.27,4.9,5.0,Cash,2024-08-27 07:46:11,2024,8,August,27,1,Tuesday,7,0,Morning,1,0,0,0,Completed,613.0,25.257519571487432,1,1,1,1,1,1,1
2024-03-18,20:44:08,CNR9208385,Completed,CID1008198,Auto,Noida Sector 62,Karkarduma,12.8,25.6,,,,,,,572.0,25.24,4.3,4.3,UPI,2024-03-18 20:44:08,2024,3,March,18,0,Monday,20,0,Evening,1,0,0,0,Completed,572.0,22.662440570522982,1,1,1,1,1,1,1
2024-03-03,01:57:25,CNR9208385,Completed,CID9698132,Go Sedan,Welcome,Hauz Rani,4.0,16.9,,,,,,,1205.0,14.73,3.9,4.5,Debit Card,2024-03-03 01:57:25,2024,3,March,3,6,Sunday,1,1,Night,1,0,0,0,Completed,1205.0,81.80583842498302,1,1,1,1,1,1,1
2024-04-15,08:08:49,CNR9213095,Completed,CID8176507,Go Mini,IGNOU Road,Qutub Minar,4.7,21.0,,,,,,,598.0,29.51,4.5,4.2,Cash,2024-04-15 08:08:49,2024,4,April,15,0,Monday,8,0,Morning,1,0,0,0,Completed,598.0,20.26431718061674,1,1,1,1,1,1,1
2024-11-21,02:05:36,CNR9213095,Completed,CID5191967,Bike,Madipur,India Gate,4.3,33.3,,,,,,,626.0,42.68,4.7,4.3,Cash,2024-11-21 02:05:36,2024,11,November,21,3,Thursday,2,0,Night,1,0,0,0,Completed,626.0,14.667291471415183,1,1,1,1,1,1,1
2024-07-23,12:14:07,CNR9225169,Cancelled by Driver,CID9156451,Auto,Peeragarhi,Badarpur,7.2,,,,1.0,Personal & Car related issues,,,,,,,,2024-07-23 12:14:07,2024,7,July,23,1,Tuesday,12,0,Afternoon,0,1,0,0,Driver Cancelled,0.0,,0,0,0,0,0,1,0
2024-03-06,07:43:16,CNR9225169,Completed,CID6676288,Auto,INA Market,Karkarduma,12.9,41.8,,,,,,,137.0,7.06,4.4,4.4,Uber Wallet,2024-03-06 07:43:16,2024,3,March,6,2,Wednesday,7,0,Morning,1,0,0,0,Completed,137.0,19.405099150141645,1,1,1,1,1,1,1
2024-07-01,18:23:30,CNR9246603,Completed,CID2291763,eBike,Sikanderpur,Panipat,10.5,25.1,,,,,,,857.0,21.06,4.1,4.8,UPI,2024-07-01 18:23:30,2024,7,July,1,0,Monday,18,0,Evening,1,0,0,0,Completed,857.0,40.693257359924026,1,1,1,1,1,1,1
2024-09-20,16:12:01,CNR9246603,Completed,CID3181005,Go Mini,Dwarka Mor,Chirag Delhi,10.5,35.6,,,,,,,293.0,49.75,4.6,4.9,Cash,2024-09-20 16:12:01,2024,9,September,20,4,Friday,16,0,Afternoon,1,0,0,0,Completed,293.0,5.889447236180905,1,1,1,1,1,1,1
2024-12-02,08:43:26,CNR9256575,Completed,CID2828040,Go Mini,Golf Course Road,Lal Quila,8.4,29.3,,,,,,,327.0,6.41,3.5,4.9,UPI,2024-12-02 08:43:26,2024,12,December,2,0,Monday,8,0,Morning,1,0,0,0,Completed,327.0,51.014040561622465,1,1,1,1,1,1,1
2024-08-17,14:09:18,CNR9256575,Completed,CID6852091,Go Mini,Ghitorni,South Extension,7.9,22.5,,,,,,,107.0,28.02,4.6,4.8,Credit Card,2024-08-17 14:09:18,2024,8,August,17,5,Saturday,14,1,Afternoon,1,0,0,0,Completed,107.0,3.818700927908637,1,1,1,1,1,1,1
2024-09-28,23:53:42,CNR9261533,Completed,CID9759013,Auto,Bahadurgarh,Satguru Ram Singh Marg,7.4,25.6,,,,,,,330.0,23.97,3.6,4.2,Credit Card,2024-09-28 23:53:42,2024,9,September,28,5,Saturday,23,1,Late Evening,1,0,0,0,Completed,330.0,13.76720901126408,1,1,1,1,1,1,1
2024-02-01,10:45:40,CNR9261533,Completed,CID9974117,Go Mini,Gurgaon Sector 29,IMT Manesar,14.8,16.2,,,,,,,448.0,40.78,4.4,4.8,Credit Card,2024-02-01 10:45:40,2024,2,February,1,3,Thursday,10,0,Morning,1,0,0,0,Completed,448.0,10.985777341834233,1,1,1,1,1,1,1
2024-12-23,17:48:50,CNR9266224,Completed,CID2049796,Premier Sedan,IGI Airport,Hero Honda Chowk,6.9,28.7,,,,,,,647.0,16.52,4.1,4.1,UPI,2024-12-23 17:48:50,2024,12,December,23,0,Monday,17,0,Evening,1,0,0,0,Completed,647.0,39.16464891041162,1,1,1,1,1,1,1
2024-04-01,19:44:32,CNR9266224,Cancelled by Driver,CID2905392,Auto,Manesar,Vinobapuri,6.6,,,,1.0,Customer related issue,,,,,,,,2024-04-01 19:44:32,2024,4,April,1,0,Monday,19,0,Evening,0,1,0,0,Driver Cancelled,0.0,,0,0,0,0,0,1,0
2024-12-30,22:40:57,CNR9270197,Completed,CID8679266,eBike,Rajouri Garden,Jama Masjid,9.6,29.6,,,,,,,856.0,37.43,4.5,4.4,Cash,2024-12-30 22:40:57,2024,12,December,30,0,Monday,22,0,Late Evening,1,0,0,0,Completed,856.0,22.869356131445365,1,1,1,1,1,1,1
2024-08-22,07:43:37,CNR9270197,Completed,CID4882738,Go Sedan,Kanhaiya Nagar,Green Park,7.8,33.7,,,,,,,289.0,13.78,4.9,4.6,Cash,2024-08-22 07:43:37,2024,8,August,22,3,Thursday,7,0,Morning,1,0,0,0,Completed,289.0,20.972423802612482,1,1,1,1,1,1,1
2024-08-14,16:47:17,CNR9271490,Completed,CID6278062,Auto,Kaushambi,Sadar Bazar Gurgaon,10.3,25.9,,,,,,,157.0,43.16,4.5,4.8,UPI,2024-08-14 16:47:17,2024,8,August,14,2,Wednesday,16,0,Afternoon,1,0,0,0,Completed,157.0,3.637627432808156,1,1,1,1,1,1,1
2024-01-26,09:40:22,CNR9271490,Completed,CID8297582,Go Sedan,Subhash Chowk,Hauz Rani,9.7,43.2,,,,,,,477.0,2.84,4.7,4.7,Uber Wallet,2024-01-26 09:40:22,2024,1,January,26,4,Friday,9,0,Morning,1,0,0,0,Completed,477.0,167.95774647887325,1,1,1,1,1,1,1
2024-10-07,22:54:34,CNR9274015,Cancelled by Driver,CID7065659,Premier Sedan,Indraprastha,Netaji Subhash Place,8.6,,,,1.0,Customer related issue,,,,,,,,2024-10-07 22:54:34,2024,10,October,7,0,Monday,22,0,Late Evening,0,1,0,0,Driver Cancelled,0.0,,0,0,0,0,0,1,0
2024-07-13,16:03:02,CNR9274015,Completed,CID1646458,Premier Sedan,Azadpur,Panipat,5.6,39.0,,,,,,,301.0,28.31,3.4,3.1,UPI,2024-07-13 16:03:02,2024,7,July,13,5,Saturday,16,1,Afternoon,1,0,0,0,Completed,301.0,10.632285411515365,1,1,1,1,1,1,1
2024-08-16,18:10:07,CNR9276830,Completed,CID1173089,Premier Sedan,Jasola,Kalkaji,7.1,32.8,,,,,,,73.0,48.78,4.4,4.6,Credit Card,2024-08-16 18:10:07,2024,8,August,16,4,Friday,18,0,Evening,1,0,0,0,Completed,73.0,1.4965149651496514,1,1,1,1,1,1,1
2024-06-18,09:43:29,CNR9276830,Completed,CID9936064,Bike,Sikanderpur,Basai Dhankot,11.1,20.9,,,,,,,572.0,49.7,4.6,4.6,Cash,2024-06-18 09:43:29,2024,6,June,18,1,Tuesday,9,0,Morning,1,0,0,0,Completed,572.0,11.509054325955734,1,1,1,1,1,1,1
2024-01-02,19:42:51,CNR9286202,Cancelled by Customer,CID9709881,Auto,Rajiv Chowk,Panchsheel Park,6.0,,1.0,Driver is not moving towards pickup location,,,,,,,,,,2024-01-02 19:42:51,2024,1,January,2,1,Tuesday,19,0,Evening,0,1,0,0,Customer Cancelled,0.0,,0,0,0,0,0,1,0
2024-04-17,19:27:05,CNR9286202,Completed,CID7295551,eBike,Cyber Hub,Vaishali,10.1,16.8,,,,,,,135.0,9.25,4.3,4.8,Cash,2024-04-17 19:27:05,2024,4,April,17,2,Wednesday,19,0,Evening,1,0,0,0,Completed,135.0,14.594594594594595,1,1,1,1,1,1,1
2024-10-02,06:17:54,CNR9295320,No Driver Found,CID2179950,Go Sedan,Samaypur Badli,Kanhaiya Nagar,,,,,,,,,,,,,,2024-10-02 06:17:54,2024,10,October,2,2,Wednesday,6,0,Morning,0,0,0,1,No Driver Found,0.0,,0,0,0,0,0,0,0
2024-07-15,17:04:50,CNR9295320,Completed,CID1747542,Bike,Sushant Lok,Shahdara,14.0,39.0,,,,,,,584.0,13.54,3.7,4.9,Cash,2024-07-15 17:04:50,2024,7,July,15,0,Monday,17,0,Evening,1,0,0,0,Completed,584.0,43.1314623338257,1,1,1,1,1,1,1
2024-01-04,10:33:08,CNR9299800,Cancelled by Driver,CID9428095,Go Mini,AIIMS,Sikanderpur,9.9,,,,1.0,The customer was coughing/sick,,,,,,,,2024-01-04 10:33:08,2024,1,January,4,3,Thursday,10,0,Morning,0,1,0,0,Driver Cancelled,0.0,,0,0,0,0,0,1,0
2024-08-09,18:47:32,CNR9299800,Completed,CID3912790,Auto,Dwarka Sector 21,Karkarduma,5.7,20.2,,,,,,,567.0,48.63,5.0,4.8,UPI,2024-08-09 18:47:32,2024,8,August,9,4,Friday,18,0,Evening,1,0,0,0,Completed,567.0,11.659469463294263,1,1,1,1,1,1,1
2024-07-27,08:26:29,CNR9310176,Cancelled by Driver,CID1241238,Go Sedan,Karkarduma,Anand Vihar ISBT,6.9,,,,1.0,The customer was coughing/sick,,,,,,,,2024-07-27 08:26:29,2024,7,July,27,5,Saturday,8,1,Morning,0,1,0,0,Driver Cancelled,0.0,,0,0,0,0,0,1,0
2024-07-04,12:18:38,CNR9310176,Completed,CID1916538,eBike,AIIMS,Bahadurgarh,9.2,19.7,,,,,,,679.0,38.84,3.9,4.8,UPI,2024-07-04 12:18:38,2024,7,July,4,3,Thursday,12,0,Afternoon,1,0,0,0,Completed,679.0,17.481977342945417,1,1,1,1,1,1,1
2024-04-12,19:21:21,CNR9316617,Completed,CID8179111,Go Sedan,IFFCO Chowk,Bhikaji Cama Place,8.2,33.6,,,,,,,475.0,23.97,4.9,4.3,Credit Card,2024-04-12 19:21:21,2024,4,April,12,4,Friday,19,0,Evening,1,0,0,0,Completed,475.0,19.816437213183146,1,1,1,1,1,1,1
2024-03-03,15:15:57,CNR9316617,Completed,CID6965549,Go Mini,Indraprastha,Ramesh Nagar,2.1,26.5,,,,,,,880.0,6.89,4.5,4.7,UPI,2024-03-03 15:15:57,2024,3,March,3,6,Sunday,15,1,Afternoon,1,0,0,0,Completed,880.0,127.72133526850509,1,1,1,1,1,1,1
2024-02-03,17:21:57,CNR9333674,Completed,CID3651053,Premier Sedan,Malviya Nagar,Udyog Bhawan,9.5,15.5,,,,,,,1061.0,45.72,4.7,4.5,UPI,2024-02-03 17:21:57,2024,2,February,3,5,Saturday,17,1,Evening,1,0,0,0,Completed,1061.0,23.20647419072616,1,1,1,1,1,1,1
2024-01-29,12:28:17,CNR9333674,Completed,CID4699429,Auto,Samaypur Badli,Paschim Vihar,10.8,20.4,,,,,,,473.0,29.2,4.1,4.2,UPI,2024-01-29 12:28:17,2024,1,January,29,0,Monday,12,0,Afternoon,1,0,0,0,Completed,473.0,16.198630136986303,1,1,1,1,1,1,1
2024-01-28,07:06:54,CNR9345414,Cancelled by Driver,CID1947332,Premier Sedan,Jama Masjid,Saidulajab,8.1,,,,1.0,More than permitted people in there,,,,,,,,2024-01-28 07:06:54,2024,1,January,28,6,Sunday,7,1,Morning,0,1,0,0,Driver Cancelled,0.0,,0,0,0,0,0,1,0
2024-04-16,13:25:23,CNR9345414,Incomplete,CID5282348,Auto,Kadarpur,Hero Honda Chowk,3.8,20.7,,,,,1.0,Customer Demand,888.0,10.48,,,Cash,2024-04-16 13:25:23,2024,4,April,16,1,Tuesday,13,0,Afternoon,0,0,1,0,Incomplete,0.0,,1,1,0,0,1,1,1
2024-06-19,15:36:19,CNR9347417,Completed,CID2679417,Go Mini,Vaishali,IGI Airport,10.1,36.0,,,,,,,245.0,10.44,3.5,4.6,UPI,2024-06-19 15:36:19,2024,6,June,19,2,Wednesday,15,0,Afternoon,1,0,0,0,Completed,245.0,23.467432950191572,1,1,1,1,1,1,1
2024-04-03,01:23:32,CNR9347417,Cancelled by Driver,CID5093352,Go Sedan,GTB Nagar,Bhiwadi,7.8,,,,1.0,Personal & Car related issues,,,,,,,,2024-04-03 01:23:32,2024,4,April,3,2,Wednesday,1,0,Night,0,1,0,0,Driver Cancelled,0.0,,0,0,0,0,0,1,0
2024-10-24,14:16:56,CNR9349050,Incomplete,CID3459710,Go Mini,Noida Sector 62,Mayur Vihar,5.3,29.7,,,,,1.0,Vehicle Breakdown,141.0,18.33,,,UPI,2024-10-24 14:16:56,2024,10,October,24,3,Thursday,14,0,Afternoon,0,0,1,0,Incomplete,0.0,,1,1,0,0,1,1,1
2024-03-07,18:56:32,CNR9349050,Completed,CID2484971,Auto,Samaypur Badli,Ramesh Nagar,7.4,41.0,,,,,,,551.0,48.84,4.1,4.9,Uber Wallet,2024-03-07 18:56:32,2024,3,March,7,3,Thursday,18,0,Evening,1,0,0,0,Completed,551.0,11.281736281736281,1,1,1,1,1,1,1
2024-03-26,19:51:17,CNR9350677,No Driver Found,CID8586914,Bike,Kaushambi,Ashok Vihar,,,,,,,,,,,,,,2024-03-26 19:51:17,2024,3,March,26,1,Tuesday,19,0,Evening,0,0,0,1,No Driver Found,0.0,,0,0,0,0,0,0,0
2024-08-14,17:50:38,CNR9350677,Completed,CID5985943,Go Mini,Delhi Gate,Uttam Nagar,3.4,32.5,,,,,,,345.0,33.4,4.0,4.2,Credit Card,2024-08-14 17:50:38,2024,8,August,14,2,Wednesday,17,0,Evening,1,0,0,0,Completed,345.0,10.32934131736527,1,1,1,1,1,1,1
2024-07-06,15:03:05,CNR9352394,Cancelled by Driver,CID9384820,Bike,Bhiwadi,Kherki Daula Toll,6.0,,,,1.0,The customer was coughing/sick,,,,,,,,2024-07-06 15:03:05,2024,7,July,6,5,Saturday,15,1,Afternoon,0,1,0,0,Driver Cancelled,0.0,,0,0,0,0,0,1,0
2024-11-24,11:45:11,CNR9352394,Completed,CID2371083,Bike,Mandi House,South Extension,7.4,16.7,,,,,,,943.0,29.23,3.8,4.1,Uber Wallet,2024-11-24 11:45:11,2024,11,November,24,6,Sunday,11,1,Morning,1,0,0,0,Completed,943.0,32.261375299349986,1,1,1,1,1,1,1
2024-05-27,11:10:27,CNR9368111,Completed,CID7885746,Auto,Udyog Vihar,Samaypur Badli,8.7,32.3,,,,,,,718.0,11.58,4.4,4.0,UPI,2024-05-27 11:10:27,2024,5,May,27,0,Monday,11,0,Morning,1,0,0,0,Completed,718.0,62.00345423143351,1,1,1,1,1,1,1
2024-01-07,10:11:39,CNR9368111,Completed,CID6269666,Uber XL,Laxmi Nagar,Dwarka Mor,13.1,25.6,,,,,,,528.0,14.28,4.5,4.2,Cash,2024-01-07 10:11:39,2024,1,January,7,6,Sunday,10,1,Morning,1,0,0,0,Completed,528.0,36.97478991596639,1,1,1,1,1,1,1
2024-09-19,12:13:00,CNR9371248,Completed,CID7656526,Go Mini,Sushant Lok,Hauz Khas,3.1,27.4,,,,,,,60.0,12.1,4.7,4.1,UPI,2024-09-19 12:13:00,2024,9,September,19,3,Thursday,12,0,Afternoon,1,0,0,0,Completed,60.0,4.958677685950414,1,1,1,1,1,1,1
2024-09-11,19:32:09,CNR9371248,Cancelled by Customer,CID7957224,Premier Sedan,Mansarovar Park,India Gate,12.2,,1.0,Wrong Address,,,,,,,,,,2024-09-11 19:32:09,2024,9,September,11,2,Wednesday,19,0,Evening,0,1,0,0,Customer Cancelled,0.0,,0,0,0,0,0,1,0
2024-06-19,08:32:31,CNR9376955,Completed,CID4695749,Go Mini,Bhikaji Cama Place,Basai Dhankot,14.1,17.4,,,,,,,294.0,19.45,4.7,3.8,Debit Card,2024-06-19 08:32:31,2024,6,June,19,2,Wednesday,8,0,Morning,1,0,0,0,Completed,294.0,15.115681233933163,1,1,1,1,1,1,1
2024-08-17,07:38:50,CNR9376955,Completed,CID7229288,Bike,Vasant Kunj,Munirka,7.9,25.6,,,,,,,501.0,14.95,4.3,4.3,UPI,2024-08-17 07:38:50,2024,8,August,17,5,Saturday,7,1,Morning,1,0,0,0,Completed,501.0,33.51170568561873,1,1,1,1,1,1,1
2024-02-19,22:28:12,CNR9381843,Completed,CID4793796,Auto,Ashok Vihar,Greater Noida,3.7,16.5,,,,,,,949.0,21.69,4.2,4.0,Cash,2024-02-19 22:28:12,2024,2,February,19,0,Monday,22,0,Late Evening,1,0,0,0,Completed,949.0,43.75288151221761,1,1,1,1,1,1,1
2024-09-01,19:18:20,CNR9381843,Completed,CID3568575,Bike,Greater Noida,Jama Masjid,2.5,33.6,,,,,,,2953.0,25.98,4.1,4.7,Uber Wallet,2024-09-01 19:18:20,2024,9,September,1,6,Sunday,19,1,Evening,1,0,0,0,Completed,2953.0,113.6643571978445,1,1,1,1,1,1,1
2024-09-23,08:16:18,CNR9387658,Cancelled by Driver,CID7346582,eBike,Ashram,Golf Course Road,7.5,,,,1.0,More than permitted people in there,,,,,,,,2024-09-23 08:16:18,2024,9,September,23,0,Monday,8,0,Morning,0,1,0,0,Driver Cancelled,0.0,,0,0,0,0,0,1,0
2024-01-31,20:22:07,CNR9387658,Completed,CID2678442,Bike,Sonipat,Green Park,13.8,17.7,,,,,,,913.0,30.9,3.9,4.8,Credit Card,2024-01-31 20:22:07,2024,1,January,31,2,Wednesday,20,0,Evening,1,0,0,0,Completed,913.0,29.54692556634304,1,1,1,1,1,1,1
2024-08-14,18:57:55,CNR9389860,Completed,CID4220954,Go Mini,Nehru Place,Chhatarpur,5.0,17.0,,,,,,,295.0,19.33,4.3,3.2,Cash,2024-08-14 18:57:55,2024,8,August,14,2,Wednesday,18,0,Evening,1,0,0,0,Completed,295.0,15.261251939989656,1,1,1,1,1,1,1
2024-08-12,07:56:32,CNR9389860,Completed,CID7786589,Go Sedan,Udyog Vihar,Nawada,2.3,25.0,,,,,,,189.0,18.13,4.6,4.1,UPI,2024-08-12 07:56:32,2024,8,August,12,0,Monday,7,0,Morning,1,0,0,0,Completed,189.0,10.424710424710426,1,1,1,1,1,1,1
2024-01-18,10:26:20,CNR9392139,Completed,CID3851763,Bike,Saidulajab,Sushant Lok,7.3,33.0,,,,,,,118.0,35.68,3.4,4.4,Cash,2024-01-18 10:26:20,2024,1,January,18,3,Thursday,10,0,Morning,1,0,0,0,Completed,118.0,3.307174887892377,1,1,1,1,1,1,1
2024-07-26,21:00:15,CNR9392139,Completed,CID5329713,Bike,Dilshad Garden,Akshardham,8.0,22.1,,,,,,,793.0,26.04,3.2,4.9,Debit Card,2024-07-26 21:00:15,2024,7,July,26,4,Friday,21,0,Late Evening,1,0,0,0,Completed,793.0,30.4531490015361,1,1,1,1,1,1,1
2024-05-03,11:46:25,CNR9401796,Completed,CID5580325,Go Mini,Shastri Nagar,DLF Phase 3,3.2,35.4,,,,,,,156.0,45.22,4.5,3.3,UPI,2024-05-03 11:46:25,2024,5,May,3,4,Friday,11,0,Morning,1,0,0,0,Completed,156.0,3.4498009730207873,1,1,1,1,1,1,1
2024-03-24,15:48:11,CNR9401796,Completed,CID9414669,Auto,IGI Airport,Mayur Vihar,4.7,26.2,,,,,,,1340.0,11.13,3.1,4.8,UPI,2024-03-24 15:48:11,2024,3,March,24,6,Sunday,15,1,Afternoon,1,0,0,0,Completed,1340.0,120.39532794249774,1,1,1,1,1,1,1
2024-01-30,18:04:10,CNR9421125,Completed,CID5868582,Auto,Hauz Rani,Paschim Vihar,11.6,39.1,,,,,,,137.0,12.63,4.2,4.8,Credit Card,2024-01-30 18:04:10,2024,1,January,30,1,Tuesday,18,0,Evening,1,0,0,0,Completed,137.0,10.84718923198733,1,1,1,1,1,1,1
2024-09-07,14:42:40,CNR9421125,Cancelled by Driver,CID5514679,Auto,Ghaziabad,Chirag Delhi,10.8,,,,1.0,Personal & Car related issues,,,,,,,,2024-09-07 14:42:40,2024,9,September,7,5,Saturday,14,1,Afternoon,0,1,0,0,Driver Cancelled,0.0,,0,0,0,0,0,1,0
2024-09-04,09:52:08,CNR9428694,Completed,CID9609613,Premier Sedan,Hauz Rani,Samaypur Badli,11.3,17.3,,,,,,,328.0,10.22,4.1,4.6,Cash,2024-09-04 09:52:08,2024,9,September,4,2,Wednesday,9,0,Morning,1,0,0,0,Completed,328.0,32.093933463796475,1,1,1,1,1,1,1
2024-09-19,11:54:16,CNR9428694,No Driver Found,CID9009792,Go Mini,Rithala,Karkarduma,,,,,,,,,,,,,,2024-09-19 11:54:16,2024,9,September,19,3,Thursday,11,0,Morning,0,0,0,1,No Driver Found,0.0,,0,0,0,0,0,0,0
2024-02-24,06:44:20,CNR9441878,Cancelled by Customer,CID7662695,Auto,Azadpur,Chandni Chowk,10.5,,1.0,Change of plans,,,,,,,,,,2024-02-24 06:44:20,2024,2,February,24,5,Saturday,6,1,Morning,0,1,0,0,Customer Cancelled,0.0,,0,0,0,0,0,1,0
2024-06-14,11:33:45,CNR9441878,Completed,CID4115501,Uber XL,Cyber Hub,Gurgaon Sector 29,6.2,23.9,,,,,,,641.0,27.01,4.4,4.3,Cash,2024-06-14 11:33:45,2024,6,June,14,4,Friday,11,0,Morning,1,0,0,0,Completed,641.0,23.731951129211403,1,1,1,1,1,1,1
2024-07-05,23:22:00,CNR9463412,Cancelled by Driver,CID8539686,Bike,Kashmere Gate,Noida Sector 62,11.4,,,,1.0,Customer related issue,,,,,,,,2024-07-05 23:22:00,2024,7,July,5,4,Friday,23,0,Late Evening,0,1,0,0,Driver Cancelled,0.0,,0,0,0,0,0,1,0
2024-11-21,22:53:24,CNR9463412,No Driver Found,CID2750851,Go Sedan,Hero Honda Chowk,Qutub Minar,,,,,,,,,,,,,,2024-11-21 22:53:24,2024,11,November,21,3,Thursday,22,0,Late Evening,0,0,0,1,No Driver Found,0.0,,0,0,0,0,0,0,0
2024-01-28,21:09:54,CNR9474520,Completed,CID7284838,Go Sedan,Old Gurgaon,Anand Vihar ISBT,3.8,40.5,,,,,,,596.0,32.37,3.9,4.9,Uber Wallet,2024-01-28 21:09:54,2024,1,January,28,6,Sunday,21,1,Late Evening,1,0,0,0,Completed,596.0,18.41210997837504,1,1,1,1,1,1,1
2024-07-05,10:31:07,CNR9474520,Incomplete,CID8701909,Go Mini,Kirti Nagar,Rohini,9.1,14.8,,,,,1.0,Vehicle Breakdown,57.0,7.18,,,UPI,2024-07-05 10:31:07,2024,7,July,5,4,Friday,10,0,Morning,0,0,1,0,Incomplete,0.0,,1,1,0,0,1,1,1
2024-05-09,21:02:14,CNR9477684,Cancelled by Driver,CID8123827,Go Sedan,Basai Dhankot,Bhiwadi,11.3,,,,1.0,More than permitted people in there,,,,,,,,2024-05-09 21:02:14,2024,5,May,9,3,Thursday,21,0,Late Evening,0,1,0,0,Driver Cancelled,0.0,,0,0,0,0,0,1,0
2024-02-20,13:24:32,CNR9477684,Cancelled by Customer,CID4940282,eBike,Khan Market,Udyog Vihar,8.5,,1.0,Change of plans,,,,,,,,,,2024-02-20 13:24:32,2024,2,February,20,1,Tuesday,13,0,Afternoon,0,1,0,0,Customer Cancelled,0.0,,0,0,0,0,0,1,0
2024-12-12,17:55:42,CNR9478720,Completed,CID9421562,eBike,Hauz Khas,Inderlok,6.7,17.7,,,,,,,68.0,14.26,4.5,4.3,Cash,2024-12-12 17:55:42,2024,12,December,12,3,Thursday,17,0,Evening,1,0,0,0,Completed,68.0,4.768583450210379,1,1,1,1,1,1,1
2024-01-07,11:17:56,CNR9478720,Completed,CID6891238,Bike,Bahadurgarh,India Gate,9.0,34.1,,,,,,,1250.0,47.11,4.4,4.6,UPI,2024-01-07 11:17:56,2024,1,January,7,6,Sunday,11,1,Morning,1,0,0,0,Completed,1250.0,26.533644661430696,1,1,1,1,1,1,1
2024-02-14,20:38:29,CNR9486900,Incomplete,CID8715957,Premier Sedan,Subhash Chowk,Moti Nagar,9.0,26.7,,,,,1.0,Other Issue,237.0,13.53,,,UPI,2024-02-14 20:38:29,2024,2,February,14,2,Wednesday,20,0,Evening,0,0,1,0,Incomplete,0.0,,1,1,0,0,1,1,1
2024-08-23,07:17:41,CNR9486900,Completed,CID5559668,Go Mini,Civil Lines Gurgaon,GTB Nagar,10.5,31.3,,,,,,,301.0,12.34,4.3,4.9,UPI,2024-08-23 07:17:41,2024,8,August,23,4,Friday,7,0,Morning,1,0,0,0,Completed,301.0,24.39222042139384,1,1,1,1,1,1,1
2024-09-27,15:47:12,CNR9492482,Cancelled by Driver,CID1693349,Auto,Shahdara,Barakhamba Road,10.9,,,,1.0,More than permitted people in there,,,,,,,,2024-09-27 15:47:12,2024,9,September,27,4,Friday,15,0,Afternoon,0,1,0,0,Driver Cancelled,0.0,,0,0,0,0,0,1,0
2024-02-14,21:23:08,CNR9492482,Incomplete,CID1290973,Auto,Udyog Bhawan,Kashmere Gate ISBT,9.0,10.1,,,,,1.0,Vehicle Breakdown,1321.0,18.93,,,Uber Wallet,2024-02-14 21:23:08,2024,2,February,14,2,Wednesday,21,0,Late Evening,0,0,1,0,Incomplete,0.0,,1,1,0,0,1,1,1
2024-08-20,16:51:36,CNR9498186,Cancelled by Driver,CID4562297,Auto,Green Park,Pitampura,6.9,,,,1.0,The customer was coughing/sick,,,,,,,,2024-08-20 16:51:36,2024,8,August,20,1,Tuesday,16,0,Afternoon,0,1,0,0,Driver Cancelled,0.0,,0,0,0,0,0,1,0
2024-10-17,19:08:28,CNR9498186,Completed,CID9907990,Go Mini,Sikanderpur,Ghitorni Village,8.2,16.4,,,,,,,608.0,24.59,3.8,4.9,UPI,2024-10-17 19:08:28,2024,10,October,17,3,Thursday,19,0,Evening,1,0,0,0,Completed,608.0,24.7254981699878,1,1,1,1,1,1,1
2024-11-19,18:37:26,CNR9509743,Completed,CID8313816,Bike,South Extension,Ardee City,4.6,43.4,,,,,,,546.0,25.69,4.2,4.6,Uber Wallet,2024-11-19 18:37:26,2024,11,November,19,1,Tuesday,18,0,Evening,1,0,0,0,Completed,546.0,21.25340599455041,1,1,1,1,1,1,1
2024-09-21,19:27:02,CNR9509743,Completed,CID5867277,eBike,Ashram,Mundka,8.7,44.0,,,,,,,159.0,22.45,4.2,5.0,UPI,2024-09-21 19:27:02,2024,9,September,21,5,Saturday,19,1,Evening,1,0,0,0,Completed,159.0,7.082405345211582,1,1,1,1,1,1,1
2024-02-02,22:48:00,CNR9515739,Completed,CID8002640,Auto,Sonipat,Vidhan Sabha,2.4,23.2,,,,,,,350.0,45.94,4.2,5.0,UPI,2024-02-02 22:48:00,2024,2,February,2,4,Friday,22,0,Late Evening,1,0,0,0,Completed,350.0,7.61863299956465,1,1,1,1,1,1,1
2024-06-21,11:08:44,CNR9515739,Completed,CID4402988,Go Sedan,Paharganj,Ghitorni Village,12.0,38.0,,,,,,,251.0,25.7,3.6,4.3,Cash,2024-06-21 11:08:44,2024,6,June,21,4,Friday,11,0,Morning,1,0,0,0,Completed,251.0,9.766536964980546,1,1,1,1,1,1,1
2024-04-07,20:21:04,CNR9520423,Completed,CID6433969,Go Mini,GTB Nagar,Rithala,11.0,33.7,,,,,,,626.0,7.76,3.7,4.9,Cash,2024-04-07 20:21:04,2024,4,April,7,6,Sunday,20,1,Evening,1,0,0,0,Completed,626.0,80.6701030927835,1,1,1,1,1,1,1
2024-03-08,09:09:08,CNR9520423,Completed,CID3306201,Uber XL,Madipur,Pragati Maidan,6.0,25.6,,,,,,,815.0,12.06,4.1,4.1,UPI,2024-03-08 09:09:08,2024,3,March,8,4,Friday,9,0,Morning,1,0,0,0,Completed,815.0,67.57877280265339,1,1,1,1,1,1,1
2024-12-16,08:47:40,CNR9527997,Completed,CID4539082,Auto,Akshardham,Chhatarpur,10.3,19.1,,,,,,,467.0,39.71,4.2,4.9,Credit Card,2024-12-16 08:47:40,2024,12,December,16,0,Monday,8,0,Morning,1,0,0,0,Completed,467.0,11.760261898766053,1,1,1,1,1,1,1
2024-04-25,14:11:55,CNR9527997,Completed,CID1661975,Auto,Moolchand,Jama Masjid,9.0,27.2,,,,,,,437.0,9.52,4.3,5.0,Cash,2024-04-25 14:11:55,2024,4,April,25,3,Thursday,14,0,Afternoon,1,0,0,0,Completed,437.0,45.903361344537814,1,1,1,1,1,1,1
2024-11-17,21:44:58,CNR9538874,Completed,CID1855801,Uber XL,Cyber Hub,Civil Lines Gurgaon,9.4,21.8,,,,,,,1049.0,46.76,4.2,4.1,UPI,2024-11-17 21:44:58,2024,11,November,17,6,Sunday,21,1,Late Evening,1,0,0,0,Completed,1049.0,22.433704020530367,1,1,1,1,1,1,1
2024-12-25,10:15:30,CNR9538874,Completed,CID4167993,Bike,Aya Nagar,Vishwavidyalaya,7.3,16.7,,,,,,,921.0,22.55,4.9,3.2,Cash,2024-12-25 10:15:30,2024,12,December,25,2,Wednesday,10,0,Morning,1,0,0,0,Completed,921.0,40.84257206208426,1,1,1,1,1,1,1
2024-11-23,23:55:39,CNR9541305,Completed,CID5061792,Go Mini,Basai Dhankot,Subhash Nagar,11.9,33.1,,,,,,,912.0,15.98,4.6,4.5,UPI,2024-11-23 23:55:39,2024,11,November,23,5,Saturday,23,1,Late Evening,1,0,0,0,Completed,912.0,57.07133917396746,1,1,1,1,1,1,1
2024-11-15,14:05:58,CNR9541305,Completed,CID6980987,Go Sedan,Tagore Garden,Meerut,11.6,28.0,,,,,,,735.0,42.37,5.0,4.5,Debit Card,2024-11-15 14:05:58,2024,11,November,15,4,Friday,14,0,Afternoon,1,0,0,0,Completed,735.0,17.34717960821336,1,1,1,1,1,1,1
2024-01-01,18:47:45,CNR9542022,Cancelled by Driver,CID8537493,Go Sedan,Shastri Nagar,Paschim Vihar,6.8,,,,1.0,Customer related issue,,,,,,,,2024-01-01 18:47:45,2024,1,January,1,0,Monday,18,0,Evening,0,1,0,0,Driver Cancelled,0.0,,0,0,0,0,0,1,0
2024-01-11,14:21:41,CNR9542022,Completed,CID3099224,Bike,Ramesh Nagar,Sarai Kale Khan,12.3,41.9,,,,,,,2026.0,20.98,3.9,4.6,UPI,2024-01-11 14:21:41,2024,1,January,11,3,Thursday,14,0,Afternoon,1,0,0,0,Completed,2026.0,96.56816015252622,1,1,1,1,1,1,1
2024-08-11,17:44:44,CNR9543990,Completed,CID2469665,Go Mini,Panchsheel Park,Gurgaon Sector 56,9.8,31.2,,,,,,,226.0,10.11,3.6,4.6,UPI,2024-08-11 17:44:44,2024,8,August,11,6,Sunday,17,1,Evening,1,0,0,0,Completed,226.0,22.35410484668645,1,1,1,1,1,1,1
2024-02-17,08:56:44,CNR9543990,Completed,CID5351148,Premier Sedan,Karkarduma,Vidhan Sabha,14.0,38.1,,,,,,,1540.0,40.5,4.8,4.6,UPI,2024-02-17 08:56:44,2024,2,February,17,5,Saturday,8,1,Morning,1,0,0,0,Completed,1540.0,38.02469135802469,1,1,1,1,1,1,1
2024-02-02,21:19:20,CNR9552935,Completed,CID2786242,Auto,Qutub Minar,Khandsa,6.4,20.6,,,,,,,669.0,12.77,3.9,4.9,Cash,2024-02-02 21:19:20,2024,2,February,2,4,Friday,21,0,Late Evening,1,0,0,0,Completed,669.0,52.38841033672671,1,1,1,1,1,1,1
2024-03-23,23:53:43,CNR9552935,Completed,CID8093510,Go Mini,Meerut,Munirka,14.3,44.9,,,,,,,530.0,35.83,4.6,4.9,Credit Card,2024-03-23 23:53:43,2024,3,March,23,5,Saturday,23,1,Late Evening,1,0,0,0,Completed,530.0,14.792073681272678,1,1,1,1,1,1,1
2024-08-23,19:23:07,CNR9553564,Completed,CID2823363,eBike,Nawada,Kherki Daula Toll,13.2,44.9,,,,,,,107.0,28.58,4.2,5.0,UPI,2024-08-23 19:23:07,2024,8,August,23,4,Friday,19,0,Evening,1,0,0,0,Completed,107.0,3.7438768369489157,1,1,1,1,1,1,1
2024-06-24,12:09:31,CNR9553564,Completed,CID5732078,eBike,Noida Sector 62,Dilshad Garden,2.7,40.8,,,,,,,65.0,5.69,4.9,5.0,Credit Card,2024-06-24 12:09:31,2024,6,June,24,0,Monday,12,0,Afternoon,1,0,0,0,Completed,65.0,11.423550087873462,1,1,1,1,1,1,1
2024-08-14,10:38:05,CNR9554886,Completed,CID6732057,Auto,Greater Kailash,Adarsh Nagar,11.0,24.1,,,,,,,1204.0,10.89,3.7,4.6,UPI,2024-08-14 10:38:05,2024,8,August,14,2,Wednesday,10,0,Morning,1,0,0,0,Completed,1204.0,110.56014692378328,1,1,1,1,1,1,1
2024-08-13,08:43:46,CNR9554886,Completed,CID2714401,Premier Sedan,Nirman Vihar,Pataudi Chowk,11.0,25.5,,,,,,,455.0,41.86,3.2,4.8,Cash,2024-08-13 08:43:46,2024,8,August,13,1,Tuesday,8,0,Morning,1,0,0,0,Completed,455.0,10.869565217391305,1,1,1,1,1,1,1
2024-01-13,09:10:36,CNR9555508,Completed,CID8441203,Uber XL,Vinobapuri,Pataudi Chowk,8.3,38.7,,,,,,,507.0,8.07,4.6,3.8,Uber Wallet,2024-01-13 09:10:36,2024,1,January,13,5,Saturday,9,1,Morning,1,0,0,0,Completed,507.0,62.82527881040892,1,1,1,1,1,1,1
2024-12-08,06:33:05,CNR9555508,Completed,CID2157754,Auto,Ghitorni,Rohini,5.6,32.0,,,,,,,510.0,36.74,4.9,4.8,Credit Card,2024-12-08 06:33:05,2024,12,December,8,6,Sunday,6,1,Morning,1,0,0,0,Completed,510.0,13.881328252585737,1,1,1,1,1,1,1
2024-01-14,14:43:48,CNR9560898,Completed,CID8279330,Go Sedan,Nehru Place,Greater Noida,8.3,37.3,,,,,,,313.0,18.53,3.0,4.3,Debit Card,2024-01-14 14:43:48,2024,1,January,14,6,Sunday,14,1,Afternoon,1,0,0,0,Completed,313.0,16.891527253103074,1,1,1,1,1,1,1
2024-09-15,21:25:50,CNR9560898,Incomplete,CID1318267,eBike,Tilak Nagar,Indirapuram,6.2,22.7,,,,,1.0,Customer Demand,1307.0,19.38,,,UPI,2024-09-15 21:25:50,2024,9,September,15,6,Sunday,21,1,Late Evening,0,0,1,0,Incomplete,0.0,,1,1,0,0,1,1,1
2024-08-15,12:01:16,CNR9565598,No Driver Found,CID8740687,Go Mini,Kalkaji,Subhash Chowk,,,,,,,,,,,,,,2024-08-15 12:01:16,2024,8,August,15,3,Thursday,12,0,Afternoon,0,0,0,1,No Driver Found,0.0,,0,0,0,0,0,0,0
2024-10-30,18:16:49,CNR9565598,Completed,CID6179637,Go Sedan,Aya Nagar,Jhilmil,6.4,22.2,,,,,,,2109.0,29.37,3.8,4.2,Debit Card,2024-10-30 18:16:49,2024,10,October,30,2,Wednesday,18,0,Evening,1,0,0,0,Completed,2109.0,71.8079673135853,1,1,1,1,1,1,1
2024-05-03,09:35:40,CNR9567683,Completed,CID9027959,Go Mini,Paschim Vihar,Tilak Nagar,9.7,22.2,,,,,,,275.0,2.59,4.2,4.9,UPI,2024-05-03 09:35:40,2024,5,May,3,4,Friday,9,0,Morning,1,0,0,0,Completed,275.0,106.17760617760618,1,1,1,1,1,1,1
2024-08-04,09:12:38,CNR9567683,Cancelled by Driver,CID7256005,Go Mini,Azadpur,Madipur,10.0,,,,1.0,Personal & Car related issues,,,,,,,,2024-08-04 09:12:38,2024,8,August,4,6,Sunday,9,1,Morning,0,1,0,0,Driver Cancelled,0.0,,0,0,0,0,0,1,0
2024-12-13,09:14:31,CNR9568808,Incomplete,CID2154546,Auto,Ashram,Subhash Chowk,5.9,23.4,,,,,1.0,Customer Demand,90.0,7.48,,,Uber Wallet,2024-12-13 09:14:31,2024,12,December,13,4,Friday,9,0,Morning,0,0,1,0,Incomplete,0.0,,1,1,0,0,1,1,1
2024-07-03,10:22:37,CNR9568808,Completed,CID2667557,Auto,Civil Lines Gurgaon,Rajiv Nagar,11.7,18.6,,,,,,,207.0,46.13,4.2,3.0,UPI,2024-07-03 10:22:37,2024,7,July,3,2,Wednesday,10,0,Morning,1,0,0,0,Completed,207.0,4.487318447864729,1,1,1,1,1,1,1
2024-04-04,11:10:50,CNR9569296,Completed,CID2522512,Auto,Mehrauli,Jama Masjid,6.3,45.0,,,,,,,606.0,44.77,3.2,5.0,Uber Wallet,2024-04-04 11:10:50,2024,4,April,4,3,Thursday,11,0,Morning,1,0,0,0,Completed,606.0,13.535849899486262,1,1,1,1,1,1,1
2024-11-17,18:52:46,CNR9569296,Cancelled by Customer,CID1916037,eBike,Vasant Kunj,Kashmere Gate,18.4,,1.0,Wrong Address,,,,,,,,,,2024-11-17 18:52:46,2024,11,November,17,6,Sunday,18,1,Evening,0,1,0,0,Customer Cancelled,0.0,,0,0,0,0,0,1,0
2024-11-18,18:34:26,CNR9578729,Completed,CID8428326,Go Mini,Rithala,Paschim Vihar,3.4,33.1,,,,,,,85.0,31.9,3.2,4.7,UPI,2024-11-18 18:34:26,2024,11,November,18,0,Monday,18,0,Evening,1,0,0,0,Completed,85.0,2.664576802507837,1,1,1,1,1,1,1
2024-03-09,06:22:59,CNR9578729,Completed,CID5621051,Go Sedan,Jahangirpuri,Sikanderpur,11.9,41.3,,,,,,,203.0,13.71,5.0,4.2,UPI,2024-03-09 06:22:59,2024,3,March,9,5,Saturday,6,1,Morning,1,0,0,0,Completed,203.0,14.806710430342815,1,1,1,1,1,1,1
2024-10-25,20:24:01,CNR9592916,Cancelled by Customer,CID4681861,Go Mini,Old Gurgaon,Munirka,8.7,,1.0,Driver asked to cancel,,,,,,,,,,2024-10-25 20:24:01,2024,10,October,25,4,Friday,20,0,Evening,0,1,0,0,Customer Cancelled,0.0,,0,0,0,0,0,1,0
2024-03-08,11:50:23,CNR9592916,Completed,CID7004758,Premier Sedan,Pulbangash,Uttam Nagar,4.4,44.4,,,,,,,444.0,29.13,4.9,3.2,UPI,2024-03-08 11:50:23,2024,3,March,8,4,Friday,11,0,Morning,1,0,0,0,Completed,444.0,15.242018537590114,1,1,1,1,1,1,1
2024-02-12,09:18:11,CNR9594964,Completed,CID2432044,Go Mini,Huda City Centre,Indraprastha,12.8,27.2,,,,,,,946.0,17.44,4.7,4.5,Cash,2024-02-12 09:18:11,2024,2,February,12,0,Monday,9,0,Morning,1,0,0,0,Completed,946.0,54.24311926605504,1,1,1,1,1,1,1
2024-06-06,22:26:54,CNR9594964,Cancelled by Driver,CID6665738,Go Sedan,Jama Masjid,Udyog Vihar Phase 4,8.0,,,,1.0,The customer was coughing/sick,,,,,,,,2024-06-06 22:26:54,2024,6,June,6,3,Thursday,22,0,Late Evening,0,1,0,0,Driver Cancelled,0.0,,0,0,0,0,0,1,0
2024-07-08,17:39:16,CNR9603232,Completed,CID5282464,Uber XL,Dilshad Garden,Ashok Vihar,8.8,35.9,,,,,,,465.0,34.26,4.4,4.3,UPI,2024-07-08 17:39:16,2024,7,July,8,0,Monday,17,0,Evening,1,0,0,0,Completed,465.0,13.572679509632225,1,1,1,1,1,1,1
2024-02-01,18:51:04,CNR9603232,Cancelled by Customer,CID3865186,Bike,Vatika Chowk,Moolchand,6.0,,1.0,Driver is not moving towards pickup location,,,,,,,,,,2024-02-01 18:51:04,2024,2,February,1,3,Thursday,18,0,Evening,0,1,0,0,Customer Cancelled,0.0,,0,0,0,0,0,1,0
2024-01-13,08:59:04,CNR9603232,Completed,CID3138085,eBike,Shivaji Park,Munirka,8.4,33.2,,,,,,,111.0,18.31,4.9,4.6,UPI,2024-01-13 08:59:04,2024,1,January,13,5,Saturday,8,1,Morning,1,0,0,0,Completed,111.0,6.062261059530312,1,1,1,1,1,1,1
2024-06-13,12:39:26,CNR9610680,Cancelled by Customer,CID1096951,Auto,Preet Vihar,Tis Hazari,16.3,,1.0,Driver is not moving towards pickup location,,,,,,,,,,2024-06-13 12:39:26,2024,6,June,13,3,Thursday,12,0,Afternoon,0,1,0,0,Customer Cancelled,0.0,,0,0,0,0,0,1,0
2024-05-09,18:55:48,CNR9610680,Completed,CID6757316,Go Mini,Anand Vihar ISBT,Palam Vihar,10.6,30.1,,,,,,,81.0,28.95,3.9,4.4,Credit Card,2024-05-09 18:55:48,2024,5,May,9,3,Thursday,18,0,Evening,1,0,0,0,Completed,81.0,2.7979274611398965,1,1,1,1,1,1,1
2024-10-02,15:19:58,CNR9621891,Incomplete,CID5570438,Go Mini,IMT Manesar,Panipat,3.0,12.5,,,,,1.0,Customer Demand,633.0,6.72,,,Credit Card,2024-10-02 15:19:58,2024,10,October,2,2,Wednesday,15,0,Afternoon,0,0,1,0,Incomplete,0.0,,1,1,0,0,1,1,1
2024-03-03,13:54:27,CNR9621891,Completed,CID3898120,Go Mini,Kherki Daula Toll,Rohini East,8.8,19.3,,,,,,,539.0,9.97,4.1,5.0,UPI,2024-03-03 13:54:27,2024,3,March,3,6,Sunday,13,1,Afternoon,1,0,0,0,Completed,539.0,54.062186559679034,1,1,1,1,1,1,1
2024-10-06,19:16:30,CNR9622509,Cancelled by Driver,CID5094491,Auto,Rithala,Sushant Lok,11.8,,,,1.0,The customer was coughing/sick,,,,,,,,2024-10-06 19:16:30,2024,10,October,6,6,Sunday,19,1,Evening,0,1,0,0,Driver Cancelled,0.0,,0,0,0,0,0,1,0
2024-10-12,17:52:23,CNR9622509,Completed,CID8715709,Auto,Adarsh Nagar,India Gate,11.3,20.1,,,,,,,261.0,47.11,4.4,4.6,Cash,2024-10-12 17:52:23,2024,10,October,12,5,Saturday,17,1,Evening,1,0,0,0,Completed,261.0,5.540225005306729,1,1,1,1,1,1,1
2024-01-18,06:58:25,CNR9643327,Cancelled by Driver,CID1374400,Go Mini,Moolchand,Preet Vihar,9.9,,,,1.0,Personal & Car related issues,,,,,,,,2024-01-18 06:58:25,2024,1,January,18,3,Thursday,6,0,Morning,0,1,0,0,Driver Cancelled,0.0,,0,0,0,0,0,1,0
2024-08-19,19:09:25,CNR9643327,Cancelled by Customer,CID2961764,Go Sedan,Faridabad Sector 15,Sohna Road,18.8,,1.0,Driver is not moving towards pickup location,,,,,,,,,,2024-08-19 19:09:25,2024,8,August,19,0,Monday,19,0,Evening,0,1,0,0,Customer Cancelled,0.0,,0,0,0,0,0,1,0
2024-02-24,05:12:39,CNR9647826,Completed,CID4781638,Auto,Punjabi Bagh,Adarsh Nagar,9.4,29.4,,,,,,,327.0,15.24,4.3,4.8,UPI,2024-02-24 05:12:39,2024,2,February,24,5,Saturday,5,1,Night,1,0,0,0,Completed,327.0,21.456692913385826,1,1,1,1,1,1,1
2024-10-14,22:09:12,CNR9647826,Incomplete,CID7169167,Premier Sedan,Rithala,Anand Vihar,9.2,29.5,,,,,1.0,Customer Demand,449.0,11.75,,,UPI,2024-10-14 22:09:12,2024,10,October,14,0,Monday,22,0,Late Evening,0,0,1,0,Incomplete,0.0,,1,1,0,0,1,1,1
2024-11-02,21:53:26,CNR9652100,Cancelled by Driver,CID3244344,Go Sedan,Tagore Garden,Ghaziabad,4.2,,,,1.0,The customer was coughing/sick,,,,,,,,2024-11-02 21:53:26,2024,11,November,2,5,Saturday,21,1,Late Evening,0,1,0,0,Driver Cancelled,0.0,,0,0,0,0,0,1,0
2024-06-08,18:31:06,CNR9652100,Completed,CID1700004,Auto,Govindpuri,Preet Vihar,9.4,26.5,,,,,,,255.0,32.28,4.5,4.8,Cash,2024-06-08 18:31:06,2024,6,June,8,5,Saturday,18,1,Evening,1,0,0,0,Completed,255.0,7.899628252788104,1,1,1,1,1,1,1
2024-09-30,08:02:56,CNR9653344,Cancelled by Customer,CID6994746,Premier Sedan,Madipur,Govindpuri,18.7,,1.0,AC is not working,,,,,,,,,,2024-09-30 08:02:56,2024,9,September,30,0,Monday,8,0,Morning,0,1,0,0,Customer Cancelled,0.0,,0,0,0,0,0,1,0
2024-05-16,16:15:04,CNR9653344,Completed,CID4365461,Go Mini,Vidhan Sabha,Golf Course Road,14.6,42.7,,,,,,,274.0,9.04,4.9,5.0,Cash,2024-05-16 16:15:04,2024,5,May,16,3,Thursday,16,0,Afternoon,1,0,0,0,Completed,274.0,30.30973451327434,1,1,1,1,1,1,1
2024-07-28,17:48:30,CNR9661795,Completed,CID6154255,Go Sedan,Chanakyapuri,Noida Extension,7.0,17.2,,,,,,,430.0,5.9,4.9,4.8,Cash,2024-07-28 17:48:30,2024,7,July,28,6,Sunday,17,1,Evening,1,0,0,0,Completed,430.0,72.88135593220339,1,1,1,1,1,1,1
2024-10-29,14:24:11,CNR9661795,Incomplete,CID4866196,Bike,Gwal Pahari,Tilak Nagar,8.7,29.6,,,,,1.0,Other Issue,507.0,7.91,,,Cash,2024-10-29 14:24:11,2024,10,October,29,1,Tuesday,14,0,Afternoon,0,0,1,0,Incomplete,0.0,,1,1,0,0,1,1,1
2024-07-26,18:01:55,CNR9664452,Completed,CID9121178,Bike,Hauz Rani,Yamuna Bank,14.8,18.8,,,,,,,226.0,22.91,4.2,4.9,UPI,2024-07-26 18:01:55,2024,7,July,26,4,Friday,18,0,Evening,1,0,0,0,Completed,226.0,9.864687909209952,1,1,1,1,1,1,1
2024-09-03,17:02:40,CNR9664452,Cancelled by Driver,CID7332724,Bike,Gurgaon Railway Station,Manesar,9.9,,,,1.0,More than permitted people in there,,,,,,,,2024-09-03 17:02:40,2024,9,September,3,1,Tuesday,17,0,Evening,0,1,0,0,Driver Cancelled,0.0,,0,0,0,0,0,1,0
2024-02-12,17:45:39,CNR9671362,Cancelled by Driver,CID2734335,Bike,Noida Sector 18,Kaushambi,11.0,,,,1.0,Customer related issue,,,,,,,,2024-02-12 17:45:39,2024,2,February,12,0,Monday,17,0,Evening,0,1,0,0,Driver Cancelled,0.0,,0,0,0,0,0,1,0
2024-05-23,21:35:44,CNR9671362,Completed,CID4863193,Auto,Mehrauli,Tughlakabad,8.8,43.3,,,,,,,667.0,18.78,3.8,4.2,UPI,2024-05-23 21:35:44,2024,5,May,23,3,Thursday,21,0,Late Evening,1,0,0,0,Completed,667.0,35.51650692225772,1,1,1,1,1,1,1
2024-05-28,05:32:06,CNR9673697,Cancelled by Driver,CID1467927,Go Mini,Sohna Road,Pulbangash,6.8,,,,1.0,Personal & Car related issues,,,,,,,,2024-05-28 05:32:06,2024,5,May,28,1,Tuesday,5,0,Night,0,1,0,0,Driver Cancelled,0.0,,0,0,0,0,0,1,0
2024-04-24,12:18:25,CNR9673697,Completed,CID7010329,Auto,Subhash Nagar,Tagore Garden,6.1,35.7,,,,,,,728.0,48.82,4.3,4.8,UPI,2024-04-24 12:18:25,2024,4,April,24,2,Wednesday,12,0,Afternoon,1,0,0,0,Completed,728.0,14.911921343711594,1,1,1,1,1,1,1
2024-11-02,16:29:19,CNR9688746,Cancelled by Customer,CID4713487,Go Sedan,Gwal Pahari,Mehrauli,8.8,,1.0,Wrong Address,,,,,,,,,,2024-11-02 16:29:19,2024,11,November,2,5,Saturday,16,1,Afternoon,0,1,0,0,Customer Cancelled,0.0,,0,0,0,0,0,1,0
2024-02-11,22:20:15,CNR9688746,Completed,CID7108110,Go Sedan,Kadarpur,Laxmi Nagar,10.5,25.3,,,,,,,506.0,44.63,4.7,4.4,Cash,2024-02-11 22:20:15,2024,2,February,11,6,Sunday,22,1,Late Evening,1,0,0,0,Completed,506.0,11.337665247591305,1,1,1,1,1,1,1
2024-04-16,12:23:14,CNR9697244,Completed,CID6486467,Premier Sedan,Central Secretariat,Khan Market,10.3,24.4,,,,,,,802.0,20.13,4.3,4.7,Cash,2024-04-16 12:23:14,2024,4,April,16,1,Tuesday,12,0,Afternoon,1,0,0,0,Completed,802.0,39.84103328365624,1,1,1,1,1,1,1
2024-06-06,19:54:10,CNR9697244,Completed,CID1453153,Go Mini,Ambience Mall,Khan Market,12.9,40.0,,,,,,,253.0,17.47,4.4,4.3,Uber Wallet,2024-06-06 19:54:10,2024,6,June,6,3,Thursday,19,0,Evening,1,0,0,0,Completed,253.0,14.481969089868347,1,1,1,1,1,1,1
2024-03-08,23:15:27,CNR9699017,Completed,CID2385044,Auto,Saidulajab,Palam Vihar,12.3,17.5,,,,,,,331.0,33.12,4.3,4.3,Cash,2024-03-08 23:15:27,2024,3,March,8,4,Friday,23,0,Late Evening,1,0,0,0,Completed,331.0,9.993961352657006,1,1,1,1,1,1,1
2024-12-24,14:36:45,CNR9699017,Completed,CID5326562,Go Sedan,Shastri Nagar,Anand Vihar,11.4,27.4,,,,,,,274.0,28.36,3.0,4.0,UPI,2024-12-24 14:36:45,2024,12,December,24,1,Tuesday,14,0,Afternoon,1,0,0,0,Completed,274.0,9.661495063469676,1,1,1,1,1,1,1
2024-02-09,09:01:01,CNR9702665,Completed,CID5156236,eBike,Greater Noida,Mayur Vihar,9.8,31.1,,,,,,,277.0,34.67,4.3,4.9,UPI,2024-02-09 09:01:01,2024,2,February,9,4,Friday,9,0,Morning,1,0,0,0,Completed,277.0,7.989616383040092,1,1,1,1,1,1,1
2024-08-14,16:19:36,CNR9702665,Completed,CID2944331,Auto,India Gate,Maidan Garhi,7.7,26.5,,,,,,,701.0,39.46,3.8,4.8,Cash,2024-08-14 16:19:36,2024,8,August,14,2,Wednesday,16,0,Afternoon,1,0,0,0,Completed,701.0,17.764825139381653,1,1,1,1,1,1,1
2024-06-18,14:50:03,CNR9706000,Cancelled by Driver,CID1868158,Go Sedan,Gurgaon Railway Station,DLF Phase 3,11.8,,,,1.0,More than permitted people in there,,,,,,,,2024-06-18 14:50:03,2024,6,June,18,1,Tuesday,14,0,Afternoon,0,1,0,0,Driver Cancelled,0.0,,0,0,0,0,0,1,0
2024-06-28,07:46:28,CNR9706000,Cancelled by Driver,CID8843128,Go Sedan,Sarojini Nagar,IGI Airport,9.2,,,,1.0,Customer related issue,,,,,,,,2024-06-28 07:46:28,2024,6,June,28,4,Friday,7,0,Morning,0,1,0,0,Driver Cancelled,0.0,,0,0,0,0,0,1,0
2024-08-01,02:20:25,CNR9707234,Completed,CID6514566,Premier Sedan,Ardee City,Kadarpur,8.6,38.3,,,,,,,268.0,13.69,4.4,4.3,Cash,2024-08-01 02:20:25,2024,8,August,1,3,Thursday,2,0,Night,1,0,0,0,Completed,268.0,19.576333089846603,1,1,1,1,1,1,1
2024-06-09,10:17:56,CNR9707234,Cancelled by Driver,CID8349191,Auto,Tilak Nagar,Karkarduma,6.6,,,,1.0,Personal & Car related issues,,,,,,,,2024-06-09 10:17:56,2024,6,June,9,6,Sunday,10,1,Morning,0,1,0,0,Driver Cancelled,0.0,,0,0,0,0,0,1,0
2024-09-30,06:21:09,CNR9715156,Completed,CID2520475,Auto,IIT Delhi,ITO,6.3,31.3,,,,,,,306.0,24.92,4.3,4.4,UPI,2024-09-30 06:21:09,2024,9,September,30,0,Monday,6,0,Morning,1,0,0,0,Completed,306.0,12.279293739967896,1,1,1,1,1,1,1
2024-09-28,13:53:40,CNR9715156,Completed,CID8154828,eBike,Kashmere Gate ISBT,Rohini,5.3,31.9,,,,,,,615.0,26.69,4.4,3.3,Uber Wallet,2024-09-28 13:53:40,2024,9,September,28,5,Saturday,13,1,Afternoon,1,0,0,0,Completed,615.0,23.042337954289994,1,1,1,1,1,1,1
2024-04-22,07:49:16,CNR9718972,Cancelled by Customer,CID7298084,Bike,Lajpat Nagar,Connaught Place,6.8,,1.0,Change of plans,,,,,,,,,,2024-04-22 07:49:16,2024,4,April,22,0,Monday,7,0,Morning,0,1,0,0,Customer Cancelled,0.0,,0,0,0,0,0,1,0
2024-09-10,18:37:54,CNR9718972,Completed,CID8245039,Auto,Subhash Chowk,Tis Hazari,6.4,36.4,,,,,,,565.0,21.51,4.4,4.2,Cash,2024-09-10 18:37:54,2024,9,September,10,1,Tuesday,18,0,Evening,1,0,0,0,Completed,565.0,26.26685262668526,1,1,1,1,1,1,1
2024-02-23,21:10:51,CNR9723472,Completed,CID6370201,Auto,Sikanderpur,Ashram,7.8,43.1,,,,,,,435.0,11.43,4.9,4.9,Cash,2024-02-23 21:10:51,2024,2,February,23,4,Friday,21,0,Late Evening,1,0,0,0,Completed,435.0,38.05774278215223,1,1,1,1,1,1,1
2024-07-15,17:48:34,CNR9723472,Completed,CID6234971,Auto,Pataudi Chowk,Chandni Chowk,8.4,42.2,,,,,,,741.0,11.03,3.9,4.2,Cash,2024-07-15 17:48:34,2024,7,July,15,0,Monday,17,0,Evening,1,0,0,0,Completed,741.0,67.1804170444243,1,1,1,1,1,1,1
2024-09-15,10:15:12,CNR9745810,Completed,CID1232164,Go Mini,Chhatarpur,Vishwavidyalaya,14.3,34.4,,,,,,,355.0,18.66,4.1,4.8,Uber Wallet,2024-09-15 10:15:12,2024,9,September,15,6,Sunday,10,1,Morning,1,0,0,0,Completed,355.0,19.024651661307608,1,1,1,1,1,1,1
2024-08-03,19:15:27,CNR9745810,Cancelled by Driver,CID8707811,Auto,Khan Market,Chanakyapuri,9.7,,,,1.0,Personal & Car related issues,,,,,,,,2024-08-03 19:15:27,2024,8,August,3,5,Saturday,19,1,Evening,0,1,0,0,Driver Cancelled,0.0,,0,0,0,0,0,1,0
2024-11-26,03:37:09,CNR9758565,Completed,CID2804401,Go Sedan,Ashram,Badarpur,14.4,36.2,,,,,,,483.0,7.24,4.9,4.5,Cash,2024-11-26 03:37:09,2024,11,November,26,1,Tuesday,3,0,Night,1,0,0,0,Completed,483.0,66.71270718232044,1,1,1,1,1,1,1
2024-12-16,15:38:37,CNR9758565,Completed,CID9229355,Bike,Saket A Block,Arjangarh,11.5,45.0,,,,,,,393.0,14.66,4.3,4.5,Cash,2024-12-16 15:38:37,2024,12,December,16,0,Monday,15,0,Afternoon,1,0,0,0,Completed,393.0,26.807639836289223,1,1,1,1,1,1,1
2024-12-06,18:43:14,CNR9767464,Completed,CID1408112,eBike,IFFCO Chowk,Samaypur Badli,9.8,38.8,,,,,,,894.0,49.12,4.6,4.3,Cash,2024-12-06 18:43:14,2024,12,December,6,4,Friday,18,0,Evening,1,0,0,0,Completed,894.0,18.200325732899024,1,1,1,1,1,1,1
2024-04-20,18:59:46,CNR9767464,Completed,CID7960383,Auto,Paschim Vihar,Bhikaji Cama Place,3.4,32.5,,,,,,,307.0,26.35,4.4,4.6,UPI,2024-04-20 18:59:46,2024,4,April,20,5,Saturday,18,1,Evening,1,0,0,0,Completed,307.0,11.650853889943074,1,1,1,1,1,1,1
2024-11-24,20:32:10,CNR9779400,Cancelled by Driver,CID8962804,Premier Sedan,Kalkaji,Rohini West,11.1,,,,1.0,Customer related issue,,,,,,,,2024-11-24 20:32:10,2024,11,November,24,6,Sunday,20,1,Evening,0,1,0,0,Driver Cancelled,0.0,,0,0,0,0,0,1,0
2024-11-07,12:16:43,CNR9779400,Completed,CID3530546,Go Sedan,Yamuna Bank,Kashmere Gate,14.7,21.6,,,,,,,291.0,38.08,4.4,4.2,UPI,2024-11-07 12:16:43,2024,11,November,7,3,Thursday,12,0,Afternoon,1,0,0,0,Completed,291.0,7.641806722689076,1,1,1,1,1,1,1
2024-11-19,14:49:24,CNR9803394,No Driver Found,CID6139458,Auto,Vishwavidyalaya,Ramesh Nagar,,,,,,,,,,,,,,2024-11-19 14:49:24,2024,11,November,19,1,Tuesday,14,0,Afternoon,0,0,0,1,No Driver Found,0.0,,0,0,0,0,0,0,0
2024-06-03,03:47:56,CNR9803394,Completed,CID1984043,Premier Sedan,RK Puram,Sushant Lok,8.5,44.8,,,,,,,511.0,7.49,4.1,4.1,UPI,2024-06-03 03:47:56,2024,6,June,3,0,Monday,3,0,Night,1,0,0,0,Completed,511.0,68.22429906542055,1,1,1,1,1,1,1
2024-10-15,11:06:44,CNR9805215,No Driver Found,CID3166548,Auto,Shivaji Park,IIT Delhi,,,,,,,,,,,,,,2024-10-15 11:06:44,2024,10,October,15,1,Tuesday,11,0,Morning,0,0,0,1,No Driver Found,0.0,,0,0,0,0,0,0,0
2024-08-01,15:51:49,CNR9805215,Cancelled by Driver,CID1366981,Auto,Hauz Rani,Dwarka Mor,11.2,,,,1.0,Customer related issue,,,,,,,,2024-08-01 15:51:49,2024,8,August,1,3,Thursday,15,0,Afternoon,0,1,0,0,Driver Cancelled,0.0,,0,0,0,0,0,1,0
2024-09-09,12:03:42,CNR9807438,Completed,CID9751966,eBike,Chanakyapuri,Punjabi Bagh,6.9,30.9,,,,,,,623.0,41.37,4.7,5.0,Cash,2024-09-09 12:03:42,2024,9,September,9,0,Monday,12,0,Afternoon,1,0,0,0,Completed,623.0,15.05922165820643,1,1,1,1,1,1,1
2024-07-29,16:54:51,CNR9807438,Completed,CID1907518,eBike,ITO,Connaught Place,2.9,29.8,,,,,,,308.0,5.05,4.4,4.9,Cash,2024-07-29 16:54:51,2024,7,July,29,0,Monday,16,0,Afternoon,1,0,0,0,Completed,308.0,60.990099009900995,1,1,1,1,1,1,1
2024-05-24,17:14:17,CNR9814697,Completed,CID3238005,Go Sedan,Sadar Bazar Gurgaon,INA Market,4.6,19.3,,,,,,,379.0,29.03,4.3,4.2,UPI,2024-05-24 17:14:17,2024,5,May,24,4,Friday,17,0,Evening,1,0,0,0,Completed,379.0,13.055459869100929,1,1,1,1,1,1,1
2024-12-02,10:32:28,CNR9814697,Cancelled by Driver,CID7171023,Auto,Vidhan Sabha,Subhash Nagar,6.1,,,,1.0,Customer related issue,,,,,,,,2024-12-02 10:32:28,2024,12,December,2,0,Monday,10,0,Morning,0,1,0,0,Driver Cancelled,0.0,,0,0,0,0,0,1,0
2024-10-16,12:40:57,CNR9818360,Cancelled by Driver,CID7240518,Go Mini,Paharganj,INA Market,3.5,,,,1.0,The customer was coughing/sick,,,,,,,,2024-10-16 12:40:57,2024,10,October,16,2,Wednesday,12,0,Afternoon,0,1,0,0,Driver Cancelled,0.0,,0,0,0,0,0,1,0
2024-07-07,17:35:33,CNR9818360,Completed,CID7260902,Premier Sedan,Golf Course Road,Saket A Block,10.4,20.0,,,,,,,1550.0,16.39,3.4,4.2,Cash,2024-07-07 17:35:33,2024,7,July,7,6,Sunday,17,1,Evening,1,0,0,0,Completed,1550.0,94.5698596705308,1,1,1,1,1,1,1
2024-06-05,08:43:23,CNR9832116,Cancelled by Driver,CID6003218,Bike,Sultanpur,Karol Bagh,10.5,,,,1.0,The customer was coughing/sick,,,,,,,,2024-06-05 08:43:23,2024,6,June,5,2,Wednesday,8,0,Morning,0,1,0,0,Driver Cancelled,0.0,,0,0,0,0,0,1,0
2024-04-09,09:58:29,CNR9832116,Completed,CID8024813,Go Mini,Rohini,Ramesh Nagar,13.1,29.2,,,,,,,233.0,10.52,4.6,4.2,UPI,2024-04-09 09:58:29,2024,4,April,9,1,Tuesday,9,0,Morning,1,0,0,0,Completed,233.0,22.14828897338403,1,1,1,1,1,1,1
2024-11-17,20:20:35,CNR9836113,Completed,CID3912413,Uber XL,Botanical Garden,Ambience Mall,5.1,27.6,,,,,,,652.0,11.12,5.0,3.9,UPI,2024-11-17 20:20:35,2024,11,November,17,6,Sunday,20,1,Evening,1,0,0,0,Completed,652.0,58.63309352517986,1,1,1,1,1,1,1
2024-10-29,18:12:43,CNR9836113,Completed,CID7726135,Auto,Saidulajab,Narsinghpur,13.4,20.6,,,,,,,887.0,47.61,3.2,4.9,Uber Wallet,2024-10-29 18:12:43,2024,10,October,29,1,Tuesday,18,0,Evening,1,0,0,0,Completed,887.0,18.630539802562488,1,1,1,1,1,1,1
2024-02-25,18:41:08,CNR9851711,Completed,CID8168070,Auto,Indraprastha,Kherki Daula Toll,14.8,29.7,,,,,,,754.0,5.04,4.3,4.2,Cash,2024-02-25 18:41:08,2024,2,February,25,6,Sunday,18,1,Evening,1,0,0,0,Completed,754.0,149.6031746031746,1,1,1,1,1,1,1
2024-11-25,11:45:20,CNR9851711,Incomplete,CID6210955,Go Mini,Tilak Nagar,Netaji Subhash Place,5.5,13.0,,,,,1.0,Other Issue,423.0,8.76,,,UPI,2024-11-25 11:45:20,2024,11,November,25,0,Monday,11,0,Morning,0,0,1,0,Incomplete,0.0,,1,1,0,0,1,1,1
2024-11-02,18:57:29,CNR9852511,Cancelled by Driver,CID4833145,Go Mini,Greater Noida,Faridabad Sector 15,8.5,,,,1.0,Personal & Car related issues,,,,,,,,2024-11-02 18:57:29,2024,11,November,2,5,Saturday,18,1,Evening,0,1,0,0,Driver Cancelled,0.0,,0,0,0,0,0,1,0
2024-12-16,15:19:30,CNR9852511,Completed,CID7108772,Bike,Samaypur Badli,India Gate,8.0,15.6,,,,,,,87.0,35.8,4.0,4.5,Cash,2024-12-16 15:19:30,2024,12,December,16,0,Monday,15,0,Afternoon,1,0,0,0,Completed,87.0,2.4301675977653634,1,1,1,1,1,1,1
2024-03-30,22:16:55,CNR9867819,Cancelled by Customer,CID9026790,Premier Sedan,Keshav Puram,Rajiv Nagar,10.2,,1.0,AC is not working,,,,,,,,,,2024-03-30 22:16:55,2024,3,March,30,5,Saturday,22,1,Late Evening,0,1,0,0,Customer Cancelled,0.0,,0,0,0,0,0,1,0
2024-12-27,21:02:43,CNR9867819,Incomplete,CID1327320,Auto,Ardee City,Kherki Daula Toll,2.1,21.2,,,,,1.0,Vehicle Breakdown,215.0,12.04,,,UPI,2024-12-27 21:02:43,2024,12,December,27,4,Friday,21,0,Late Evening,0,0,1,0,Incomplete,0.0,,1,1,0,0,1,1,1
2024-07-10,18:05:41,CNR9872451,Completed,CID5195384,Go Sedan,Bhiwadi,Netaji Subhash Place,4.7,26.8,,,,,,,457.0,7.1,4.2,4.9,UPI,2024-07-10 18:05:41,2024,7,July,10,2,Wednesday,18,0,Evening,1,0,0,0,Completed,457.0,64.36619718309859,1,1,1,1,1,1,1
2024-04-22,14:26:12,CNR9872451,Completed,CID8623803,Bike,Rohini West,Subhash Nagar,9.0,30.9,,,,,,,895.0,30.63,4.6,4.3,UPI,2024-04-22 14:26:12,2024,4,April,22,0,Monday,14,0,Afternoon,1,0,0,0,Completed,895.0,29.21971922951355,1,1,1,1,1,1,1
2024-08-10,06:30:43,CNR9889244,Cancelled by Driver,CID5420696,Premier Sedan,Subhash Chowk,Civil Lines Gurgaon,11.5,,,,1.0,Personal & Car related issues,,,,,,,,2024-08-10 06:30:43,2024,8,August,10,5,Saturday,6,1,Morning,0,1,0,0,Driver Cancelled,0.0,,0,0,0,0,0,1,0
2024-05-08,10:36:33,CNR9889244,Completed,CID9384411,Go Sedan,Connaught Place,Noida Sector 62,3.5,40.2,,,,,,,382.0,40.6,3.7,4.2,Credit Card,2024-05-08 10:36:33,2024,5,May,8,2,Wednesday,10,0,Morning,1,0,0,0,Completed,382.0,9.408866995073891,1,1,1,1,1,1,1
2024-04-22,20:11:19,CNR9892124,Cancelled by Driver,CID3221651,Auto,Jhilmil,Okhla,4.4,,,,1.0,The customer was coughing/sick,,,,,,,,2024-04-22 20:11:19,2024,4,April,22,0,Monday,20,0,Evening,0,1,0,0,Driver Cancelled,0.0,,0,0,0,0,0,1,0
2024-08-30,00:55:22,CNR9892124,Cancelled by Customer,CID8093396,Premier Sedan,Gurgaon Sector 29,New Colony,7.5,,1.0,AC is not working,,,,,,,,,,2024-08-30 00:55:22,2024,8,August,30,4,Friday,0,0,Night,0,1,0,0,Customer Cancelled,0.0,,0,0,0,0,0,1,0
2024-08-07,22:08:18,CNR9893695,Cancelled by Customer,CID7986239,Auto,Cyber Hub,Greater Kailash,15.1,,1.0,Wrong Address,,,,,,,,,,2024-08-07 22:08:18,2024,8,August,7,2,Wednesday,22,0,Late Evening,0,1,0,0,Customer Cancelled,0.0,,0,0,0,0,0,1,0
2024-05-28,09:00:57,CNR9893695,Cancelled by Driver,CID7346963,Bike,Karkarduma,Sushant Lok,4.9,,,,1.0,Customer related issue,,,,,,,,2024-05-28 09:00:57,2024,5,May,28,1,Tuesday,9,0,Morning,0,1,0,0,Driver Cancelled,0.0,,0,0,0,0,0,1,0
2024-12-03,13:43:34,CNR9903421,Completed,CID7078272,Go Sedan,Udyog Vihar,MG Road,7.8,40.9,,,,,,,627.0,18.73,4.4,4.4,Credit Card,2024-12-03 13:43:34,2024,12,December,3,1,Tuesday,13,0,Afternoon,1,0,0,0,Completed,627.0,33.47570742124933,1,1,1,1,1,1,1
2024-02-18,06:48:47,CNR9903421,Completed,CID9775807,Uber XL,Khan Market,Sarojini Nagar,11.2,41.2,,,,,,,1201.0,3.12,4.5,5.0,Cash,2024-02-18 06:48:47,2024,2,February,18,6,Sunday,6,1,Morning,1,0,0,0,Completed,1201.0,384.9358974358974,1,1,1,1,1,1,1
2024-12-09,18:38:06,CNR9904451,Completed,CID6460324,Bike,Faridabad Sector 15,Dwarka Mor,7.5,20.2,,,,,,,330.0,12.49,3.8,4.7,UPI,2024-12-09 18:38:06,2024,12,December,9,0,Monday,18,0,Evening,1,0,0,0,Completed,330.0,26.421136909527622,1,1,1,1,1,1,1
2024-04-21,03:09:56,CNR9904451,Completed,CID5848903,Go Mini,Greater Noida,Ramesh Nagar,2.4,43.6,,,,,,,1242.0,20.02,4.4,4.1,UPI,2024-04-21 03:09:56,2024,4,April,21,6,Sunday,3,1,Night,1,0,0,0,Completed,1242.0,62.03796203796204,1,1,1,1,1,1,1
2024-04-17,20:41:21,CNR9907822,Cancelled by Driver,CID9431294,Go Mini,Tughlakabad,Madipur,8.2,,,,1.0,Customer related issue,,,,,,,,2024-04-17 20:41:21,2024,4,April,17,2,Wednesday,20,0,Evening,0,1,0,0,Driver Cancelled,0.0,,0,0,0,0,0,1,0
2024-04-15,20:16:23,CNR9907822,Completed,CID2105288,Go Mini,Netaji Subhash Place,Saidulajab,13.7,20.9,,,,,,,460.0,13.94,3.8,4.5,Uber Wallet,2024-04-15 20:16:23,2024,4,April,15,0,Monday,20,0,Evening,1,0,0,0,Completed,460.0,32.998565279770446,1,1,1,1,1,1,1
2024-12-06,20:31:21,CNR9907866,Completed,CID6426771,Go Mini,Sohna Road,Gurgaon Sector 56,3.3,39.8,,,,,,,71.0,38.47,4.2,3.1,Cash,2024-12-06 20:31:21,2024,12,December,6,4,Friday,20,0,Evening,1,0,0,0,Completed,71.0,1.8455939693267482,1,1,1,1,1,1,1
2024-03-09,12:37:14,CNR9907866,Cancelled by Customer,CID1959285,Go Mini,Paharganj,Kaushambi,10.1,,1.0,Change of plans,,,,,,,,,,2024-03-09 12:37:14,2024,3,March,9,5,Saturday,12,1,Afternoon,0,1,0,0,Customer Cancelled,0.0,,0,0,0,0,0,1,0
2024-06-30,19:10:19,CNR9908051,Completed,CID8169879,Auto,Kadarpur,Anand Vihar,4.2,30.8,,,,,,,291.0,7.86,4.6,3.7,Uber Wallet,2024-06-30 19:10:19,2024,6,June,30,6,Sunday,19,1,Evening,1,0,0,0,Completed,291.0,37.02290076335878,1,1,1,1,1,1,1
2024-08-24,21:31:59,CNR9908051,Completed,CID1838919,Go Sedan,Kadarpur,Satguru Ram Singh Marg,11.9,36.1,,,,,,,586.0,21.46,3.3,4.6,Credit Card,2024-08-24 21:31:59,2024,8,August,24,5,Saturday,21,1,Late Evening,1,0,0,0,Completed,586.0,27.306616961789373,1,1,1,1,1,1,1
2024-07-21,17:45:27,CNR9914084,Cancelled by Driver,CID3136008,Go Sedan,Nawada,Jama Masjid,3.7,,,,1.0,Customer related issue,,,,,,,,2024-07-21 17:45:27,2024,7,July,21,6,Sunday,17,1,Evening,0,1,0,0,Driver Cancelled,0.0,,0,0,0,0,0,1,0
2024-04-19,08:49:26,CNR9914084,Cancelled by Driver,CID8924506,Auto,Preet Vihar,Raj Nagar Extension,4.2,,,,1.0,Personal & Car related issues,,,,,,,,2024-04-19 08:49:26,2024,4,April,19,4,Friday,8,0,Morning,0,1,0,0,Driver Cancelled,0.0,,0,0,0,0,0,1,0
2024-10-31,00:21:35,CNR9922482,Completed,CID5307888,Go Mini,Welcome,Jor Bagh,11.4,31.8,,,,,,,1056.0,39.59,4.6,4.2,Cash,2024-10-31 00:21:35,2024,10,October,31,3,Thursday,0,0,Night,1,0,0,0,Completed,1056.0,26.673402374336952,1,1,1,1,1,1,1
2024-02-18,20:34:21,CNR9922482,Completed,CID2091601,Auto,Civil Lines Gurgaon,Kashmere Gate,4.6,31.4,,,,,,,1386.0,32.11,4.6,4.8,UPI,2024-02-18 20:34:21,2024,2,February,18,6,Sunday,20,1,Evening,1,0,0,0,Completed,1386.0,43.164123326066644,1,1,1,1,1,1,1
2024-10-26,04:12:57,CNR9925264,Incomplete,CID5477370,Bike,South Extension,IIT Delhi,5.0,26.1,,,,,1.0,Other Issue,783.0,1.49,,,UPI,2024-10-26 04:12:57,2024,10,October,26,5,Saturday,4,1,Night,0,0,1,0,Incomplete,0.0,,1,1,0,0,1,1,1
2024-12-25,12:06:22,CNR9925264,Cancelled by Driver,CID5591539,Auto,Chirag Delhi,IIT Delhi,10.5,,,,1.0,Personal & Car related issues,,,,,,,,2024-12-25 12:06:22,2024,12,December,25,2,Wednesday,12,0,Afternoon,0,1,0,0,Driver Cancelled,0.0,,0,0,0,0,0,1,0
2024-10-17,17:06:23,CNR9928537,Completed,CID7386703,Auto,Dilshad Garden,Raj Nagar Extension,5.3,24.9,,,,,,,518.0,45.21,4.3,4.8,UPI,2024-10-17 17:06:23,2024,10,October,17,3,Thursday,17,0,Evening,1,0,0,0,Completed,518.0,11.457642114576421,1,1,1,1,1,1,1
2024-03-05,07:54:22,CNR9928537,Completed,CID3014242,Bike,Maidan Garhi,Ashram,4.6,35.2,,,,,,,415.0,49.67,3.9,4.9,Cash,2024-03-05 07:54:22,2024,3,March,5,1,Tuesday,7,0,Morning,1,0,0,0,Completed,415.0,8.355143950070465,1,1,1,1,1,1,1
2024-10-28,05:58:05,CNR9933910,Completed,CID1999454,Auto,Ghitorni Village,Govindpuri,9.4,36.6,,,,,,,325.0,39.21,4.3,4.1,Cash,2024-10-28 05:58:05,2024,10,October,28,0,Monday,5,0,Night,1,0,0,0,Completed,325.0,8.288701861769956,1,1,1,1,1,1,1
2024-06-30,08:56:51,CNR9933910,Completed,CID1866415,Go Sedan,Tughlakabad,Ardee City,6.2,39.5,,,,,,,129.0,12.63,4.4,4.4,UPI,2024-06-30 08:56:51,2024,6,June,30,6,Sunday,8,1,Morning,1,0,0,0,Completed,129.0,10.21377672209026,1,1,1,1,1,1,1
2024-02-18,12:52:28,CNR9956394,Completed,CID6226012,Go Mini,Subhash Nagar,Sushant Lok,2.7,38.7,,,,,,,202.0,39.76,4.7,4.4,Cash,2024-02-18 12:52:28,2024,2,February,18,6,Sunday,12,1,Afternoon,1,0,0,0,Completed,202.0,5.080482897384306,1,1,1,1,1,1,1
2024-07-20,17:44:29,CNR9956394,Completed,CID9910367,Go Sedan,Lok Kalyan Marg,Kadarpur,14.3,17.9,,,,,,,270.0,26.26,4.2,4.4,Debit Card,2024-07-20 17:44:29,2024,7,July,20,5,Saturday,17,1,Evening,1,0,0,0,Completed,270.0,10.281797410510281,1,1,1,1,1,1,1
2024-06-14,06:51:34,CNR9962416,Completed,CID3194909,Bike,Mayur Vihar,Connaught Place,7.7,24.5,,,,,,,233.0,45.32,4.1,4.9,Cash,2024-06-14 06:51:34,2024,6,June,14,4,Friday,6,0,Morning,1,0,0,0,Completed,233.0,5.141218005295675,1,1,1,1,1,1,1
2024-05-03,09:04:28,CNR9962416,Cancelled by Driver,CID2321682,Go Sedan,Mayur Vihar,Khan Market,6.2,,,,1.0,Personal & Car related issues,,,,,,,,2024-05-03 09:04:28,2024,5,May,3,4,Friday,9,0,Morning,0,1,0,0,Driver Cancelled,0.0,,0,0,0,0,0,1,0
2024-10-29,10:53:15,CNR9962874,No Driver Found,CID8393862,Go Mini,Greater Noida,Chirag Delhi,,,,,,,,,,,,,,2024-10-29 10:53:15,2024,10,October,29,1,Tuesday,10,0,Morning,0,0,0,1,No Driver Found,0.0,,0,0,0,0,0,0,0
2024-12-10,10:11:30,CNR9962874,Cancelled by Driver,CID9468011,Auto,Narsinghpur,Ardee City,11.0,,,,1.0,Customer related issue,,,,,,,,2024-12-10 10:11:30,2024,12,December,10,1,Tuesday,10,0,Morning,0,1,0,0,Driver Cancelled,0.0,,0,0,0,0,0,1,0
2024-09-11,12:33:46,CNR9971436,Incomplete,CID6082697,Go Mini,Hauz Rani,Connaught Place,9.5,18.8,,,,,1.0,Other Issue,287.0,11.68,,,UPI,2024-09-11 12:33:46,2024,9,September,11,2,Wednesday,12,0,Afternoon,0,0,1,0,Incomplete,0.0,,1,1,0,0,1,1,1
2024-02-01,23:46:39,CNR9971436,No Driver Found,CID8828441,Uber XL,Jhilmil,Ambience Mall,,,,,,,,,,,,,,2024-02-01 23:46:39,2024,2,February,1,3,Thursday,23,0,Late Evening,0,0,0,1,No Driver Found,0.0,,0,0,0,0,0,0,0
2024-01-17,16:44:59,CNR9987527,Completed,CID7979250,Bike,Sadar Bazar Gurgaon,New Delhi Railway Station,9.1,35.9,,,,,,,833.0,29.11,4.2,4.9,Credit Card,2024-01-17 16:44:59,2024,1,January,17,2,Wednesday,16,0,Afternoon,1,0,0,0,Completed,833.0,28.61559601511508,1,1,1,1,1,1,1
2024-03-12,18:20:40,CNR9987527,Completed,CID9362124,Auto,Seelampur,Tagore Garden,2.1,17.5,,,,,,,832.0,19.16,4.1,4.9,UPI,2024-03-12 18:20:40,2024,3,March,12,1,Tuesday,18,0,Evening,1,0,0,0,Completed,832.0,43.42379958246347,1,1,1,1,1,1,1
